Command line invocation:
    /Applications/Xcode.app/Contents/Developer/usr/bin/xcodebuild build -project Merian.xcodeproj -scheme Merian -destination id=B4BCC00D-FE8E-4442-B557-7811345D4FCF

Resolve Package Graph


Resolved source packages:
  PostHog: https://github.com/PostHog/posthog-ios.git @ 3.45.0
  swift-asn1: https://github.com/apple/swift-asn1.git @ 1.5.1
  swift-crypto: https://github.com/apple/swift-crypto.git @ 4.2.0
  GTMAppAuth: https://github.com/google/GTMAppAuth.git @ 4.1.1
  swift-concurrency-extras: https://github.com/pointfreeco/swift-concurrency-extras @ 1.3.2
  GoogleSignIn: https://github.com/google/GoogleSignIn-iOS.git @ 7.1.0
  Supabase: https://github.com/supabase-community/supabase-swift.git @ 2.41.1
  swift-http-types: https://github.com/apple/swift-http-types.git @ 1.5.1
  RiveRuntime: https://github.com/rive-app/rive-ios.git @ 5.16.0
  AppAuth: https://github.com/openid/AppAuth-iOS.git @ 1.7.6
  swift-clocks: https://github.com/pointfreeco/swift-clocks @ 1.0.6
  TelemetryClient: https://github.com/TelemetryDeck/SwiftClient.git @ 1.5.1
  PLCrashReporter: https://github.com/microsoft/plcrashreporter.git @ 1.12.2
  RevenueCat: https://github.com/RevenueCat/purchases-ios.git @ 4.44.2
  xctest-dynamic-overlay: https://github.com/pointfreeco/xctest-dynamic-overlay @ 1.9.0
  GTMSessionFetcher: https://github.com/google/gtm-session-fetcher.git @ 3.5.0

--- xcodebuild: WARNING: Using the first of multiple matching destinations:
{ platform:iOS Simulator, arch:arm64, id:B4BCC00D-FE8E-4442-B557-7811345D4FCF, OS:18.0, name:iPhone 16 }
{ platform:iOS Simulator, arch:x86_64, id:B4BCC00D-FE8E-4442-B557-7811345D4FCF, OS:18.0, name:iPhone 16 }
ComputePackagePrebuildTargetDependencyGraph

Prepare packages

CreateBuildRequest

SendProjectDescription

CreateBuildOperation

ComputeTargetDependencyGraph
note: Building targets in dependency order
note: Target dependency graph (53 targets)
    Target 'Merian' in project 'Merian'
        ➜ Explicit dependency on target 'MerianWatch' in project 'Merian'
        ➜ Explicit dependency on target 'RevenueCat' in project 'RevenueCat'
        ➜ Explicit dependency on target 'PostHog' in project 'PostHog'
        ➜ Explicit dependency on target 'Supabase' in project 'Supabase'
        ➜ Explicit dependency on target 'TelemetryClient' in project 'TelemetryClient'
        ➜ Explicit dependency on target 'RiveRuntime' in project 'RiveRuntime'
        ➜ Explicit dependency on target 'GoogleSignIn' in project 'GoogleSignIn'
    Target 'GoogleSignIn' in project 'GoogleSignIn'
        ➜ Explicit dependency on target 'GoogleSignIn' in project 'GoogleSignIn'
        ➜ Explicit dependency on target 'GoogleSignIn_GoogleSignIn' in project 'GoogleSignIn'
        ➜ Explicit dependency on target 'AppAuth' in project 'AppAuth'
        ➜ Explicit dependency on target 'GTMAppAuth' in project 'GTMAppAuth'
        ➜ Explicit dependency on target 'GTMSessionFetcherCore' in project 'GTMSessionFetcher'
    Target 'GoogleSignIn' in project 'GoogleSignIn'
        ➜ Explicit dependency on target 'GoogleSignIn_GoogleSignIn' in project 'GoogleSignIn'
        ➜ Explicit dependency on target 'AppAuth' in project 'AppAuth'
        ➜ Explicit dependency on target 'GTMAppAuth' in project 'GTMAppAuth'
        ➜ Explicit dependency on target 'GTMSessionFetcherCore' in project 'GTMSessionFetcher'
    Target 'GTMAppAuth' in project 'GTMAppAuth'
        ➜ Explicit dependency on target 'GTMAppAuth' in project 'GTMAppAuth'
        ➜ Explicit dependency on target 'GTMAppAuth_GTMAppAuth' in project 'GTMAppAuth'
        ➜ Explicit dependency on target 'GTMSessionFetcherCore' in project 'GTMSessionFetcher'
        ➜ Explicit dependency on target 'AppAuthCore' in project 'AppAuth'
    Target 'GTMAppAuth' in project 'GTMAppAuth'
        ➜ Explicit dependency on target 'GTMAppAuth_GTMAppAuth' in project 'GTMAppAuth'
        ➜ Explicit dependency on target 'GTMSessionFetcherCore' in project 'GTMSessionFetcher'
        ➜ Explicit dependency on target 'AppAuthCore' in project 'AppAuth'
    Target 'AppAuthCore' in project 'AppAuth'
        ➜ Explicit dependency on target 'AppAuthCore' in project 'AppAuth'
        ➜ Explicit dependency on target 'AppAuth_AppAuthCore' in project 'AppAuth'
    Target 'GTMSessionFetcherCore' in project 'GTMSessionFetcher'
        ➜ Explicit dependency on target 'GTMSessionFetcherCore' in project 'GTMSessionFetcher'
        ➜ Explicit dependency on target 'GTMSessionFetcher_GTMSessionFetcherCore' in project 'GTMSessionFetcher'
    Target 'GTMSessionFetcherCore' in project 'GTMSessionFetcher'
        ➜ Explicit dependency on target 'GTMSessionFetcher_GTMSessionFetcherCore' in project 'GTMSessionFetcher'
    Target 'GTMSessionFetcher_GTMSessionFetcherCore' in project 'GTMSessionFetcher' (no dependencies)
    Target 'GTMAppAuth_GTMAppAuth' in project 'GTMAppAuth' (no dependencies)
    Target 'AppAuth' in project 'AppAuth'
        ➜ Explicit dependency on target 'AppAuth' in project 'AppAuth'
        ➜ Explicit dependency on target 'AppAuth_AppAuth' in project 'AppAuth'
        ➜ Explicit dependency on target 'AppAuthCore' in project 'AppAuth'
    Target 'AppAuth' in project 'AppAuth'
        ➜ Explicit dependency on target 'AppAuth_AppAuth' in project 'AppAuth'
        ➜ Explicit dependency on target 'AppAuthCore' in project 'AppAuth'
    Target 'AppAuthCore' in project 'AppAuth'
        ➜ Explicit dependency on target 'AppAuth_AppAuthCore' in project 'AppAuth'
    Target 'AppAuth_AppAuthCore' in project 'AppAuth' (no dependencies)
    Target 'AppAuth_AppAuth' in project 'AppAuth' (no dependencies)
    Target 'GoogleSignIn_GoogleSignIn' in project 'GoogleSignIn' (no dependencies)
    Target 'RiveRuntime' in project 'RiveRuntime' (no dependencies)
    Target 'TelemetryClient' in project 'TelemetryClient'
        ➜ Explicit dependency on target 'TelemetryClient' in project 'TelemetryClient'
        ➜ Explicit dependency on target 'TelemetryClient_TelemetryClient' in project 'TelemetryClient'
    Target 'TelemetryClient' in project 'TelemetryClient'
        ➜ Explicit dependency on target 'TelemetryClient_TelemetryClient' in project 'TelemetryClient'
    Target 'TelemetryClient_TelemetryClient' in project 'TelemetryClient' (no dependencies)
    Target 'Supabase' in project 'Supabase'
        ➜ Explicit dependency on target 'Supabase' in project 'Supabase'
        ➜ Explicit dependency on target 'Functions' in project 'Supabase'
        ➜ Explicit dependency on target 'PostgREST' in project 'Supabase'
        ➜ Explicit dependency on target 'Auth' in project 'Supabase'
        ➜ Explicit dependency on target 'Realtime' in project 'Supabase'
        ➜ Explicit dependency on target 'Storage' in project 'Supabase'
        ➜ Explicit dependency on target 'Helpers' in project 'Supabase'
        ➜ Explicit dependency on target 'ConcurrencyExtras' in project 'swift-concurrency-extras'
        ➜ Explicit dependency on target 'HTTPTypes' in project 'swift-http-types'
        ➜ Explicit dependency on target 'Clocks' in project 'swift-clocks'
        ➜ Explicit dependency on target 'XCTestDynamicOverlay' in project 'xctest-dynamic-overlay'
        ➜ Explicit dependency on target 'Crypto' in project 'swift-crypto'
        ➜ Explicit dependency on target 'IssueReporting' in project 'xctest-dynamic-overlay'
    Target 'Supabase' in project 'Supabase'
        ➜ Explicit dependency on target 'Helpers' in project 'Supabase'
        ➜ Explicit dependency on target 'Auth' in project 'Supabase'
        ➜ Explicit dependency on target 'Functions' in project 'Supabase'
        ➜ Explicit dependency on target 'PostgREST' in project 'Supabase'
        ➜ Explicit dependency on target 'Realtime' in project 'Supabase'
        ➜ Explicit dependency on target 'Storage' in project 'Supabase'
        ➜ Explicit dependency on target 'ConcurrencyExtras' in project 'swift-concurrency-extras'
        ➜ Explicit dependency on target 'HTTPTypes' in project 'swift-http-types'
        ➜ Explicit dependency on target 'Clocks' in project 'swift-clocks'
        ➜ Explicit dependency on target 'XCTestDynamicOverlay' in project 'xctest-dynamic-overlay'
        ➜ Explicit dependency on target 'Crypto' in project 'swift-crypto'
        ➜ Explicit dependency on target 'IssueReporting' in project 'xctest-dynamic-overlay'
    Target 'Storage' in project 'Supabase'
        ➜ Explicit dependency on target 'Helpers' in project 'Supabase'
        ➜ Explicit dependency on target 'ConcurrencyExtras' in project 'swift-concurrency-extras'
        ➜ Explicit dependency on target 'HTTPTypes' in project 'swift-http-types'
        ➜ Explicit dependency on target 'Clocks' in project 'swift-clocks'
        ➜ Explicit dependency on target 'XCTestDynamicOverlay' in project 'xctest-dynamic-overlay'
    Target 'Realtime' in project 'Supabase'
        ➜ Explicit dependency on target 'Helpers' in project 'Supabase'
        ➜ Explicit dependency on target 'ConcurrencyExtras' in project 'swift-concurrency-extras'
        ➜ Explicit dependency on target 'HTTPTypes' in project 'swift-http-types'
        ➜ Explicit dependency on target 'Clocks' in project 'swift-clocks'
        ➜ Explicit dependency on target 'XCTestDynamicOverlay' in project 'xctest-dynamic-overlay'
        ➜ Explicit dependency on target 'IssueReporting' in project 'xctest-dynamic-overlay'
    Target 'PostgREST' in project 'Supabase'
        ➜ Explicit dependency on target 'Helpers' in project 'Supabase'
        ➜ Explicit dependency on target 'ConcurrencyExtras' in project 'swift-concurrency-extras'
        ➜ Explicit dependency on target 'HTTPTypes' in project 'swift-http-types'
        ➜ Explicit dependency on target 'Clocks' in project 'swift-clocks'
        ➜ Explicit dependency on target 'XCTestDynamicOverlay' in project 'xctest-dynamic-overlay'
    Target 'Functions' in project 'Supabase'
        ➜ Explicit dependency on target 'Helpers' in project 'Supabase'
        ➜ Explicit dependency on target 'ConcurrencyExtras' in project 'swift-concurrency-extras'
        ➜ Explicit dependency on target 'HTTPTypes' in project 'swift-http-types'
        ➜ Explicit dependency on target 'Clocks' in project 'swift-clocks'
        ➜ Explicit dependency on target 'XCTestDynamicOverlay' in project 'xctest-dynamic-overlay'
    Target 'Auth' in project 'Supabase'
        ➜ Explicit dependency on target 'Helpers' in project 'Supabase'
        ➜ Explicit dependency on target 'ConcurrencyExtras' in project 'swift-concurrency-extras'
        ➜ Explicit dependency on target 'HTTPTypes' in project 'swift-http-types'
        ➜ Explicit dependency on target 'Clocks' in project 'swift-clocks'
        ➜ Explicit dependency on target 'XCTestDynamicOverlay' in project 'xctest-dynamic-overlay'
        ➜ Explicit dependency on target 'Crypto' in project 'swift-crypto'
    Target 'Crypto' in project 'swift-crypto'
        ➜ Explicit dependency on target 'Crypto' in project 'swift-crypto'
        ➜ Explicit dependency on target 'swift-crypto_Crypto' in project 'swift-crypto'
    Target 'Crypto' in project 'swift-crypto'
        ➜ Explicit dependency on target 'swift-crypto_Crypto' in project 'swift-crypto'
    Target 'swift-crypto_Crypto' in project 'swift-crypto' (no dependencies)
    Target 'Helpers' in project 'Supabase'
        ➜ Explicit dependency on target 'ConcurrencyExtras' in project 'swift-concurrency-extras'
        ➜ Explicit dependency on target 'HTTPTypes' in project 'swift-http-types'
        ➜ Explicit dependency on target 'Clocks' in project 'swift-clocks'
        ➜ Explicit dependency on target 'XCTestDynamicOverlay' in project 'xctest-dynamic-overlay'
    Target 'XCTestDynamicOverlay' in project 'xctest-dynamic-overlay'
        ➜ Explicit dependency on target 'XCTestDynamicOverlay' in project 'xctest-dynamic-overlay'
        ➜ Explicit dependency on target 'IssueReportingPackageSupport' in project 'xctest-dynamic-overlay'
        ➜ Explicit dependency on target 'IssueReporting' in project 'xctest-dynamic-overlay'
    Target 'XCTestDynamicOverlay' in project 'xctest-dynamic-overlay'
        ➜ Explicit dependency on target 'IssueReportingPackageSupport' in project 'xctest-dynamic-overlay'
        ➜ Explicit dependency on target 'IssueReporting' in project 'xctest-dynamic-overlay'
    Target 'Clocks' in project 'swift-clocks'
        ➜ Explicit dependency on target 'Clocks' in project 'swift-clocks'
        ➜ Explicit dependency on target 'ConcurrencyExtras' in project 'swift-concurrency-extras'
        ➜ Explicit dependency on target 'IssueReporting' in project 'xctest-dynamic-overlay'
    Target 'Clocks' in project 'swift-clocks'
        ➜ Explicit dependency on target 'ConcurrencyExtras' in project 'swift-concurrency-extras'
        ➜ Explicit dependency on target 'IssueReporting' in project 'xctest-dynamic-overlay'
    Target 'IssueReporting' in project 'xctest-dynamic-overlay'
        ➜ Explicit dependency on target 'IssueReporting' in project 'xctest-dynamic-overlay'
        ➜ Explicit dependency on target 'IssueReportingPackageSupport' in project 'xctest-dynamic-overlay'
    Target 'IssueReporting' in project 'xctest-dynamic-overlay'
        ➜ Explicit dependency on target 'IssueReportingPackageSupport' in project 'xctest-dynamic-overlay'
    Target 'IssueReportingPackageSupport' in project 'xctest-dynamic-overlay' (no dependencies)
    Target 'HTTPTypes' in project 'swift-http-types'
        ➜ Explicit dependency on target 'HTTPTypes' in project 'swift-http-types'
    Target 'HTTPTypes' in project 'swift-http-types' (no dependencies)
    Target 'ConcurrencyExtras' in project 'swift-concurrency-extras'
        ➜ Explicit dependency on target 'ConcurrencyExtras' in project 'swift-concurrency-extras'
    Target 'ConcurrencyExtras' in project 'swift-concurrency-extras' (no dependencies)
    Target 'PostHog' in project 'PostHog'
        ➜ Explicit dependency on target 'PostHog' in project 'PostHog'
        ➜ Explicit dependency on target 'PostHog_PostHog' in project 'PostHog'
        ➜ Explicit dependency on target 'phlibwebp' in project 'PostHog'
        ➜ Explicit dependency on target 'CrashReporter' in project 'PLCrashReporter'
    Target 'PostHog' in project 'PostHog'
        ➜ Explicit dependency on target 'PostHog_PostHog' in project 'PostHog'
        ➜ Explicit dependency on target 'phlibwebp' in project 'PostHog'
        ➜ Explicit dependency on target 'CrashReporter' in project 'PLCrashReporter'
    Target 'CrashReporter' in project 'PLCrashReporter'
        ➜ Explicit dependency on target 'CrashReporter' in project 'PLCrashReporter'
        ➜ Explicit dependency on target 'PLCrashReporter_CrashReporter' in project 'PLCrashReporter'
    Target 'CrashReporter' in project 'PLCrashReporter'
        ➜ Explicit dependency on target 'PLCrashReporter_CrashReporter' in project 'PLCrashReporter'
    Target 'PLCrashReporter_CrashReporter' in project 'PLCrashReporter' (no dependencies)
    Target 'phlibwebp' in project 'PostHog' (no dependencies)
    Target 'PostHog_PostHog' in project 'PostHog' (no dependencies)
    Target 'RevenueCat' in project 'RevenueCat'
        ➜ Explicit dependency on target 'RevenueCat' in project 'RevenueCat'
        ➜ Explicit dependency on target 'RevenueCat_RevenueCat' in project 'RevenueCat'
    Target 'RevenueCat' in project 'RevenueCat'
        ➜ Explicit dependency on target 'RevenueCat_RevenueCat' in project 'RevenueCat'
    Target 'RevenueCat_RevenueCat' in project 'RevenueCat' (no dependencies)
    Target 'MerianWatch' in project 'Merian' (no dependencies)

GatherProvisioningInputs

CreateBuildDescription

ExecuteExternalTool /Applications/Xcode.app/Contents/Developer/usr/bin/actool --print-asset-tag-combinations --output-format xml1 /Users/emreerdener/Developer/merian/MerianWatch/Assets.xcassets

ExecuteExternalTool /Applications/Xcode.app/Contents/Developer/Toolchains/XcodeDefault.xctoolchain/usr/bin/swiftc --version

ExecuteExternalTool /Applications/Xcode.app/Contents/Developer/Toolchains/XcodeDefault.xctoolchain/usr/bin/clang -v -E -dM -arch arm64 -isysroot /Applications/Xcode.app/Contents/Developer/Platforms/iPhoneSimulator.platform/Developer/SDKs/iPhoneSimulator26.2.sdk -x c -c /dev/null

ExecuteExternalTool /Applications/Xcode.app/Contents/Developer/Toolchains/XcodeDefault.xctoolchain/usr/bin/clang -v -E -dM -arch arm64 -isysroot /Applications/Xcode.app/Contents/Developer/Platforms/iPhoneSimulator.platform/Developer/SDKs/iPhoneSimulator26.2.sdk -x objective-c -c /dev/null

ExecuteExternalTool /Applications/Xcode.app/Contents/Developer/Toolchains/XcodeDefault.xctoolchain/usr/bin/clang -v -E -dM -isysroot /Applications/Xcode.app/Contents/Developer/Platforms/WatchSimulator.platform/Developer/SDKs/WatchSimulator26.2.sdk -x c -c /dev/null

ExecuteExternalTool /Applications/Xcode.app/Contents/Developer/usr/bin/ibtool --version --output-format xml1

ExecuteExternalTool /Applications/Xcode.app/Contents/Developer/usr/bin/actool --print-asset-tag-combinations --output-format xml1 /Users/emreerdener/Developer/merian/Merian/Assets.xcassets

ExecuteExternalTool /Applications/Xcode.app/Contents/Developer/Toolchains/XcodeDefault.xctoolchain/usr/bin/clang -v -E -dM -isysroot /Applications/Xcode.app/Contents/Developer/Platforms/iPhoneSimulator.platform/Developer/SDKs/iPhoneSimulator26.2.sdk -x c -c /dev/null

ExecuteExternalTool /Applications/Xcode.app/Contents/Developer/Toolchains/XcodeDefault.xctoolchain/usr/bin/ld -version_details

ExecuteExternalTool /Applications/Xcode.app/Contents/Developer/Toolchains/XcodeDefault.xctoolchain/usr/bin/clang -v -E -dM -arch arm64 -isysroot /Applications/Xcode.app/Contents/Developer/Platforms/iPhoneSimulator.platform/Developer/SDKs/iPhoneSimulator26.2.sdk -x c++ -c /dev/null

ReadFileContents /Applications/Xcode.app/Contents/Developer/Toolchains/XcodeDefault.xctoolchain/usr/share/docc/features.json

ExecuteExternalTool /Applications/Xcode.app/Contents/Developer/Toolchains/XcodeDefault.xctoolchain/usr/bin/clang -v -E -dM -arch arm64 -isysroot /Applications/Xcode.app/Contents/Developer/Platforms/iPhoneSimulator.platform/Developer/SDKs/iPhoneSimulator26.2.sdk -x objective-c++ -c /dev/null

ExecuteExternalTool /Applications/Xcode.app/Contents/Developer/Toolchains/XcodeDefault.xctoolchain/usr/bin/clang -v -E -dM -arch arm64 -isysroot /Applications/Xcode.app/Contents/Developer/Platforms/iPhoneSimulator.platform/Developer/SDKs/iPhoneSimulator26.2.sdk -x assembler-with-cpp -c /dev/null

ExecuteExternalTool /Applications/Xcode.app/Contents/Developer/usr/bin/actool --version --output-format xml1

Build description signature: 2fabb232714953a4667a19b1f6204564
Build description path: /Users/emreerdener/Library/Developer/Xcode/DerivedData/Merian-bsmebnfnhwnbdncricvwvveooidw/Build/Intermediates.noindex/XCBuildData/2fabb232714953a4667a19b1f6204564.xcbuilddata
ProcessProductPackaging "" /Users/emreerdener/Library/Developer/Xcode/DerivedData/Merian-bsmebnfnhwnbdncricvwvveooidw/Build/Intermediates.noindex/Merian.build/Debug-watchsimulator/MerianWatch.build/MerianWatch.app-Simulated.xcent (in target 'MerianWatch' from project 'Merian')
    cd /Users/emreerdener/Developer/merian
    
    Entitlements:
    
    {
    "application-identifier" = "LDL96V2WT5.app.merian.Merian.watchkitapp";
}
    
    builtin-productPackagingUtility -entitlements -format xml -o /Users/emreerdener/Library/Developer/Xcode/DerivedData/Merian-bsmebnfnhwnbdncricvwvveooidw/Build/Intermediates.noindex/Merian.build/Debug-watchsimulator/MerianWatch.build/MerianWatch.app-Simulated.xcent

ProcessProductPackagingDER /Users/emreerdener/Library/Developer/Xcode/DerivedData/Merian-bsmebnfnhwnbdncricvwvveooidw/Build/Intermediates.noindex/Merian.build/Debug-watchsimulator/MerianWatch.build/MerianWatch.app-Simulated.xcent /Users/emreerdener/Library/Developer/Xcode/DerivedData/Merian-bsmebnfnhwnbdncricvwvveooidw/Build/Intermediates.noindex/Merian.build/Debug-watchsimulator/MerianWatch.build/MerianWatch.app-Simulated.xcent.der (in target 'MerianWatch' from project 'Merian')
    cd /Users/emreerdener/Developer/merian
    /usr/bin/derq query -f xml -i /Users/emreerdener/Library/Developer/Xcode/DerivedData/Merian-bsmebnfnhwnbdncricvwvveooidw/Build/Intermediates.noindex/Merian.build/Debug-watchsimulator/MerianWatch.build/MerianWatch.app-Simulated.xcent -o /Users/emreerdener/Library/Developer/Xcode/DerivedData/Merian-bsmebnfnhwnbdncricvwvveooidw/Build/Intermediates.noindex/Merian.build/Debug-watchsimulator/MerianWatch.build/MerianWatch.app-Simulated.xcent.der --raw

Ld /Users/emreerdener/Library/Developer/Xcode/DerivedData/Merian-bsmebnfnhwnbdncricvwvveooidw/Build/Intermediates.noindex/Merian.build/Debug-watchsimulator/MerianWatch.build/Objects-normal/arm64/Binary/__preview.dylib normal arm64 (in target 'MerianWatch' from project 'Merian')
    cd /Users/emreerdener/Developer/merian
    /Applications/Xcode.app/Contents/Developer/Toolchains/XcodeDefault.xctoolchain/usr/bin/clang -Xlinker -reproducible -target arm64-apple-watchos10.0-simulator -dynamiclib -isysroot /Applications/Xcode.app/Contents/Developer/Platforms/WatchSimulator.platform/Developer/SDKs/WatchSimulator26.2.sdk -O0 -L/Users/emreerdener/Library/Developer/Xcode/DerivedData/Merian-bsmebnfnhwnbdncricvwvveooidw/Build/Products/Debug-watchsimulator -F/Users/emreerdener/Library/Developer/Xcode/DerivedData/Merian-bsmebnfnhwnbdncricvwvveooidw/Build/Products/Debug-watchsimulator -install_name @rpath/MerianWatch.debug.dylib -dead_strip -rdynamic -Xlinker -no_deduplicate -Xlinker -objc_abi_version -Xlinker 2 -Xlinker -dependency_info -Xlinker /Users/emreerdener/Library/Developer/Xcode/DerivedData/Merian-bsmebnfnhwnbdncricvwvveooidw/Build/Intermediates.noindex/Merian.build/Debug-watchsimulator/MerianWatch.build/Objects-normal/arm64/MerianWatch_dependency_info.dat -Xlinker -sectcreate -Xlinker __TEXT -Xlinker __entitlements -Xlinker /Users/emreerdener/Library/Developer/Xcode/DerivedData/Merian-bsmebnfnhwnbdncricvwvveooidw/Build/Intermediates.noindex/Merian.build/Debug-watchsimulator/MerianWatch.build/MerianWatch.app-Simulated.xcent -Xlinker -sectcreate -Xlinker __TEXT -Xlinker __ents_der -Xlinker /Users/emreerdener/Library/Developer/Xcode/DerivedData/Merian-bsmebnfnhwnbdncricvwvveooidw/Build/Intermediates.noindex/Merian.build/Debug-watchsimulator/MerianWatch.build/MerianWatch.app-Simulated.xcent.der -Xlinker -no_adhoc_codesign -o /Users/emreerdener/Library/Developer/Xcode/DerivedData/Merian-bsmebnfnhwnbdncricvwvveooidw/Build/Intermediates.noindex/Merian.build/Debug-watchsimulator/MerianWatch.build/Objects-normal/arm64/Binary/__preview.dylib

Ld /Users/emreerdener/Library/Developer/Xcode/DerivedData/Merian-bsmebnfnhwnbdncricvwvveooidw/Build/Intermediates.noindex/Merian.build/Debug-watchsimulator/MerianWatch.build/Objects-normal/x86_64/Binary/__preview.dylib normal x86_64 (in target 'MerianWatch' from project 'Merian')
    cd /Users/emreerdener/Developer/merian
    /Applications/Xcode.app/Contents/Developer/Toolchains/XcodeDefault.xctoolchain/usr/bin/clang -Xlinker -reproducible -target x86_64-apple-watchos10.0-simulator -dynamiclib -isysroot /Applications/Xcode.app/Contents/Developer/Platforms/WatchSimulator.platform/Developer/SDKs/WatchSimulator26.2.sdk -O0 -L/Users/emreerdener/Library/Developer/Xcode/DerivedData/Merian-bsmebnfnhwnbdncricvwvveooidw/Build/Products/Debug-watchsimulator -F/Users/emreerdener/Library/Developer/Xcode/DerivedData/Merian-bsmebnfnhwnbdncricvwvveooidw/Build/Products/Debug-watchsimulator -install_name @rpath/MerianWatch.debug.dylib -dead_strip -rdynamic -Xlinker -no_deduplicate -Xlinker -objc_abi_version -Xlinker 2 -Xlinker -dependency_info -Xlinker /Users/emreerdener/Library/Developer/Xcode/DerivedData/Merian-bsmebnfnhwnbdncricvwvveooidw/Build/Intermediates.noindex/Merian.build/Debug-watchsimulator/MerianWatch.build/Objects-normal/x86_64/MerianWatch_dependency_info.dat -Xlinker -sectcreate -Xlinker __TEXT -Xlinker __entitlements -Xlinker /Users/emreerdener/Library/Developer/Xcode/DerivedData/Merian-bsmebnfnhwnbdncricvwvveooidw/Build/Intermediates.noindex/Merian.build/Debug-watchsimulator/MerianWatch.build/MerianWatch.app-Simulated.xcent -Xlinker -sectcreate -Xlinker __TEXT -Xlinker __ents_der -Xlinker /Users/emreerdener/Library/Developer/Xcode/DerivedData/Merian-bsmebnfnhwnbdncricvwvveooidw/Build/Intermediates.noindex/Merian.build/Debug-watchsimulator/MerianWatch.build/MerianWatch.app-Simulated.xcent.der -Xlinker -no_adhoc_codesign -o /Users/emreerdener/Library/Developer/Xcode/DerivedData/Merian-bsmebnfnhwnbdncricvwvveooidw/Build/Intermediates.noindex/Merian.build/Debug-watchsimulator/MerianWatch.build/Objects-normal/x86_64/Binary/__preview.dylib

CreateUniversalBinary /Users/emreerdener/Library/Developer/Xcode/DerivedData/Merian-bsmebnfnhwnbdncricvwvveooidw/Build/Products/Debug-watchsimulator/MerianWatch.app/__preview.dylib normal arm64\ x86_64 (in target 'MerianWatch' from project 'Merian')
    cd /Users/emreerdener/Developer/merian
    /Applications/Xcode.app/Contents/Developer/Toolchains/XcodeDefault.xctoolchain/usr/bin/lipo -create /Users/emreerdener/Library/Developer/Xcode/DerivedData/Merian-bsmebnfnhwnbdncricvwvveooidw/Build/Intermediates.noindex/Merian.build/Debug-watchsimulator/MerianWatch.build/Objects-normal/arm64/Binary/__preview.dylib /Users/emreerdener/Library/Developer/Xcode/DerivedData/Merian-bsmebnfnhwnbdncricvwvveooidw/Build/Intermediates.noindex/Merian.build/Debug-watchsimulator/MerianWatch.build/Objects-normal/x86_64/Binary/__preview.dylib -output /Users/emreerdener/Library/Developer/Xcode/DerivedData/Merian-bsmebnfnhwnbdncricvwvveooidw/Build/Products/Debug-watchsimulator/MerianWatch.app/__preview.dylib

ClangStatCache /Applications/Xcode.app/Contents/Developer/Toolchains/XcodeDefault.xctoolchain/usr/bin/clang-stat-cache /Applications/Xcode.app/Contents/Developer/Platforms/iPhoneSimulator.platform/Developer/SDKs/iPhoneSimulator26.2.sdk /Users/emreerdener/Library/Developer/Xcode/DerivedData/SDKStatCaches.noindex/iphonesimulator26.2-23C57-7d00a8b37fbd7999ea79df8ebc024bf0.sdkstatcache
    cd /Users/emreerdener/Developer/merian/Merian.xcodeproj
    /Applications/Xcode.app/Contents/Developer/Toolchains/XcodeDefault.xctoolchain/usr/bin/clang-stat-cache /Applications/Xcode.app/Contents/Developer/Platforms/iPhoneSimulator.platform/Developer/SDKs/iPhoneSimulator26.2.sdk -o /Users/emreerdener/Library/Developer/Xcode/DerivedData/SDKStatCaches.noindex/iphonesimulator26.2-23C57-7d00a8b37fbd7999ea79df8ebc024bf0.sdkstatcache

ClangStatCache /Applications/Xcode.app/Contents/Developer/Toolchains/XcodeDefault.xctoolchain/usr/bin/clang-stat-cache /Applications/Xcode.app/Contents/Developer/Platforms/WatchSimulator.platform/Developer/SDKs/WatchSimulator26.2.sdk /Users/emreerdener/Library/Developer/Xcode/DerivedData/SDKStatCaches.noindex/watchsimulator26.2-23S303-963ebdd26732d23a23bcca82c2045e26.sdkstatcache
    cd /Users/emreerdener/Developer/merian/Merian.xcodeproj
    /Applications/Xcode.app/Contents/Developer/Toolchains/XcodeDefault.xctoolchain/usr/bin/clang-stat-cache /Applications/Xcode.app/Contents/Developer/Platforms/WatchSimulator.platform/Developer/SDKs/WatchSimulator26.2.sdk -o /Users/emreerdener/Library/Developer/Xcode/DerivedData/SDKStatCaches.noindex/watchsimulator26.2-23S303-963ebdd26732d23a23bcca82c2045e26.sdkstatcache

ProcessInfoPlistFile /Users/emreerdener/Library/Developer/Xcode/DerivedData/Merian-bsmebnfnhwnbdncricvwvveooidw/Build/Products/Debug-iphonesimulator/swift-crypto_Crypto.bundle/Info.plist /Users/emreerdener/Library/Developer/Xcode/DerivedData/Merian-bsmebnfnhwnbdncricvwvveooidw/Build/Intermediates.noindex/swift-crypto.build/Debug-iphonesimulator/swift-crypto_Crypto.build/empty-swift-crypto_Crypto.plist (in target 'swift-crypto_Crypto' from project 'swift-crypto')
    cd /Users/emreerdener/Library/Developer/Xcode/DerivedData/Merian-bsmebnfnhwnbdncricvwvveooidw/SourcePackages/checkouts/swift-crypto
    builtin-infoPlistUtility /Users/emreerdener/Library/Developer/Xcode/DerivedData/Merian-bsmebnfnhwnbdncricvwvveooidw/Build/Intermediates.noindex/swift-crypto.build/Debug-iphonesimulator/swift-crypto_Crypto.build/empty-swift-crypto_Crypto.plist -producttype com.apple.product-type.bundle -expandbuildsettings -format binary -platform iphonesimulator -o /Users/emreerdener/Library/Developer/Xcode/DerivedData/Merian-bsmebnfnhwnbdncricvwvveooidw/Build/Products/Debug-iphonesimulator/swift-crypto_Crypto.bundle/Info.plist

ProcessInfoPlistFile /Users/emreerdener/Library/Developer/Xcode/DerivedData/Merian-bsmebnfnhwnbdncricvwvveooidw/Build/Products/Debug-iphonesimulator/TelemetryClient_TelemetryClient.bundle/Info.plist /Users/emreerdener/Library/Developer/Xcode/DerivedData/Merian-bsmebnfnhwnbdncricvwvveooidw/Build/Intermediates.noindex/TelemetryClient.build/Debug-iphonesimulator/TelemetryClient_TelemetryClient.build/empty-TelemetryClient_TelemetryClient.plist (in target 'TelemetryClient_TelemetryClient' from project 'TelemetryClient')
    cd /Users/emreerdener/Library/Developer/Xcode/DerivedData/Merian-bsmebnfnhwnbdncricvwvveooidw/SourcePackages/checkouts/SwiftClient
    builtin-infoPlistUtility /Users/emreerdener/Library/Developer/Xcode/DerivedData/Merian-bsmebnfnhwnbdncricvwvveooidw/Build/Intermediates.noindex/TelemetryClient.build/Debug-iphonesimulator/TelemetryClient_TelemetryClient.build/empty-TelemetryClient_TelemetryClient.plist -producttype com.apple.product-type.bundle -expandbuildsettings -format binary -platform iphonesimulator -o /Users/emreerdener/Library/Developer/Xcode/DerivedData/Merian-bsmebnfnhwnbdncricvwvveooidw/Build/Products/Debug-iphonesimulator/TelemetryClient_TelemetryClient.bundle/Info.plist

ProcessInfoPlistFile /Users/emreerdener/Library/Developer/Xcode/DerivedData/Merian-bsmebnfnhwnbdncricvwvveooidw/Build/Products/Debug-iphonesimulator/RevenueCat_RevenueCat.bundle/Info.plist /Users/emreerdener/Library/Developer/Xcode/DerivedData/Merian-bsmebnfnhwnbdncricvwvveooidw/Build/Intermediates.noindex/RevenueCat.build/Debug-iphonesimulator/RevenueCat_RevenueCat.build/empty-RevenueCat_RevenueCat.plist (in target 'RevenueCat_RevenueCat' from project 'RevenueCat')
    cd /Users/emreerdener/Library/Developer/Xcode/DerivedData/Merian-bsmebnfnhwnbdncricvwvveooidw/SourcePackages/checkouts/purchases-ios
    builtin-infoPlistUtility /Users/emreerdener/Library/Developer/Xcode/DerivedData/Merian-bsmebnfnhwnbdncricvwvveooidw/Build/Intermediates.noindex/RevenueCat.build/Debug-iphonesimulator/RevenueCat_RevenueCat.build/empty-RevenueCat_RevenueCat.plist -producttype com.apple.product-type.bundle -expandbuildsettings -format binary -platform iphonesimulator -o /Users/emreerdener/Library/Developer/Xcode/DerivedData/Merian-bsmebnfnhwnbdncricvwvveooidw/Build/Products/Debug-iphonesimulator/RevenueCat_RevenueCat.bundle/Info.plist

ProcessInfoPlistFile /Users/emreerdener/Library/Developer/Xcode/DerivedData/Merian-bsmebnfnhwnbdncricvwvveooidw/Build/Products/Debug-iphonesimulator/PostHog_PostHog.bundle/Info.plist /Users/emreerdener/Library/Developer/Xcode/DerivedData/Merian-bsmebnfnhwnbdncricvwvveooidw/Build/Intermediates.noindex/PostHog.build/Debug-iphonesimulator/PostHog_PostHog.build/empty-PostHog_PostHog.plist (in target 'PostHog_PostHog' from project 'PostHog')
    cd /Users/emreerdener/Library/Developer/Xcode/DerivedData/Merian-bsmebnfnhwnbdncricvwvveooidw/SourcePackages/checkouts/posthog-ios
    builtin-infoPlistUtility /Users/emreerdener/Library/Developer/Xcode/DerivedData/Merian-bsmebnfnhwnbdncricvwvveooidw/Build/Intermediates.noindex/PostHog.build/Debug-iphonesimulator/PostHog_PostHog.build/empty-PostHog_PostHog.plist -producttype com.apple.product-type.bundle -expandbuildsettings -format binary -platform iphonesimulator -o /Users/emreerdener/Library/Developer/Xcode/DerivedData/Merian-bsmebnfnhwnbdncricvwvveooidw/Build/Products/Debug-iphonesimulator/PostHog_PostHog.bundle/Info.plist

ProcessInfoPlistFile /Users/emreerdener/Library/Developer/Xcode/DerivedData/Merian-bsmebnfnhwnbdncricvwvveooidw/Build/Products/Debug-iphonesimulator/PLCrashReporter_CrashReporter.bundle/Info.plist /Users/emreerdener/Library/Developer/Xcode/DerivedData/Merian-bsmebnfnhwnbdncricvwvveooidw/Build/Intermediates.noindex/PLCrashReporter.build/Debug-iphonesimulator/PLCrashReporter_CrashReporter.build/empty-PLCrashReporter_CrashReporter.plist (in target 'PLCrashReporter_CrashReporter' from project 'PLCrashReporter')
    cd /Users/emreerdener/Library/Developer/Xcode/DerivedData/Merian-bsmebnfnhwnbdncricvwvveooidw/SourcePackages/checkouts/plcrashreporter
    builtin-infoPlistUtility /Users/emreerdener/Library/Developer/Xcode/DerivedData/Merian-bsmebnfnhwnbdncricvwvveooidw/Build/Intermediates.noindex/PLCrashReporter.build/Debug-iphonesimulator/PLCrashReporter_CrashReporter.build/empty-PLCrashReporter_CrashReporter.plist -producttype com.apple.product-type.bundle -expandbuildsettings -format binary -platform iphonesimulator -o /Users/emreerdener/Library/Developer/Xcode/DerivedData/Merian-bsmebnfnhwnbdncricvwvveooidw/Build/Products/Debug-iphonesimulator/PLCrashReporter_CrashReporter.bundle/Info.plist

CompileAssetCatalogVariant thinned /Users/emreerdener/Library/Developer/Xcode/DerivedData/Merian-bsmebnfnhwnbdncricvwvveooidw/Build/Products/Debug-watchsimulator/MerianWatch.app /Users/emreerdener/Developer/merian/MerianWatch/Assets.xcassets (in target 'MerianWatch' from project 'Merian')
    cd /Users/emreerdener/Developer/merian
    /Applications/Xcode.app/Contents/Developer/usr/bin/actool /Users/emreerdener/Developer/merian/MerianWatch/Assets.xcassets --compile /Users/emreerdener/Library/Developer/Xcode/DerivedData/Merian-bsmebnfnhwnbdncricvwvveooidw/Build/Intermediates.noindex/Merian.build/Debug-watchsimulator/MerianWatch.build/assetcatalog_output/thinned --output-format human-readable-text --notices --warnings --export-dependency-info /Users/emreerdener/Library/Developer/Xcode/DerivedData/Merian-bsmebnfnhwnbdncricvwvveooidw/Build/Intermediates.noindex/Merian.build/Debug-watchsimulator/MerianWatch.build/assetcatalog_dependencies_thinned --output-partial-info-plist /Users/emreerdener/Library/Developer/Xcode/DerivedData/Merian-bsmebnfnhwnbdncricvwvveooidw/Build/Intermediates.noindex/Merian.build/Debug-watchsimulator/MerianWatch.build/assetcatalog_generated_info.plist_thinned --app-icon AppIcon --compress-pngs --enable-on-demand-resources YES --filter-for-thinning-device-configuration iPhone17,3 --filter-for-device-os-version 18.0 --development-region en --target-device watch --minimum-deployment-target 10.0 --platform watchsimulator
/* com.apple.actool.compilation-results */
/Users/emreerdener/Library/Developer/Xcode/DerivedData/Merian-bsmebnfnhwnbdncricvwvveooidw/Build/Intermediates.noindex/Merian.build/Debug-watchsimulator/MerianWatch.build/assetcatalog_generated_info.plist_thinned
/Users/emreerdener/Library/Developer/Xcode/DerivedData/Merian-bsmebnfnhwnbdncricvwvveooidw/Build/Intermediates.noindex/Merian.build/Debug-watchsimulator/MerianWatch.build/assetcatalog_output/thinned/Assets.car


ProcessInfoPlistFile /Users/emreerdener/Library/Developer/Xcode/DerivedData/Merian-bsmebnfnhwnbdncricvwvveooidw/Build/Products/Debug-iphonesimulator/GoogleSignIn_GoogleSignIn.bundle/Info.plist /Users/emreerdener/Library/Developer/Xcode/DerivedData/Merian-bsmebnfnhwnbdncricvwvveooidw/Build/Intermediates.noindex/GoogleSignIn.build/Debug-iphonesimulator/GoogleSignIn_GoogleSignIn.build/empty-GoogleSignIn_GoogleSignIn.plist (in target 'GoogleSignIn_GoogleSignIn' from project 'GoogleSignIn')
    cd /Users/emreerdener/Library/Developer/Xcode/DerivedData/Merian-bsmebnfnhwnbdncricvwvveooidw/SourcePackages/checkouts/GoogleSignIn-iOS
    builtin-infoPlistUtility /Users/emreerdener/Library/Developer/Xcode/DerivedData/Merian-bsmebnfnhwnbdncricvwvveooidw/Build/Intermediates.noindex/GoogleSignIn.build/Debug-iphonesimulator/GoogleSignIn_GoogleSignIn.build/empty-GoogleSignIn_GoogleSignIn.plist -producttype com.apple.product-type.bundle -expandbuildsettings -format binary -platform iphonesimulator -o /Users/emreerdener/Library/Developer/Xcode/DerivedData/Merian-bsmebnfnhwnbdncricvwvveooidw/Build/Products/Debug-iphonesimulator/GoogleSignIn_GoogleSignIn.bundle/Info.plist

ProcessInfoPlistFile /Users/emreerdener/Library/Developer/Xcode/DerivedData/Merian-bsmebnfnhwnbdncricvwvveooidw/Build/Products/Debug-iphonesimulator/GTMSessionFetcher_GTMSessionFetcherCore.bundle/Info.plist /Users/emreerdener/Library/Developer/Xcode/DerivedData/Merian-bsmebnfnhwnbdncricvwvveooidw/Build/Intermediates.noindex/GTMSessionFetcher.build/Debug-iphonesimulator/GTMSessionFetcher_GTMSessionFetcherCore.build/empty-GTMSessionFetcher_GTMSessionFetcherCore.plist (in target 'GTMSessionFetcher_GTMSessionFetcherCore' from project 'GTMSessionFetcher')
    cd /Users/emreerdener/Library/Developer/Xcode/DerivedData/Merian-bsmebnfnhwnbdncricvwvveooidw/SourcePackages/checkouts/gtm-session-fetcher
    builtin-infoPlistUtility /Users/emreerdener/Library/Developer/Xcode/DerivedData/Merian-bsmebnfnhwnbdncricvwvveooidw/Build/Intermediates.noindex/GTMSessionFetcher.build/Debug-iphonesimulator/GTMSessionFetcher_GTMSessionFetcherCore.build/empty-GTMSessionFetcher_GTMSessionFetcherCore.plist -producttype com.apple.product-type.bundle -expandbuildsettings -format binary -platform iphonesimulator -o /Users/emreerdener/Library/Developer/Xcode/DerivedData/Merian-bsmebnfnhwnbdncricvwvveooidw/Build/Products/Debug-iphonesimulator/GTMSessionFetcher_GTMSessionFetcherCore.bundle/Info.plist

ProcessInfoPlistFile /Users/emreerdener/Library/Developer/Xcode/DerivedData/Merian-bsmebnfnhwnbdncricvwvveooidw/Build/Products/Debug-iphonesimulator/GTMAppAuth_GTMAppAuth.bundle/Info.plist /Users/emreerdener/Library/Developer/Xcode/DerivedData/Merian-bsmebnfnhwnbdncricvwvveooidw/Build/Intermediates.noindex/GTMAppAuth.build/Debug-iphonesimulator/GTMAppAuth_GTMAppAuth.build/empty-GTMAppAuth_GTMAppAuth.plist (in target 'GTMAppAuth_GTMAppAuth' from project 'GTMAppAuth')
    cd /Users/emreerdener/Library/Developer/Xcode/DerivedData/Merian-bsmebnfnhwnbdncricvwvveooidw/SourcePackages/checkouts/GTMAppAuth
    builtin-infoPlistUtility /Users/emreerdener/Library/Developer/Xcode/DerivedData/Merian-bsmebnfnhwnbdncricvwvveooidw/Build/Intermediates.noindex/GTMAppAuth.build/Debug-iphonesimulator/GTMAppAuth_GTMAppAuth.build/empty-GTMAppAuth_GTMAppAuth.plist -producttype com.apple.product-type.bundle -expandbuildsettings -format binary -platform iphonesimulator -o /Users/emreerdener/Library/Developer/Xcode/DerivedData/Merian-bsmebnfnhwnbdncricvwvveooidw/Build/Products/Debug-iphonesimulator/GTMAppAuth_GTMAppAuth.bundle/Info.plist

ProcessInfoPlistFile /Users/emreerdener/Library/Developer/Xcode/DerivedData/Merian-bsmebnfnhwnbdncricvwvveooidw/Build/Products/Debug-iphonesimulator/AppAuth_AppAuthCore.bundle/Info.plist /Users/emreerdener/Library/Developer/Xcode/DerivedData/Merian-bsmebnfnhwnbdncricvwvveooidw/Build/Intermediates.noindex/AppAuth.build/Debug-iphonesimulator/AppAuth_AppAuthCore.build/empty-AppAuth_AppAuthCore.plist (in target 'AppAuth_AppAuthCore' from project 'AppAuth')
    cd /Users/emreerdener/Library/Developer/Xcode/DerivedData/Merian-bsmebnfnhwnbdncricvwvveooidw/SourcePackages/checkouts/AppAuth-iOS
    builtin-infoPlistUtility /Users/emreerdener/Library/Developer/Xcode/DerivedData/Merian-bsmebnfnhwnbdncricvwvveooidw/Build/Intermediates.noindex/AppAuth.build/Debug-iphonesimulator/AppAuth_AppAuthCore.build/empty-AppAuth_AppAuthCore.plist -producttype com.apple.product-type.bundle -expandbuildsettings -format binary -platform iphonesimulator -o /Users/emreerdener/Library/Developer/Xcode/DerivedData/Merian-bsmebnfnhwnbdncricvwvveooidw/Build/Products/Debug-iphonesimulator/AppAuth_AppAuthCore.bundle/Info.plist

ProcessInfoPlistFile /Users/emreerdener/Library/Developer/Xcode/DerivedData/Merian-bsmebnfnhwnbdncricvwvveooidw/Build/Products/Debug-iphonesimulator/AppAuth_AppAuth.bundle/Info.plist /Users/emreerdener/Library/Developer/Xcode/DerivedData/Merian-bsmebnfnhwnbdncricvwvveooidw/Build/Intermediates.noindex/AppAuth.build/Debug-iphonesimulator/AppAuth_AppAuth.build/empty-AppAuth_AppAuth.plist (in target 'AppAuth_AppAuth' from project 'AppAuth')
    cd /Users/emreerdener/Library/Developer/Xcode/DerivedData/Merian-bsmebnfnhwnbdncricvwvveooidw/SourcePackages/checkouts/AppAuth-iOS
    builtin-infoPlistUtility /Users/emreerdener/Library/Developer/Xcode/DerivedData/Merian-bsmebnfnhwnbdncricvwvveooidw/Build/Intermediates.noindex/AppAuth.build/Debug-iphonesimulator/AppAuth_AppAuth.build/empty-AppAuth_AppAuth.plist -producttype com.apple.product-type.bundle -expandbuildsettings -format binary -platform iphonesimulator -o /Users/emreerdener/Library/Developer/Xcode/DerivedData/Merian-bsmebnfnhwnbdncricvwvveooidw/Build/Products/Debug-iphonesimulator/AppAuth_AppAuth.bundle/Info.plist

Ld /Users/emreerdener/Library/Developer/Xcode/DerivedData/Merian-bsmebnfnhwnbdncricvwvveooidw/Build/Products/Debug-iphonesimulator/phlibwebp.o normal (in target 'phlibwebp' from project 'PostHog')
    cd /Users/emreerdener/Library/Developer/Xcode/DerivedData/Merian-bsmebnfnhwnbdncricvwvveooidw/SourcePackages/checkouts/posthog-ios
    /Applications/Xcode.app/Contents/Developer/Toolchains/XcodeDefault.xctoolchain/usr/bin/clang -Xlinker -reproducible -target arm64-apple-ios13.0-simulator -r -isysroot /Applications/Xcode.app/Contents/Developer/Platforms/iPhoneSimulator.platform/Developer/SDKs/iPhoneSimulator26.2.sdk -O0 -w -L/Users/emreerdener/Library/Developer/Xcode/DerivedData/Merian-bsmebnfnhwnbdncricvwvveooidw/Build/Intermediates.noindex/EagerLinkingTBDs/Debug-iphonesimulator -L/Users/emreerdener/Library/Developer/Xcode/DerivedData/Merian-bsmebnfnhwnbdncricvwvveooidw/Build/Products/Debug-iphonesimulator -L/Applications/Xcode.app/Contents/Developer/Platforms/iPhoneSimulator.platform/Developer/usr/lib -F/Users/emreerdener/Library/Developer/Xcode/DerivedData/Merian-bsmebnfnhwnbdncricvwvveooidw/Build/Intermediates.noindex/EagerLinkingTBDs/Debug-iphonesimulator -F/Users/emreerdener/Library/Developer/Xcode/DerivedData/Merian-bsmebnfnhwnbdncricvwvveooidw/Build/Products/Debug-iphonesimulator -iframework /Applications/Xcode.app/Contents/Developer/Platforms/iPhoneSimulator.platform/Developer/Library/Frameworks -iframework /Applications/Xcode.app/Contents/Developer/Platforms/iPhoneSimulator.platform/Developer/SDKs/iPhoneSimulator26.2.sdk/Developer/Library/Frameworks -filelist /Users/emreerdener/Library/Developer/Xcode/DerivedData/Merian-bsmebnfnhwnbdncricvwvveooidw/Build/Intermediates.noindex/PostHog.build/Debug-iphonesimulator/phlibwebp.build/Objects-normal/arm64/phlibwebp.LinkFileList -nostdlib -Xlinker -object_path_lto -Xlinker /Users/emreerdener/Library/Developer/Xcode/DerivedData/Merian-bsmebnfnhwnbdncricvwvveooidw/Build/Intermediates.noindex/PostHog.build/Debug-iphonesimulator/phlibwebp.build/Objects-normal/arm64/phlibwebp_lto.o -rdynamic -Xlinker -no_deduplicate -Xlinker -objc_abi_version -Xlinker 2 -Xlinker -dependency_info -Xlinker /Users/emreerdener/Library/Developer/Xcode/DerivedData/Merian-bsmebnfnhwnbdncricvwvveooidw/Build/Intermediates.noindex/PostHog.build/Debug-iphonesimulator/phlibwebp.build/Objects-normal/arm64/phlibwebp_dependency_info.dat -o /Users/emreerdener/Library/Developer/Xcode/DerivedData/Merian-bsmebnfnhwnbdncricvwvveooidw/Build/Products/Debug-iphonesimulator/phlibwebp.o

Ld /Users/emreerdener/Library/Developer/Xcode/DerivedData/Merian-bsmebnfnhwnbdncricvwvveooidw/Build/Intermediates.noindex/Merian.build/Debug-watchsimulator/MerianWatch.build/Objects-normal/arm64/Binary/MerianWatch.debug.dylib normal arm64 (in target 'MerianWatch' from project 'Merian')
    cd /Users/emreerdener/Developer/merian
    /Applications/Xcode.app/Contents/Developer/Toolchains/XcodeDefault.xctoolchain/usr/bin/clang -Xlinker -reproducible -target arm64-apple-watchos10.0-simulator -dynamiclib -isysroot /Applications/Xcode.app/Contents/Developer/Platforms/WatchSimulator.platform/Developer/SDKs/WatchSimulator26.2.sdk -O0 -L/Users/emreerdener/Library/Developer/Xcode/DerivedData/Merian-bsmebnfnhwnbdncricvwvveooidw/Build/Intermediates.noindex/EagerLinkingTBDs/Debug-watchsimulator -L/Users/emreerdener/Library/Developer/Xcode/DerivedData/Merian-bsmebnfnhwnbdncricvwvveooidw/Build/Products/Debug-watchsimulator -F/Users/emreerdener/Library/Developer/Xcode/DerivedData/Merian-bsmebnfnhwnbdncricvwvveooidw/Build/Intermediates.noindex/EagerLinkingTBDs/Debug-watchsimulator -F/Users/emreerdener/Library/Developer/Xcode/DerivedData/Merian-bsmebnfnhwnbdncricvwvveooidw/Build/Products/Debug-watchsimulator -filelist /Users/emreerdener/Library/Developer/Xcode/DerivedData/Merian-bsmebnfnhwnbdncricvwvveooidw/Build/Intermediates.noindex/Merian.build/Debug-watchsimulator/MerianWatch.build/Objects-normal/arm64/MerianWatch.LinkFileList -install_name @rpath/MerianWatch.debug.dylib -Xlinker -rpath -Xlinker /usr/lib/swift -dead_strip -Xlinker -object_path_lto -Xlinker /Users/emreerdener/Library/Developer/Xcode/DerivedData/Merian-bsmebnfnhwnbdncricvwvveooidw/Build/Intermediates.noindex/Merian.build/Debug-watchsimulator/MerianWatch.build/Objects-normal/arm64/MerianWatch_lto.o -rdynamic -Xlinker -no_deduplicate -Xlinker -objc_abi_version -Xlinker 2 -Xlinker -dependency_info -Xlinker /Users/emreerdener/Library/Developer/Xcode/DerivedData/Merian-bsmebnfnhwnbdncricvwvveooidw/Build/Intermediates.noindex/Merian.build/Debug-watchsimulator/MerianWatch.build/Objects-normal/arm64/MerianWatch_dependency_info.dat -fobjc-link-runtime -L/Applications/Xcode.app/Contents/Developer/Toolchains/XcodeDefault.xctoolchain/usr/lib/swift/watchsimulator -L/usr/lib/swift -Xlinker -add_ast_path -Xlinker /Users/emreerdener/Library/Developer/Xcode/DerivedData/Merian-bsmebnfnhwnbdncricvwvveooidw/Build/Intermediates.noindex/Merian.build/Debug-watchsimulator/MerianWatch.build/Objects-normal/arm64/MerianWatch.swiftmodule @/Users/emreerdener/Library/Developer/Xcode/DerivedData/Merian-bsmebnfnhwnbdncricvwvveooidw/Build/Intermediates.noindex/Merian.build/Debug-watchsimulator/MerianWatch.build/Objects-normal/arm64/MerianWatch-linker-args.resp -Xlinker -alias -Xlinker _main -Xlinker ___debug_main_executable_dylib_entry_point -Xlinker -no_adhoc_codesign -o /Users/emreerdener/Library/Developer/Xcode/DerivedData/Merian-bsmebnfnhwnbdncricvwvveooidw/Build/Intermediates.noindex/Merian.build/Debug-watchsimulator/MerianWatch.build/Objects-normal/arm64/Binary/MerianWatch.debug.dylib

Ld /Users/emreerdener/Library/Developer/Xcode/DerivedData/Merian-bsmebnfnhwnbdncricvwvveooidw/Build/Products/Debug-iphonesimulator/IssueReportingPackageSupport.o normal (in target 'IssueReportingPackageSupport' from project 'xctest-dynamic-overlay')
    cd /Users/emreerdener/Library/Developer/Xcode/DerivedData/Merian-bsmebnfnhwnbdncricvwvveooidw/SourcePackages/checkouts/xctest-dynamic-overlay
    /Applications/Xcode.app/Contents/Developer/Toolchains/XcodeDefault.xctoolchain/usr/bin/clang -Xlinker -reproducible -target arm64-apple-ios13.0-simulator -r -isysroot /Applications/Xcode.app/Contents/Developer/Platforms/iPhoneSimulator.platform/Developer/SDKs/iPhoneSimulator26.2.sdk -O0 -w -L/Users/emreerdener/Library/Developer/Xcode/DerivedData/Merian-bsmebnfnhwnbdncricvwvveooidw/Build/Intermediates.noindex/EagerLinkingTBDs/Debug-iphonesimulator -L/Users/emreerdener/Library/Developer/Xcode/DerivedData/Merian-bsmebnfnhwnbdncricvwvveooidw/Build/Products/Debug-iphonesimulator -L/Applications/Xcode.app/Contents/Developer/Platforms/iPhoneSimulator.platform/Developer/usr/lib -F/Users/emreerdener/Library/Developer/Xcode/DerivedData/Merian-bsmebnfnhwnbdncricvwvveooidw/Build/Intermediates.noindex/EagerLinkingTBDs/Debug-iphonesimulator -F/Users/emreerdener/Library/Developer/Xcode/DerivedData/Merian-bsmebnfnhwnbdncricvwvveooidw/Build/Products/Debug-iphonesimulator -iframework /Applications/Xcode.app/Contents/Developer/Platforms/iPhoneSimulator.platform/Developer/Library/Frameworks -iframework /Applications/Xcode.app/Contents/Developer/Platforms/iPhoneSimulator.platform/Developer/SDKs/iPhoneSimulator26.2.sdk/Developer/Library/Frameworks -filelist /Users/emreerdener/Library/Developer/Xcode/DerivedData/Merian-bsmebnfnhwnbdncricvwvveooidw/Build/Intermediates.noindex/xctest-dynamic-overlay.build/Debug-iphonesimulator/IssueReportingPackageSupport.build/Objects-normal/arm64/IssueReportingPackageSupport.LinkFileList -nostdlib -Xlinker -object_path_lto -Xlinker /Users/emreerdener/Library/Developer/Xcode/DerivedData/Merian-bsmebnfnhwnbdncricvwvveooidw/Build/Intermediates.noindex/xctest-dynamic-overlay.build/Debug-iphonesimulator/IssueReportingPackageSupport.build/Objects-normal/arm64/IssueReportingPackageSupport_lto.o -rdynamic -Xlinker -no_deduplicate -Xlinker -objc_abi_version -Xlinker 2 -Xlinker -dependency_info -Xlinker /Users/emreerdener/Library/Developer/Xcode/DerivedData/Merian-bsmebnfnhwnbdncricvwvveooidw/Build/Intermediates.noindex/xctest-dynamic-overlay.build/Debug-iphonesimulator/IssueReportingPackageSupport.build/Objects-normal/arm64/IssueReportingPackageSupport_dependency_info.dat -fobjc-link-runtime -L/Applications/Xcode.app/Contents/Developer/Toolchains/XcodeDefault.xctoolchain/usr/lib/swift/iphonesimulator -L/usr/lib/swift -Xlinker -add_ast_path -Xlinker /Users/emreerdener/Library/Developer/Xcode/DerivedData/Merian-bsmebnfnhwnbdncricvwvveooidw/Build/Intermediates.noindex/xctest-dynamic-overlay.build/Debug-iphonesimulator/IssueReportingPackageSupport.build/Objects-normal/arm64/IssueReportingPackageSupport.swiftmodule @/Users/emreerdener/Library/Developer/Xcode/DerivedData/Merian-bsmebnfnhwnbdncricvwvveooidw/Build/Intermediates.noindex/xctest-dynamic-overlay.build/Debug-iphonesimulator/IssueReportingPackageSupport.build/Objects-normal/arm64/IssueReportingPackageSupport-linker-args.resp -o /Users/emreerdener/Library/Developer/Xcode/DerivedData/Merian-bsmebnfnhwnbdncricvwvveooidw/Build/Products/Debug-iphonesimulator/IssueReportingPackageSupport.o

Ld /Users/emreerdener/Library/Developer/Xcode/DerivedData/Merian-bsmebnfnhwnbdncricvwvveooidw/Build/Products/Debug-iphonesimulator/HTTPTypes.o normal (in target 'HTTPTypes' from project 'swift-http-types')
    cd /Users/emreerdener/Library/Developer/Xcode/DerivedData/Merian-bsmebnfnhwnbdncricvwvveooidw/SourcePackages/checkouts/swift-http-types
    /Applications/Xcode.app/Contents/Developer/Toolchains/XcodeDefault.xctoolchain/usr/bin/clang -Xlinker -reproducible -target arm64-apple-ios12.0-simulator -r -isysroot /Applications/Xcode.app/Contents/Developer/Platforms/iPhoneSimulator.platform/Developer/SDKs/iPhoneSimulator26.2.sdk -O0 -w -L/Users/emreerdener/Library/Developer/Xcode/DerivedData/Merian-bsmebnfnhwnbdncricvwvveooidw/Build/Intermediates.noindex/EagerLinkingTBDs/Debug-iphonesimulator -L/Users/emreerdener/Library/Developer/Xcode/DerivedData/Merian-bsmebnfnhwnbdncricvwvveooidw/Build/Products/Debug-iphonesimulator -L/Applications/Xcode.app/Contents/Developer/Platforms/iPhoneSimulator.platform/Developer/usr/lib -F/Users/emreerdener/Library/Developer/Xcode/DerivedData/Merian-bsmebnfnhwnbdncricvwvveooidw/Build/Intermediates.noindex/EagerLinkingTBDs/Debug-iphonesimulator -F/Users/emreerdener/Library/Developer/Xcode/DerivedData/Merian-bsmebnfnhwnbdncricvwvveooidw/Build/Products/Debug-iphonesimulator -iframework /Applications/Xcode.app/Contents/Developer/Platforms/iPhoneSimulator.platform/Developer/Library/Frameworks -iframework /Applications/Xcode.app/Contents/Developer/Platforms/iPhoneSimulator.platform/Developer/SDKs/iPhoneSimulator26.2.sdk/Developer/Library/Frameworks -filelist /Users/emreerdener/Library/Developer/Xcode/DerivedData/Merian-bsmebnfnhwnbdncricvwvveooidw/Build/Intermediates.noindex/swift-http-types.build/Debug-iphonesimulator/HTTPTypes.build/Objects-normal/arm64/HTTPTypes.LinkFileList -nostdlib -Xlinker -object_path_lto -Xlinker /Users/emreerdener/Library/Developer/Xcode/DerivedData/Merian-bsmebnfnhwnbdncricvwvveooidw/Build/Intermediates.noindex/swift-http-types.build/Debug-iphonesimulator/HTTPTypes.build/Objects-normal/arm64/HTTPTypes_lto.o -rdynamic -Xlinker -no_deduplicate -Xlinker -objc_abi_version -Xlinker 2 -Xlinker -dependency_info -Xlinker /Users/emreerdener/Library/Developer/Xcode/DerivedData/Merian-bsmebnfnhwnbdncricvwvveooidw/Build/Intermediates.noindex/swift-http-types.build/Debug-iphonesimulator/HTTPTypes.build/Objects-normal/arm64/HTTPTypes_dependency_info.dat -fobjc-link-runtime -L/Applications/Xcode.app/Contents/Developer/Toolchains/XcodeDefault.xctoolchain/usr/lib/swift/iphonesimulator -L/usr/lib/swift -Xlinker -add_ast_path -Xlinker /Users/emreerdener/Library/Developer/Xcode/DerivedData/Merian-bsmebnfnhwnbdncricvwvveooidw/Build/Intermediates.noindex/swift-http-types.build/Debug-iphonesimulator/HTTPTypes.build/Objects-normal/arm64/HTTPTypes.swiftmodule @/Users/emreerdener/Library/Developer/Xcode/DerivedData/Merian-bsmebnfnhwnbdncricvwvveooidw/Build/Intermediates.noindex/swift-http-types.build/Debug-iphonesimulator/HTTPTypes.build/Objects-normal/arm64/HTTPTypes-linker-args.resp -o /Users/emreerdener/Library/Developer/Xcode/DerivedData/Merian-bsmebnfnhwnbdncricvwvveooidw/Build/Products/Debug-iphonesimulator/HTTPTypes.o

Ld /Users/emreerdener/Library/Developer/Xcode/DerivedData/Merian-bsmebnfnhwnbdncricvwvveooidw/Build/Products/Debug-iphonesimulator/ConcurrencyExtras.o normal (in target 'ConcurrencyExtras' from project 'swift-concurrency-extras')
    cd /Users/emreerdener/Library/Developer/Xcode/DerivedData/Merian-bsmebnfnhwnbdncricvwvveooidw/SourcePackages/checkouts/swift-concurrency-extras
    /Applications/Xcode.app/Contents/Developer/Toolchains/XcodeDefault.xctoolchain/usr/bin/clang -Xlinker -reproducible -target arm64-apple-ios13.0-simulator -r -isysroot /Applications/Xcode.app/Contents/Developer/Platforms/iPhoneSimulator.platform/Developer/SDKs/iPhoneSimulator26.2.sdk -O0 -w -L/Users/emreerdener/Library/Developer/Xcode/DerivedData/Merian-bsmebnfnhwnbdncricvwvveooidw/Build/Intermediates.noindex/EagerLinkingTBDs/Debug-iphonesimulator -L/Users/emreerdener/Library/Developer/Xcode/DerivedData/Merian-bsmebnfnhwnbdncricvwvveooidw/Build/Products/Debug-iphonesimulator -L/Applications/Xcode.app/Contents/Developer/Platforms/iPhoneSimulator.platform/Developer/usr/lib -F/Users/emreerdener/Library/Developer/Xcode/DerivedData/Merian-bsmebnfnhwnbdncricvwvveooidw/Build/Intermediates.noindex/EagerLinkingTBDs/Debug-iphonesimulator -F/Users/emreerdener/Library/Developer/Xcode/DerivedData/Merian-bsmebnfnhwnbdncricvwvveooidw/Build/Products/Debug-iphonesimulator -iframework /Applications/Xcode.app/Contents/Developer/Platforms/iPhoneSimulator.platform/Developer/Library/Frameworks -iframework /Applications/Xcode.app/Contents/Developer/Platforms/iPhoneSimulator.platform/Developer/SDKs/iPhoneSimulator26.2.sdk/Developer/Library/Frameworks -filelist /Users/emreerdener/Library/Developer/Xcode/DerivedData/Merian-bsmebnfnhwnbdncricvwvveooidw/Build/Intermediates.noindex/swift-concurrency-extras.build/Debug-iphonesimulator/ConcurrencyExtras.build/Objects-normal/arm64/ConcurrencyExtras.LinkFileList -nostdlib -Xlinker -object_path_lto -Xlinker /Users/emreerdener/Library/Developer/Xcode/DerivedData/Merian-bsmebnfnhwnbdncricvwvveooidw/Build/Intermediates.noindex/swift-concurrency-extras.build/Debug-iphonesimulator/ConcurrencyExtras.build/Objects-normal/arm64/ConcurrencyExtras_lto.o -rdynamic -Xlinker -no_deduplicate -Xlinker -objc_abi_version -Xlinker 2 -Xlinker -dependency_info -Xlinker /Users/emreerdener/Library/Developer/Xcode/DerivedData/Merian-bsmebnfnhwnbdncricvwvveooidw/Build/Intermediates.noindex/swift-concurrency-extras.build/Debug-iphonesimulator/ConcurrencyExtras.build/Objects-normal/arm64/ConcurrencyExtras_dependency_info.dat -fobjc-link-runtime -L/Applications/Xcode.app/Contents/Developer/Toolchains/XcodeDefault.xctoolchain/usr/lib/swift/iphonesimulator -L/usr/lib/swift -Xlinker -add_ast_path -Xlinker /Users/emreerdener/Library/Developer/Xcode/DerivedData/Merian-bsmebnfnhwnbdncricvwvveooidw/Build/Intermediates.noindex/swift-concurrency-extras.build/Debug-iphonesimulator/ConcurrencyExtras.build/Objects-normal/arm64/ConcurrencyExtras.swiftmodule @/Users/emreerdener/Library/Developer/Xcode/DerivedData/Merian-bsmebnfnhwnbdncricvwvveooidw/Build/Intermediates.noindex/swift-concurrency-extras.build/Debug-iphonesimulator/ConcurrencyExtras.build/Objects-normal/arm64/ConcurrencyExtras-linker-args.resp -o /Users/emreerdener/Library/Developer/Xcode/DerivedData/Merian-bsmebnfnhwnbdncricvwvveooidw/Build/Products/Debug-iphonesimulator/ConcurrencyExtras.o

Ld /Users/emreerdener/Library/Developer/Xcode/DerivedData/Merian-bsmebnfnhwnbdncricvwvveooidw/Build/Products/Debug-iphonesimulator/RevenueCat.o normal (in target 'RevenueCat' from project 'RevenueCat')
    cd /Users/emreerdener/Library/Developer/Xcode/DerivedData/Merian-bsmebnfnhwnbdncricvwvveooidw/SourcePackages/checkouts/purchases-ios
    /Applications/Xcode.app/Contents/Developer/Toolchains/XcodeDefault.xctoolchain/usr/bin/clang -Xlinker -reproducible -target arm64-apple-ios12.0-simulator -r -isysroot /Applications/Xcode.app/Contents/Developer/Platforms/iPhoneSimulator.platform/Developer/SDKs/iPhoneSimulator26.2.sdk -O0 -w -L/Users/emreerdener/Library/Developer/Xcode/DerivedData/Merian-bsmebnfnhwnbdncricvwvveooidw/Build/Intermediates.noindex/EagerLinkingTBDs/Debug-iphonesimulator -L/Users/emreerdener/Library/Developer/Xcode/DerivedData/Merian-bsmebnfnhwnbdncricvwvveooidw/Build/Products/Debug-iphonesimulator -L/Applications/Xcode.app/Contents/Developer/Platforms/iPhoneSimulator.platform/Developer/usr/lib -F/Users/emreerdener/Library/Developer/Xcode/DerivedData/Merian-bsmebnfnhwnbdncricvwvveooidw/Build/Intermediates.noindex/EagerLinkingTBDs/Debug-iphonesimulator -F/Users/emreerdener/Library/Developer/Xcode/DerivedData/Merian-bsmebnfnhwnbdncricvwvveooidw/Build/Products/Debug-iphonesimulator -iframework /Applications/Xcode.app/Contents/Developer/Platforms/iPhoneSimulator.platform/Developer/Library/Frameworks -iframework /Applications/Xcode.app/Contents/Developer/Platforms/iPhoneSimulator.platform/Developer/SDKs/iPhoneSimulator26.2.sdk/Developer/Library/Frameworks -filelist /Users/emreerdener/Library/Developer/Xcode/DerivedData/Merian-bsmebnfnhwnbdncricvwvveooidw/Build/Intermediates.noindex/RevenueCat.build/Debug-iphonesimulator/RevenueCat.build/Objects-normal/arm64/RevenueCat.LinkFileList -nostdlib -Xlinker -object_path_lto -Xlinker /Users/emreerdener/Library/Developer/Xcode/DerivedData/Merian-bsmebnfnhwnbdncricvwvveooidw/Build/Intermediates.noindex/RevenueCat.build/Debug-iphonesimulator/RevenueCat.build/Objects-normal/arm64/RevenueCat_lto.o -rdynamic -Xlinker -no_deduplicate -Xlinker -objc_abi_version -Xlinker 2 -Xlinker -dependency_info -Xlinker /Users/emreerdener/Library/Developer/Xcode/DerivedData/Merian-bsmebnfnhwnbdncricvwvveooidw/Build/Intermediates.noindex/RevenueCat.build/Debug-iphonesimulator/RevenueCat.build/Objects-normal/arm64/RevenueCat_dependency_info.dat -fobjc-link-runtime -L/Applications/Xcode.app/Contents/Developer/Toolchains/XcodeDefault.xctoolchain/usr/lib/swift/iphonesimulator -L/usr/lib/swift -Xlinker -add_ast_path -Xlinker /Users/emreerdener/Library/Developer/Xcode/DerivedData/Merian-bsmebnfnhwnbdncricvwvveooidw/Build/Intermediates.noindex/RevenueCat.build/Debug-iphonesimulator/RevenueCat.build/Objects-normal/arm64/RevenueCat.swiftmodule @/Users/emreerdener/Library/Developer/Xcode/DerivedData/Merian-bsmebnfnhwnbdncricvwvveooidw/Build/Intermediates.noindex/RevenueCat.build/Debug-iphonesimulator/RevenueCat.build/Objects-normal/arm64/RevenueCat-linker-args.resp -o /Users/emreerdener/Library/Developer/Xcode/DerivedData/Merian-bsmebnfnhwnbdncricvwvveooidw/Build/Products/Debug-iphonesimulator/RevenueCat.o

Ld /Users/emreerdener/Library/Developer/Xcode/DerivedData/Merian-bsmebnfnhwnbdncricvwvveooidw/Build/Products/Debug-iphonesimulator/TelemetryClient.o normal (in target 'TelemetryClient' from project 'TelemetryClient')
    cd /Users/emreerdener/Library/Developer/Xcode/DerivedData/Merian-bsmebnfnhwnbdncricvwvveooidw/SourcePackages/checkouts/SwiftClient
    /Applications/Xcode.app/Contents/Developer/Toolchains/XcodeDefault.xctoolchain/usr/bin/clang -Xlinker -reproducible -target arm64-apple-ios12.0-simulator -r -isysroot /Applications/Xcode.app/Contents/Developer/Platforms/iPhoneSimulator.platform/Developer/SDKs/iPhoneSimulator26.2.sdk -O0 -w -L/Users/emreerdener/Library/Developer/Xcode/DerivedData/Merian-bsmebnfnhwnbdncricvwvveooidw/Build/Intermediates.noindex/EagerLinkingTBDs/Debug-iphonesimulator -L/Users/emreerdener/Library/Developer/Xcode/DerivedData/Merian-bsmebnfnhwnbdncricvwvveooidw/Build/Products/Debug-iphonesimulator -L/Applications/Xcode.app/Contents/Developer/Platforms/iPhoneSimulator.platform/Developer/usr/lib -F/Users/emreerdener/Library/Developer/Xcode/DerivedData/Merian-bsmebnfnhwnbdncricvwvveooidw/Build/Intermediates.noindex/EagerLinkingTBDs/Debug-iphonesimulator -F/Users/emreerdener/Library/Developer/Xcode/DerivedData/Merian-bsmebnfnhwnbdncricvwvveooidw/Build/Products/Debug-iphonesimulator -iframework /Applications/Xcode.app/Contents/Developer/Platforms/iPhoneSimulator.platform/Developer/Library/Frameworks -iframework /Applications/Xcode.app/Contents/Developer/Platforms/iPhoneSimulator.platform/Developer/SDKs/iPhoneSimulator26.2.sdk/Developer/Library/Frameworks -filelist /Users/emreerdener/Library/Developer/Xcode/DerivedData/Merian-bsmebnfnhwnbdncricvwvveooidw/Build/Intermediates.noindex/TelemetryClient.build/Debug-iphonesimulator/TelemetryClient.build/Objects-normal/arm64/TelemetryClient.LinkFileList -nostdlib -Xlinker -object_path_lto -Xlinker /Users/emreerdener/Library/Developer/Xcode/DerivedData/Merian-bsmebnfnhwnbdncricvwvveooidw/Build/Intermediates.noindex/TelemetryClient.build/Debug-iphonesimulator/TelemetryClient.build/Objects-normal/arm64/TelemetryClient_lto.o -rdynamic -Xlinker -no_deduplicate -Xlinker -objc_abi_version -Xlinker 2 -Xlinker -dependency_info -Xlinker /Users/emreerdener/Library/Developer/Xcode/DerivedData/Merian-bsmebnfnhwnbdncricvwvveooidw/Build/Intermediates.noindex/TelemetryClient.build/Debug-iphonesimulator/TelemetryClient.build/Objects-normal/arm64/TelemetryClient_dependency_info.dat -fobjc-link-runtime -L/Applications/Xcode.app/Contents/Developer/Toolchains/XcodeDefault.xctoolchain/usr/lib/swift/iphonesimulator -L/usr/lib/swift -Xlinker -add_ast_path -Xlinker /Users/emreerdener/Library/Developer/Xcode/DerivedData/Merian-bsmebnfnhwnbdncricvwvveooidw/Build/Intermediates.noindex/TelemetryClient.build/Debug-iphonesimulator/TelemetryClient.build/Objects-normal/arm64/TelemetryClient.swiftmodule @/Users/emreerdener/Library/Developer/Xcode/DerivedData/Merian-bsmebnfnhwnbdncricvwvveooidw/Build/Intermediates.noindex/TelemetryClient.build/Debug-iphonesimulator/TelemetryClient.build/Objects-normal/arm64/TelemetryClient-linker-args.resp -o /Users/emreerdener/Library/Developer/Xcode/DerivedData/Merian-bsmebnfnhwnbdncricvwvveooidw/Build/Products/Debug-iphonesimulator/TelemetryClient.o

WriteAuxiliaryFile /Users/emreerdener/Library/Developer/Xcode/DerivedData/Merian-bsmebnfnhwnbdncricvwvveooidw/Build/Intermediates.noindex/Merian.build/Debug-iphonesimulator/Merian.build/Objects-normal/arm64/Merian.SwiftFileList (in target 'Merian' from project 'Merian')
    cd /Users/emreerdener/Developer/merian
    write-file /Users/emreerdener/Library/Developer/Xcode/DerivedData/Merian-bsmebnfnhwnbdncricvwvveooidw/Build/Intermediates.noindex/Merian.build/Debug-iphonesimulator/Merian.build/Objects-normal/arm64/Merian.SwiftFileList

WriteAuxiliaryFile /Users/emreerdener/Library/Developer/Xcode/DerivedData/Merian-bsmebnfnhwnbdncricvwvveooidw/Build/Intermediates.noindex/Merian.build/Debug-iphonesimulator/Merian.build/Objects-normal/arm64/Merian.SwiftConstValuesFileList (in target 'Merian' from project 'Merian')
    cd /Users/emreerdener/Developer/merian
    write-file /Users/emreerdener/Library/Developer/Xcode/DerivedData/Merian-bsmebnfnhwnbdncricvwvveooidw/Build/Intermediates.noindex/Merian.build/Debug-iphonesimulator/Merian.build/Objects-normal/arm64/Merian.SwiftConstValuesFileList

WriteAuxiliaryFile /Users/emreerdener/Library/Developer/Xcode/DerivedData/Merian-bsmebnfnhwnbdncricvwvveooidw/Build/Intermediates.noindex/Merian.build/Debug-iphonesimulator/Merian.build/Objects-normal/arm64/Merian.LinkFileList (in target 'Merian' from project 'Merian')
    cd /Users/emreerdener/Developer/merian
    write-file /Users/emreerdener/Library/Developer/Xcode/DerivedData/Merian-bsmebnfnhwnbdncricvwvveooidw/Build/Intermediates.noindex/Merian.build/Debug-iphonesimulator/Merian.build/Objects-normal/arm64/Merian.LinkFileList

WriteAuxiliaryFile /Users/emreerdener/Library/Developer/Xcode/DerivedData/Merian-bsmebnfnhwnbdncricvwvveooidw/Build/Intermediates.noindex/Merian.build/Debug-iphonesimulator/Merian.build/Objects-normal/arm64/Merian-OutputFileMap.json (in target 'Merian' from project 'Merian')
    cd /Users/emreerdener/Developer/merian
    write-file /Users/emreerdener/Library/Developer/Xcode/DerivedData/Merian-bsmebnfnhwnbdncricvwvveooidw/Build/Intermediates.noindex/Merian.build/Debug-iphonesimulator/Merian.build/Objects-normal/arm64/Merian-OutputFileMap.json

Ld /Users/emreerdener/Library/Developer/Xcode/DerivedData/Merian-bsmebnfnhwnbdncricvwvveooidw/Build/Products/Debug-iphonesimulator/GTMSessionFetcherCore.o normal (in target 'GTMSessionFetcherCore' from project 'GTMSessionFetcher')
    cd /Users/emreerdener/Library/Developer/Xcode/DerivedData/Merian-bsmebnfnhwnbdncricvwvveooidw/SourcePackages/checkouts/gtm-session-fetcher
    /Applications/Xcode.app/Contents/Developer/Toolchains/XcodeDefault.xctoolchain/usr/bin/clang -Xlinker -reproducible -target arm64-apple-ios12.0-simulator -r -isysroot /Applications/Xcode.app/Contents/Developer/Platforms/iPhoneSimulator.platform/Developer/SDKs/iPhoneSimulator26.2.sdk -O0 -w -L/Users/emreerdener/Library/Developer/Xcode/DerivedData/Merian-bsmebnfnhwnbdncricvwvveooidw/Build/Intermediates.noindex/EagerLinkingTBDs/Debug-iphonesimulator -L/Users/emreerdener/Library/Developer/Xcode/DerivedData/Merian-bsmebnfnhwnbdncricvwvveooidw/Build/Products/Debug-iphonesimulator -L/Applications/Xcode.app/Contents/Developer/Platforms/iPhoneSimulator.platform/Developer/usr/lib -F/Users/emreerdener/Library/Developer/Xcode/DerivedData/Merian-bsmebnfnhwnbdncricvwvveooidw/Build/Intermediates.noindex/EagerLinkingTBDs/Debug-iphonesimulator -F/Users/emreerdener/Library/Developer/Xcode/DerivedData/Merian-bsmebnfnhwnbdncricvwvveooidw/Build/Products/Debug-iphonesimulator -iframework /Applications/Xcode.app/Contents/Developer/Platforms/iPhoneSimulator.platform/Developer/Library/Frameworks -iframework /Applications/Xcode.app/Contents/Developer/Platforms/iPhoneSimulator.platform/Developer/SDKs/iPhoneSimulator26.2.sdk/Developer/Library/Frameworks -filelist /Users/emreerdener/Library/Developer/Xcode/DerivedData/Merian-bsmebnfnhwnbdncricvwvveooidw/Build/Intermediates.noindex/GTMSessionFetcher.build/Debug-iphonesimulator/GTMSessionFetcherCore.build/Objects-normal/arm64/GTMSessionFetcherCore.LinkFileList -nostdlib -Xlinker -object_path_lto -Xlinker /Users/emreerdener/Library/Developer/Xcode/DerivedData/Merian-bsmebnfnhwnbdncricvwvveooidw/Build/Intermediates.noindex/GTMSessionFetcher.build/Debug-iphonesimulator/GTMSessionFetcherCore.build/Objects-normal/arm64/GTMSessionFetcherCore_lto.o -rdynamic -Xlinker -no_deduplicate -Xlinker -objc_abi_version -Xlinker 2 -Xlinker -dependency_info -Xlinker /Users/emreerdener/Library/Developer/Xcode/DerivedData/Merian-bsmebnfnhwnbdncricvwvveooidw/Build/Intermediates.noindex/GTMSessionFetcher.build/Debug-iphonesimulator/GTMSessionFetcherCore.build/Objects-normal/arm64/GTMSessionFetcherCore_dependency_info.dat -fobjc-arc -fobjc-link-runtime -o /Users/emreerdener/Library/Developer/Xcode/DerivedData/Merian-bsmebnfnhwnbdncricvwvveooidw/Build/Products/Debug-iphonesimulator/GTMSessionFetcherCore.o

Ld /Users/emreerdener/Library/Developer/Xcode/DerivedData/Merian-bsmebnfnhwnbdncricvwvveooidw/Build/Products/Debug-iphonesimulator/Crypto.o normal (in target 'Crypto' from project 'swift-crypto')
    cd /Users/emreerdener/Library/Developer/Xcode/DerivedData/Merian-bsmebnfnhwnbdncricvwvveooidw/SourcePackages/checkouts/swift-crypto
    /Applications/Xcode.app/Contents/Developer/Toolchains/XcodeDefault.xctoolchain/usr/bin/clang -Xlinker -reproducible -target arm64-apple-ios12.0-simulator -r -isysroot /Applications/Xcode.app/Contents/Developer/Platforms/iPhoneSimulator.platform/Developer/SDKs/iPhoneSimulator26.2.sdk -O0 -w -L/Users/emreerdener/Library/Developer/Xcode/DerivedData/Merian-bsmebnfnhwnbdncricvwvveooidw/Build/Intermediates.noindex/EagerLinkingTBDs/Debug-iphonesimulator -L/Users/emreerdener/Library/Developer/Xcode/DerivedData/Merian-bsmebnfnhwnbdncricvwvveooidw/Build/Products/Debug-iphonesimulator -L/Applications/Xcode.app/Contents/Developer/Platforms/iPhoneSimulator.platform/Developer/usr/lib -F/Users/emreerdener/Library/Developer/Xcode/DerivedData/Merian-bsmebnfnhwnbdncricvwvveooidw/Build/Intermediates.noindex/EagerLinkingTBDs/Debug-iphonesimulator -F/Users/emreerdener/Library/Developer/Xcode/DerivedData/Merian-bsmebnfnhwnbdncricvwvveooidw/Build/Products/Debug-iphonesimulator -iframework /Applications/Xcode.app/Contents/Developer/Platforms/iPhoneSimulator.platform/Developer/Library/Frameworks -iframework /Applications/Xcode.app/Contents/Developer/Platforms/iPhoneSimulator.platform/Developer/SDKs/iPhoneSimulator26.2.sdk/Developer/Library/Frameworks -filelist /Users/emreerdener/Library/Developer/Xcode/DerivedData/Merian-bsmebnfnhwnbdncricvwvveooidw/Build/Intermediates.noindex/swift-crypto.build/Debug-iphonesimulator/Crypto.build/Objects-normal/arm64/Crypto.LinkFileList -nostdlib -Xlinker -object_path_lto -Xlinker /Users/emreerdener/Library/Developer/Xcode/DerivedData/Merian-bsmebnfnhwnbdncricvwvveooidw/Build/Intermediates.noindex/swift-crypto.build/Debug-iphonesimulator/Crypto.build/Objects-normal/arm64/Crypto_lto.o -rdynamic -Xlinker -no_deduplicate -Xlinker -objc_abi_version -Xlinker 2 -Xlinker -dependency_info -Xlinker /Users/emreerdener/Library/Developer/Xcode/DerivedData/Merian-bsmebnfnhwnbdncricvwvveooidw/Build/Intermediates.noindex/swift-crypto.build/Debug-iphonesimulator/Crypto.build/Objects-normal/arm64/Crypto_dependency_info.dat -fobjc-link-runtime -L/Applications/Xcode.app/Contents/Developer/Toolchains/XcodeDefault.xctoolchain/usr/lib/swift/iphonesimulator -L/usr/lib/swift -Xlinker -add_ast_path -Xlinker /Users/emreerdener/Library/Developer/Xcode/DerivedData/Merian-bsmebnfnhwnbdncricvwvveooidw/Build/Intermediates.noindex/swift-crypto.build/Debug-iphonesimulator/Crypto.build/Objects-normal/arm64/Crypto.swiftmodule @/Users/emreerdener/Library/Developer/Xcode/DerivedData/Merian-bsmebnfnhwnbdncricvwvveooidw/Build/Intermediates.noindex/swift-crypto.build/Debug-iphonesimulator/Crypto.build/Objects-normal/arm64/Crypto-linker-args.resp -o /Users/emreerdener/Library/Developer/Xcode/DerivedData/Merian-bsmebnfnhwnbdncricvwvveooidw/Build/Products/Debug-iphonesimulator/Crypto.o

Ld /Users/emreerdener/Library/Developer/Xcode/DerivedData/Merian-bsmebnfnhwnbdncricvwvveooidw/Build/Products/Debug-iphonesimulator/CrashReporter.o normal (in target 'CrashReporter' from project 'PLCrashReporter')
    cd /Users/emreerdener/Library/Developer/Xcode/DerivedData/Merian-bsmebnfnhwnbdncricvwvveooidw/SourcePackages/checkouts/plcrashreporter
    /Applications/Xcode.app/Contents/Developer/Toolchains/XcodeDefault.xctoolchain/usr/bin/clang++ -Xlinker -reproducible -target arm64-apple-ios12.0-simulator -r -isysroot /Applications/Xcode.app/Contents/Developer/Platforms/iPhoneSimulator.platform/Developer/SDKs/iPhoneSimulator26.2.sdk -O0 -w -L/Users/emreerdener/Library/Developer/Xcode/DerivedData/Merian-bsmebnfnhwnbdncricvwvveooidw/Build/Intermediates.noindex/EagerLinkingTBDs/Debug-iphonesimulator -L/Users/emreerdener/Library/Developer/Xcode/DerivedData/Merian-bsmebnfnhwnbdncricvwvveooidw/Build/Products/Debug-iphonesimulator -L/Applications/Xcode.app/Contents/Developer/Platforms/iPhoneSimulator.platform/Developer/usr/lib -F/Users/emreerdener/Library/Developer/Xcode/DerivedData/Merian-bsmebnfnhwnbdncricvwvveooidw/Build/Intermediates.noindex/EagerLinkingTBDs/Debug-iphonesimulator -F/Users/emreerdener/Library/Developer/Xcode/DerivedData/Merian-bsmebnfnhwnbdncricvwvveooidw/Build/Products/Debug-iphonesimulator -iframework /Applications/Xcode.app/Contents/Developer/Platforms/iPhoneSimulator.platform/Developer/Library/Frameworks -iframework /Applications/Xcode.app/Contents/Developer/Platforms/iPhoneSimulator.platform/Developer/SDKs/iPhoneSimulator26.2.sdk/Developer/Library/Frameworks -filelist /Users/emreerdener/Library/Developer/Xcode/DerivedData/Merian-bsmebnfnhwnbdncricvwvveooidw/Build/Intermediates.noindex/PLCrashReporter.build/Debug-iphonesimulator/CrashReporter.build/Objects-normal/arm64/CrashReporter.LinkFileList -nostdlib -Xlinker -object_path_lto -Xlinker /Users/emreerdener/Library/Developer/Xcode/DerivedData/Merian-bsmebnfnhwnbdncricvwvveooidw/Build/Intermediates.noindex/PLCrashReporter.build/Debug-iphonesimulator/CrashReporter.build/Objects-normal/arm64/CrashReporter_lto.o -rdynamic -Xlinker -no_deduplicate -Xlinker -objc_abi_version -Xlinker 2 -Xlinker -dependency_info -Xlinker /Users/emreerdener/Library/Developer/Xcode/DerivedData/Merian-bsmebnfnhwnbdncricvwvveooidw/Build/Intermediates.noindex/PLCrashReporter.build/Debug-iphonesimulator/CrashReporter.build/Objects-normal/arm64/CrashReporter_dependency_info.dat -fobjc-arc -fobjc-link-runtime -o /Users/emreerdener/Library/Developer/Xcode/DerivedData/Merian-bsmebnfnhwnbdncricvwvveooidw/Build/Products/Debug-iphonesimulator/CrashReporter.o

Ld /Users/emreerdener/Library/Developer/Xcode/DerivedData/Merian-bsmebnfnhwnbdncricvwvveooidw/Build/Products/Debug-iphonesimulator/AppAuthCore.o normal (in target 'AppAuthCore' from project 'AppAuth')
    cd /Users/emreerdener/Library/Developer/Xcode/DerivedData/Merian-bsmebnfnhwnbdncricvwvveooidw/SourcePackages/checkouts/AppAuth-iOS
    /Applications/Xcode.app/Contents/Developer/Toolchains/XcodeDefault.xctoolchain/usr/bin/clang -Xlinker -reproducible -target arm64-apple-ios12.0-simulator -r -isysroot /Applications/Xcode.app/Contents/Developer/Platforms/iPhoneSimulator.platform/Developer/SDKs/iPhoneSimulator26.2.sdk -O0 -w -L/Users/emreerdener/Library/Developer/Xcode/DerivedData/Merian-bsmebnfnhwnbdncricvwvveooidw/Build/Intermediates.noindex/EagerLinkingTBDs/Debug-iphonesimulator -L/Users/emreerdener/Library/Developer/Xcode/DerivedData/Merian-bsmebnfnhwnbdncricvwvveooidw/Build/Products/Debug-iphonesimulator -L/Applications/Xcode.app/Contents/Developer/Platforms/iPhoneSimulator.platform/Developer/usr/lib -F/Users/emreerdener/Library/Developer/Xcode/DerivedData/Merian-bsmebnfnhwnbdncricvwvveooidw/Build/Intermediates.noindex/EagerLinkingTBDs/Debug-iphonesimulator -F/Users/emreerdener/Library/Developer/Xcode/DerivedData/Merian-bsmebnfnhwnbdncricvwvveooidw/Build/Products/Debug-iphonesimulator -iframework /Applications/Xcode.app/Contents/Developer/Platforms/iPhoneSimulator.platform/Developer/Library/Frameworks -iframework /Applications/Xcode.app/Contents/Developer/Platforms/iPhoneSimulator.platform/Developer/SDKs/iPhoneSimulator26.2.sdk/Developer/Library/Frameworks -filelist /Users/emreerdener/Library/Developer/Xcode/DerivedData/Merian-bsmebnfnhwnbdncricvwvveooidw/Build/Intermediates.noindex/AppAuth.build/Debug-iphonesimulator/AppAuthCore.build/Objects-normal/arm64/AppAuthCore.LinkFileList -nostdlib -Xlinker -object_path_lto -Xlinker /Users/emreerdener/Library/Developer/Xcode/DerivedData/Merian-bsmebnfnhwnbdncricvwvveooidw/Build/Intermediates.noindex/AppAuth.build/Debug-iphonesimulator/AppAuthCore.build/Objects-normal/arm64/AppAuthCore_lto.o -rdynamic -Xlinker -no_deduplicate -Xlinker -objc_abi_version -Xlinker 2 -Xlinker -dependency_info -Xlinker /Users/emreerdener/Library/Developer/Xcode/DerivedData/Merian-bsmebnfnhwnbdncricvwvveooidw/Build/Intermediates.noindex/AppAuth.build/Debug-iphonesimulator/AppAuthCore.build/Objects-normal/arm64/AppAuthCore_dependency_info.dat -fobjc-arc -fobjc-link-runtime -o /Users/emreerdener/Library/Developer/Xcode/DerivedData/Merian-bsmebnfnhwnbdncricvwvveooidw/Build/Products/Debug-iphonesimulator/AppAuthCore.o

ProcessProductPackaging /Users/emreerdener/Developer/merian/Merian/Configuration/Merian.entitlements /Users/emreerdener/Library/Developer/Xcode/DerivedData/Merian-bsmebnfnhwnbdncricvwvveooidw/Build/Intermediates.noindex/Merian.build/Debug-iphonesimulator/Merian.build/Merian.app.xcent (in target 'Merian' from project 'Merian')
    cd /Users/emreerdener/Developer/merian
    
    Entitlements:
    
    {
}
    
    builtin-productPackagingUtility /Users/emreerdener/Developer/merian/Merian/Configuration/Merian.entitlements -entitlements -format xml -o /Users/emreerdener/Library/Developer/Xcode/DerivedData/Merian-bsmebnfnhwnbdncricvwvveooidw/Build/Intermediates.noindex/Merian.build/Debug-iphonesimulator/Merian.build/Merian.app.xcent

ProcessProductPackaging /Users/emreerdener/Developer/merian/Merian/Configuration/Merian.entitlements /Users/emreerdener/Library/Developer/Xcode/DerivedData/Merian-bsmebnfnhwnbdncricvwvveooidw/Build/Intermediates.noindex/Merian.build/Debug-iphonesimulator/Merian.build/Merian.app-Simulated.xcent (in target 'Merian' from project 'Merian')
    cd /Users/emreerdener/Developer/merian
    
    Entitlements:
    
    {
    "application-identifier" = "LDL96V2WT5.app.merian.Merian";
    "com.apple.developer.applesignin" =     (
        Default
    );
}
    
    builtin-productPackagingUtility /Users/emreerdener/Developer/merian/Merian/Configuration/Merian.entitlements -entitlements -format xml -o /Users/emreerdener/Library/Developer/Xcode/DerivedData/Merian-bsmebnfnhwnbdncricvwvveooidw/Build/Intermediates.noindex/Merian.build/Debug-iphonesimulator/Merian.build/Merian.app-Simulated.xcent

ProcessProductPackagingDER /Users/emreerdener/Library/Developer/Xcode/DerivedData/Merian-bsmebnfnhwnbdncricvwvveooidw/Build/Intermediates.noindex/Merian.build/Debug-iphonesimulator/Merian.build/Merian.app.xcent /Users/emreerdener/Library/Developer/Xcode/DerivedData/Merian-bsmebnfnhwnbdncricvwvveooidw/Build/Intermediates.noindex/Merian.build/Debug-iphonesimulator/Merian.build/Merian.app.xcent.der (in target 'Merian' from project 'Merian')
    cd /Users/emreerdener/Developer/merian
    /usr/bin/derq query -f xml -i /Users/emreerdener/Library/Developer/Xcode/DerivedData/Merian-bsmebnfnhwnbdncricvwvveooidw/Build/Intermediates.noindex/Merian.build/Debug-iphonesimulator/Merian.build/Merian.app.xcent -o /Users/emreerdener/Library/Developer/Xcode/DerivedData/Merian-bsmebnfnhwnbdncricvwvveooidw/Build/Intermediates.noindex/Merian.build/Debug-iphonesimulator/Merian.build/Merian.app.xcent.der --raw

ExtractAppIntentsMetadata (in target 'IssueReportingPackageSupport' from project 'xctest-dynamic-overlay')
    cd /Users/emreerdener/Library/Developer/Xcode/DerivedData/Merian-bsmebnfnhwnbdncricvwvveooidw/SourcePackages/checkouts/xctest-dynamic-overlay
    /Applications/Xcode.app/Contents/Developer/Toolchains/XcodeDefault.xctoolchain/usr/bin/appintentsmetadataprocessor --toolchain-dir /Applications/Xcode.app/Contents/Developer/Toolchains/XcodeDefault.xctoolchain --module-name IssueReportingPackageSupport --sdk-root /Applications/Xcode.app/Contents/Developer/Platforms/iPhoneSimulator.platform/Developer/SDKs/iPhoneSimulator26.2.sdk --xcode-version 17C529 --platform-family iOS --deployment-target 13.0 --bundle-identifier xctest-dynamic-overlay.IssueReportingPackageSupport --output /Users/emreerdener/Library/Developer/Xcode/DerivedData/Merian-bsmebnfnhwnbdncricvwvveooidw/Build/Products/Debug-iphonesimulator/IssueReportingPackageSupport.appintents --target-triple arm64-apple-ios13.0-simulator --binary-file /Users/emreerdener/Library/Developer/Xcode/DerivedData/Merian-bsmebnfnhwnbdncricvwvveooidw/Build/Products/Debug-iphonesimulator/IssueReportingPackageSupport.o --dependency-file /Users/emreerdener/Library/Developer/Xcode/DerivedData/Merian-bsmebnfnhwnbdncricvwvveooidw/Build/Intermediates.noindex/xctest-dynamic-overlay.build/Debug-iphonesimulator/IssueReportingPackageSupport.build/Objects-normal/arm64/IssueReportingPackageSupport_dependency_info.dat --stringsdata-file /Users/emreerdener/Library/Developer/Xcode/DerivedData/Merian-bsmebnfnhwnbdncricvwvveooidw/Build/Intermediates.noindex/xctest-dynamic-overlay.build/Debug-iphonesimulator/IssueReportingPackageSupport.build/Objects-normal/arm64/ExtractedAppShortcutsMetadata.stringsdata --source-file-list /Users/emreerdener/Library/Developer/Xcode/DerivedData/Merian-bsmebnfnhwnbdncricvwvveooidw/Build/Intermediates.noindex/xctest-dynamic-overlay.build/Debug-iphonesimulator/IssueReportingPackageSupport.build/Objects-normal/arm64/IssueReportingPackageSupport.SwiftFileList --metadata-file-list /Users/emreerdener/Library/Developer/Xcode/DerivedData/Merian-bsmebnfnhwnbdncricvwvveooidw/Build/Intermediates.noindex/xctest-dynamic-overlay.build/Debug-iphonesimulator/IssueReportingPackageSupport.build/IssueReportingPackageSupport.DependencyMetadataFileList --static-metadata-file-list /Users/emreerdener/Library/Developer/Xcode/DerivedData/Merian-bsmebnfnhwnbdncricvwvveooidw/Build/Intermediates.noindex/xctest-dynamic-overlay.build/Debug-iphonesimulator/IssueReportingPackageSupport.build/IssueReportingPackageSupport.DependencyStaticMetadataFileList --swift-const-vals-list /Users/emreerdener/Library/Developer/Xcode/DerivedData/Merian-bsmebnfnhwnbdncricvwvveooidw/Build/Intermediates.noindex/xctest-dynamic-overlay.build/Debug-iphonesimulator/IssueReportingPackageSupport.build/Objects-normal/arm64/IssueReportingPackageSupport.SwiftConstValuesFileList --force --compile-time-extraction --deployment-aware-processing --validate-assistant-intents --no-app-shortcuts-localization
2026-03-10 18:12:20.591 appintentsmetadataprocessor[9851:18724854] Starting appintentsmetadataprocessor export
2026-03-10 18:12:20.848 appintentsmetadataprocessor[9851:18724854] Extracted no relevant App Intents symbols, skipping writing output

ProcessProductPackagingDER /Users/emreerdener/Library/Developer/Xcode/DerivedData/Merian-bsmebnfnhwnbdncricvwvveooidw/Build/Intermediates.noindex/Merian.build/Debug-iphonesimulator/Merian.build/Merian.app-Simulated.xcent /Users/emreerdener/Library/Developer/Xcode/DerivedData/Merian-bsmebnfnhwnbdncricvwvveooidw/Build/Intermediates.noindex/Merian.build/Debug-iphonesimulator/Merian.build/Merian.app-Simulated.xcent.der (in target 'Merian' from project 'Merian')
    cd /Users/emreerdener/Developer/merian
    /usr/bin/derq query -f xml -i /Users/emreerdener/Library/Developer/Xcode/DerivedData/Merian-bsmebnfnhwnbdncricvwvveooidw/Build/Intermediates.noindex/Merian.build/Debug-iphonesimulator/Merian.build/Merian.app-Simulated.xcent -o /Users/emreerdener/Library/Developer/Xcode/DerivedData/Merian-bsmebnfnhwnbdncricvwvveooidw/Build/Intermediates.noindex/Merian.build/Debug-iphonesimulator/Merian.build/Merian.app-Simulated.xcent.der --raw

ExtractAppIntentsMetadata (in target 'HTTPTypes' from project 'swift-http-types')
    cd /Users/emreerdener/Library/Developer/Xcode/DerivedData/Merian-bsmebnfnhwnbdncricvwvveooidw/SourcePackages/checkouts/swift-http-types
    /Applications/Xcode.app/Contents/Developer/Toolchains/XcodeDefault.xctoolchain/usr/bin/appintentsmetadataprocessor --toolchain-dir /Applications/Xcode.app/Contents/Developer/Toolchains/XcodeDefault.xctoolchain --module-name HTTPTypes --sdk-root /Applications/Xcode.app/Contents/Developer/Platforms/iPhoneSimulator.platform/Developer/SDKs/iPhoneSimulator26.2.sdk --xcode-version 17C529 --platform-family iOS --deployment-target 12.0 --bundle-identifier swift-http-types.HTTPTypes --output /Users/emreerdener/Library/Developer/Xcode/DerivedData/Merian-bsmebnfnhwnbdncricvwvveooidw/Build/Products/Debug-iphonesimulator/HTTPTypes.appintents --target-triple arm64-apple-ios12.0-simulator --binary-file /Users/emreerdener/Library/Developer/Xcode/DerivedData/Merian-bsmebnfnhwnbdncricvwvveooidw/Build/Products/Debug-iphonesimulator/HTTPTypes.o --dependency-file /Users/emreerdener/Library/Developer/Xcode/DerivedData/Merian-bsmebnfnhwnbdncricvwvveooidw/Build/Intermediates.noindex/swift-http-types.build/Debug-iphonesimulator/HTTPTypes.build/Objects-normal/arm64/HTTPTypes_dependency_info.dat --stringsdata-file /Users/emreerdener/Library/Developer/Xcode/DerivedData/Merian-bsmebnfnhwnbdncricvwvveooidw/Build/Intermediates.noindex/swift-http-types.build/Debug-iphonesimulator/HTTPTypes.build/Objects-normal/arm64/ExtractedAppShortcutsMetadata.stringsdata --source-file-list /Users/emreerdener/Library/Developer/Xcode/DerivedData/Merian-bsmebnfnhwnbdncricvwvveooidw/Build/Intermediates.noindex/swift-http-types.build/Debug-iphonesimulator/HTTPTypes.build/Objects-normal/arm64/HTTPTypes.SwiftFileList --metadata-file-list /Users/emreerdener/Library/Developer/Xcode/DerivedData/Merian-bsmebnfnhwnbdncricvwvveooidw/Build/Intermediates.noindex/swift-http-types.build/Debug-iphonesimulator/HTTPTypes.build/HTTPTypes.DependencyMetadataFileList --static-metadata-file-list /Users/emreerdener/Library/Developer/Xcode/DerivedData/Merian-bsmebnfnhwnbdncricvwvveooidw/Build/Intermediates.noindex/swift-http-types.build/Debug-iphonesimulator/HTTPTypes.build/HTTPTypes.DependencyStaticMetadataFileList --swift-const-vals-list /Users/emreerdener/Library/Developer/Xcode/DerivedData/Merian-bsmebnfnhwnbdncricvwvveooidw/Build/Intermediates.noindex/swift-http-types.build/Debug-iphonesimulator/HTTPTypes.build/Objects-normal/arm64/HTTPTypes.SwiftConstValuesFileList --force --compile-time-extraction --deployment-aware-processing --validate-assistant-intents --no-app-shortcuts-localization
2026-03-10 18:12:20.591 appintentsmetadataprocessor[9853:18724869] Starting appintentsmetadataprocessor export
2026-03-10 18:12:20.824 appintentsmetadataprocessor[9853:18724869] Extracted no relevant App Intents symbols, skipping writing output

RegisterExecutionPolicyException /Users/emreerdener/Library/Developer/Xcode/DerivedData/Merian-bsmebnfnhwnbdncricvwvveooidw/Build/Products/Debug-iphonesimulator/phlibwebp.o (in target 'phlibwebp' from project 'PostHog')
    cd /Users/emreerdener/Library/Developer/Xcode/DerivedData/Merian-bsmebnfnhwnbdncricvwvveooidw/SourcePackages/checkouts/posthog-ios
    builtin-RegisterExecutionPolicyException /Users/emreerdener/Library/Developer/Xcode/DerivedData/Merian-bsmebnfnhwnbdncricvwvveooidw/Build/Products/Debug-iphonesimulator/phlibwebp.o

ExtractAppIntentsMetadata (in target 'ConcurrencyExtras' from project 'swift-concurrency-extras')
    cd /Users/emreerdener/Library/Developer/Xcode/DerivedData/Merian-bsmebnfnhwnbdncricvwvveooidw/SourcePackages/checkouts/swift-concurrency-extras
    /Applications/Xcode.app/Contents/Developer/Toolchains/XcodeDefault.xctoolchain/usr/bin/appintentsmetadataprocessor --toolchain-dir /Applications/Xcode.app/Contents/Developer/Toolchains/XcodeDefault.xctoolchain --module-name ConcurrencyExtras --sdk-root /Applications/Xcode.app/Contents/Developer/Platforms/iPhoneSimulator.platform/Developer/SDKs/iPhoneSimulator26.2.sdk --xcode-version 17C529 --platform-family iOS --deployment-target 13.0 --bundle-identifier swift-concurrency-extras.ConcurrencyExtras --output /Users/emreerdener/Library/Developer/Xcode/DerivedData/Merian-bsmebnfnhwnbdncricvwvveooidw/Build/Products/Debug-iphonesimulator/ConcurrencyExtras.appintents --target-triple arm64-apple-ios13.0-simulator --binary-file /Users/emreerdener/Library/Developer/Xcode/DerivedData/Merian-bsmebnfnhwnbdncricvwvveooidw/Build/Products/Debug-iphonesimulator/ConcurrencyExtras.o --dependency-file /Users/emreerdener/Library/Developer/Xcode/DerivedData/Merian-bsmebnfnhwnbdncricvwvveooidw/Build/Intermediates.noindex/swift-concurrency-extras.build/Debug-iphonesimulator/ConcurrencyExtras.build/Objects-normal/arm64/ConcurrencyExtras_dependency_info.dat --stringsdata-file /Users/emreerdener/Library/Developer/Xcode/DerivedData/Merian-bsmebnfnhwnbdncricvwvveooidw/Build/Intermediates.noindex/swift-concurrency-extras.build/Debug-iphonesimulator/ConcurrencyExtras.build/Objects-normal/arm64/ExtractedAppShortcutsMetadata.stringsdata --source-file-list /Users/emreerdener/Library/Developer/Xcode/DerivedData/Merian-bsmebnfnhwnbdncricvwvveooidw/Build/Intermediates.noindex/swift-concurrency-extras.build/Debug-iphonesimulator/ConcurrencyExtras.build/Objects-normal/arm64/ConcurrencyExtras.SwiftFileList --metadata-file-list /Users/emreerdener/Library/Developer/Xcode/DerivedData/Merian-bsmebnfnhwnbdncricvwvveooidw/Build/Intermediates.noindex/swift-concurrency-extras.build/Debug-iphonesimulator/ConcurrencyExtras.build/ConcurrencyExtras.DependencyMetadataFileList --static-metadata-file-list /Users/emreerdener/Library/Developer/Xcode/DerivedData/Merian-bsmebnfnhwnbdncricvwvveooidw/Build/Intermediates.noindex/swift-concurrency-extras.build/Debug-iphonesimulator/ConcurrencyExtras.build/ConcurrencyExtras.DependencyStaticMetadataFileList --swift-const-vals-list /Users/emreerdener/Library/Developer/Xcode/DerivedData/Merian-bsmebnfnhwnbdncricvwvveooidw/Build/Intermediates.noindex/swift-concurrency-extras.build/Debug-iphonesimulator/ConcurrencyExtras.build/Objects-normal/arm64/ConcurrencyExtras.SwiftConstValuesFileList --force --compile-time-extraction --deployment-aware-processing --validate-assistant-intents --no-app-shortcuts-localization
2026-03-10 18:12:20.591 appintentsmetadataprocessor[9854:18724886] Starting appintentsmetadataprocessor export
2026-03-10 18:12:20.836 appintentsmetadataprocessor[9854:18724886] Extracted no relevant App Intents symbols, skipping writing output

ExtractAppIntentsMetadata (in target 'TelemetryClient' from project 'TelemetryClient')
    cd /Users/emreerdener/Library/Developer/Xcode/DerivedData/Merian-bsmebnfnhwnbdncricvwvveooidw/SourcePackages/checkouts/SwiftClient
    /Applications/Xcode.app/Contents/Developer/Toolchains/XcodeDefault.xctoolchain/usr/bin/appintentsmetadataprocessor --toolchain-dir /Applications/Xcode.app/Contents/Developer/Toolchains/XcodeDefault.xctoolchain --module-name TelemetryClient --sdk-root /Applications/Xcode.app/Contents/Developer/Platforms/iPhoneSimulator.platform/Developer/SDKs/iPhoneSimulator26.2.sdk --xcode-version 17C529 --platform-family iOS --deployment-target 12.0 --bundle-identifier swiftclient.TelemetryClient --output /Users/emreerdener/Library/Developer/Xcode/DerivedData/Merian-bsmebnfnhwnbdncricvwvveooidw/Build/Products/Debug-iphonesimulator/TelemetryClient.appintents --target-triple arm64-apple-ios12.0-simulator --binary-file /Users/emreerdener/Library/Developer/Xcode/DerivedData/Merian-bsmebnfnhwnbdncricvwvveooidw/Build/Products/Debug-iphonesimulator/TelemetryClient.o --dependency-file /Users/emreerdener/Library/Developer/Xcode/DerivedData/Merian-bsmebnfnhwnbdncricvwvveooidw/Build/Intermediates.noindex/TelemetryClient.build/Debug-iphonesimulator/TelemetryClient.build/Objects-normal/arm64/TelemetryClient_dependency_info.dat --stringsdata-file /Users/emreerdener/Library/Developer/Xcode/DerivedData/Merian-bsmebnfnhwnbdncricvwvveooidw/Build/Intermediates.noindex/TelemetryClient.build/Debug-iphonesimulator/TelemetryClient.build/Objects-normal/arm64/ExtractedAppShortcutsMetadata.stringsdata --source-file-list /Users/emreerdener/Library/Developer/Xcode/DerivedData/Merian-bsmebnfnhwnbdncricvwvveooidw/Build/Intermediates.noindex/TelemetryClient.build/Debug-iphonesimulator/TelemetryClient.build/Objects-normal/arm64/TelemetryClient.SwiftFileList --metadata-file-list /Users/emreerdener/Library/Developer/Xcode/DerivedData/Merian-bsmebnfnhwnbdncricvwvveooidw/Build/Intermediates.noindex/TelemetryClient.build/Debug-iphonesimulator/TelemetryClient.build/TelemetryClient.DependencyMetadataFileList --static-metadata-file-list /Users/emreerdener/Library/Developer/Xcode/DerivedData/Merian-bsmebnfnhwnbdncricvwvveooidw/Build/Intermediates.noindex/TelemetryClient.build/Debug-iphonesimulator/TelemetryClient.build/TelemetryClient.DependencyStaticMetadataFileList --swift-const-vals-list /Users/emreerdener/Library/Developer/Xcode/DerivedData/Merian-bsmebnfnhwnbdncricvwvveooidw/Build/Intermediates.noindex/TelemetryClient.build/Debug-iphonesimulator/TelemetryClient.build/Objects-normal/arm64/TelemetryClient.SwiftConstValuesFileList --force --compile-time-extraction --deployment-aware-processing --validate-assistant-intents --no-app-shortcuts-localization
2026-03-10 18:12:20.591 appintentsmetadataprocessor[9855:18724896] Starting appintentsmetadataprocessor export
2026-03-10 18:12:20.824 appintentsmetadataprocessor[9855:18724896] Extracted no relevant App Intents symbols, skipping writing output

CompileAssetCatalogVariant thinned /Users/emreerdener/Library/Developer/Xcode/DerivedData/Merian-bsmebnfnhwnbdncricvwvveooidw/Build/Products/Debug-iphonesimulator/Merian.app /Users/emreerdener/Developer/merian/Merian/Assets.xcassets (in target 'Merian' from project 'Merian')
    cd /Users/emreerdener/Developer/merian
    /Applications/Xcode.app/Contents/Developer/usr/bin/actool /Users/emreerdener/Developer/merian/Merian/Assets.xcassets --compile /Users/emreerdener/Library/Developer/Xcode/DerivedData/Merian-bsmebnfnhwnbdncricvwvveooidw/Build/Intermediates.noindex/Merian.build/Debug-iphonesimulator/Merian.build/assetcatalog_output/thinned --output-format human-readable-text --notices --warnings --export-dependency-info /Users/emreerdener/Library/Developer/Xcode/DerivedData/Merian-bsmebnfnhwnbdncricvwvveooidw/Build/Intermediates.noindex/Merian.build/Debug-iphonesimulator/Merian.build/assetcatalog_dependencies_thinned --output-partial-info-plist /Users/emreerdener/Library/Developer/Xcode/DerivedData/Merian-bsmebnfnhwnbdncricvwvveooidw/Build/Intermediates.noindex/Merian.build/Debug-iphonesimulator/Merian.build/assetcatalog_generated_info.plist_thinned --app-icon AppIcon --compress-pngs --enable-on-demand-resources YES --filter-for-thinning-device-configuration iPhone17,3 --filter-for-device-os-version 18.0 --development-region en --target-device iphone --minimum-deployment-target 17.0 --platform iphonesimulator
/* com.apple.actool.compilation-results */
/Users/emreerdener/Library/Developer/Xcode/DerivedData/Merian-bsmebnfnhwnbdncricvwvveooidw/Build/Intermediates.noindex/Merian.build/Debug-iphonesimulator/Merian.build/assetcatalog_generated_info.plist_thinned
/Users/emreerdener/Library/Developer/Xcode/DerivedData/Merian-bsmebnfnhwnbdncricvwvveooidw/Build/Intermediates.noindex/Merian.build/Debug-iphonesimulator/Merian.build/assetcatalog_output/thinned/AppIcon60x60@2x.png
/Users/emreerdener/Library/Developer/Xcode/DerivedData/Merian-bsmebnfnhwnbdncricvwvveooidw/Build/Intermediates.noindex/Merian.build/Debug-iphonesimulator/Merian.build/assetcatalog_output/thinned/AppIcon76x76@2x~ipad.png
/Users/emreerdener/Library/Developer/Xcode/DerivedData/Merian-bsmebnfnhwnbdncricvwvveooidw/Build/Intermediates.noindex/Merian.build/Debug-iphonesimulator/Merian.build/assetcatalog_output/thinned/Assets.car


SwiftDriver Merian normal arm64 com.apple.xcode.tools.swift.compiler (in target 'Merian' from project 'Merian')
    cd /Users/emreerdener/Developer/merian
    builtin-SwiftDriver -- /Applications/Xcode.app/Contents/Developer/Toolchains/XcodeDefault.xctoolchain/usr/bin/swiftc -module-name Merian -Onone -enforce-exclusivity\=checked @/Users/emreerdener/Library/Developer/Xcode/DerivedData/Merian-bsmebnfnhwnbdncricvwvveooidw/Build/Intermediates.noindex/Merian.build/Debug-iphonesimulator/Merian.build/Objects-normal/arm64/Merian.SwiftFileList -DDEBUG -Xcc -fmodule-map-file\=/Users/emreerdener/Library/Developer/Xcode/DerivedData/Merian-bsmebnfnhwnbdncricvwvveooidw/Build/Intermediates.noindex/GeneratedModuleMaps-iphonesimulator/CrashReporter.modulemap -Xcc -fmodule-map-file\=/Users/emreerdener/Library/Developer/Xcode/DerivedData/Merian-bsmebnfnhwnbdncricvwvveooidw/Build/Intermediates.noindex/GeneratedModuleMaps-iphonesimulator/phlibwebp.modulemap -Xcc -fmodule-map-file\=/Users/emreerdener/Library/Developer/Xcode/DerivedData/Merian-bsmebnfnhwnbdncricvwvveooidw/Build/Intermediates.noindex/GeneratedModuleMaps-iphonesimulator/AppAuth.modulemap -Xcc -fmodule-map-file\=/Users/emreerdener/Library/Developer/Xcode/DerivedData/Merian-bsmebnfnhwnbdncricvwvveooidw/Build/Intermediates.noindex/GeneratedModuleMaps-iphonesimulator/AppAuthCore.modulemap -Xcc -fmodule-map-file\=/Users/emreerdener/Library/Developer/Xcode/DerivedData/Merian-bsmebnfnhwnbdncricvwvveooidw/Build/Intermediates.noindex/GeneratedModuleMaps-iphonesimulator/GTMSessionFetcherCore.modulemap -Xcc -fmodule-map-file\=/Users/emreerdener/Library/Developer/Xcode/DerivedData/Merian-bsmebnfnhwnbdncricvwvveooidw/Build/Intermediates.noindex/GeneratedModuleMaps-iphonesimulator/GoogleSignIn.modulemap -enable-bare-slash-regex -enable-experimental-feature DebugDescriptionMacro -sdk /Applications/Xcode.app/Contents/Developer/Platforms/iPhoneSimulator.platform/Developer/SDKs/iPhoneSimulator26.2.sdk -target arm64-apple-ios17.0-simulator -g -module-cache-path /Users/emreerdener/Library/Developer/Xcode/DerivedData/ModuleCache.noindex -Xfrontend -serialize-debugging-options -enable-testing -index-store-path /Users/emreerdener/Library/Developer/Xcode/DerivedData/Merian-bsmebnfnhwnbdncricvwvveooidw/Index.noindex/DataStore -Xcc -D_LIBCPP_HARDENING_MODE\=_LIBCPP_HARDENING_MODE_DEBUG -swift-version 5 -I /Users/emreerdener/Library/Developer/Xcode/DerivedData/Merian-bsmebnfnhwnbdncricvwvveooidw/Build/Products/Debug-iphonesimulator -F /Users/emreerdener/Library/Developer/Xcode/DerivedData/Merian-bsmebnfnhwnbdncricvwvveooidw/Build/Products/Debug-iphonesimulator/PackageFrameworks -F /Users/emreerdener/Library/Developer/Xcode/DerivedData/Merian-bsmebnfnhwnbdncricvwvveooidw/Build/Products/Debug-iphonesimulator/PackageFrameworks -F /Users/emreerdener/Library/Developer/Xcode/DerivedData/Merian-bsmebnfnhwnbdncricvwvveooidw/Build/Products/Debug-iphonesimulator/PackageFrameworks -F /Users/emreerdener/Library/Developer/Xcode/DerivedData/Merian-bsmebnfnhwnbdncricvwvveooidw/Build/Products/Debug-iphonesimulator/PackageFrameworks -F /Users/emreerdener/Library/Developer/Xcode/DerivedData/Merian-bsmebnfnhwnbdncricvwvveooidw/Build/Products/Debug-iphonesimulator/PackageFrameworks -F /Users/emreerdener/Library/Developer/Xcode/DerivedData/Merian-bsmebnfnhwnbdncricvwvveooidw/Build/Products/Debug-iphonesimulator/PackageFrameworks -F /Users/emreerdener/Library/Developer/Xcode/DerivedData/Merian-bsmebnfnhwnbdncricvwvveooidw/Build/Products/Debug-iphonesimulator/PackageFrameworks -F /Users/emreerdener/Library/Developer/Xcode/DerivedData/Merian-bsmebnfnhwnbdncricvwvveooidw/Build/Products/Debug-iphonesimulator/PackageFrameworks -F /Users/emreerdener/Library/Developer/Xcode/DerivedData/Merian-bsmebnfnhwnbdncricvwvveooidw/Build/Products/Debug-iphonesimulator/PackageFrameworks -F /Users/emreerdener/Library/Developer/Xcode/DerivedData/Merian-bsmebnfnhwnbdncricvwvveooidw/Build/Products/Debug-iphonesimulator/PackageFrameworks -F /Users/emreerdener/Library/Developer/Xcode/DerivedData/Merian-bsmebnfnhwnbdncricvwvveooidw/Build/Products/Debug-iphonesimulator/PackageFrameworks -F /Users/emreerdener/Library/Developer/Xcode/DerivedData/Merian-bsmebnfnhwnbdncricvwvveooidw/Build/Products/Debug-iphonesimulator/PackageFrameworks -F /Users/emreerdener/Library/Developer/Xcode/DerivedData/Merian-bsmebnfnhwnbdncricvwvveooidw/Build/Products/Debug-iphonesimulator/PackageFrameworks -F /Users/emreerdener/Library/Developer/Xcode/DerivedData/Merian-bsmebnfnhwnbdncricvwvveooidw/Build/Products/Debug-iphonesimulator/PackageFrameworks -F /Users/emreerdener/Library/Developer/Xcode/DerivedData/Merian-bsmebnfnhwnbdncricvwvveooidw/Build/Products/Debug-iphonesimulator/PackageFrameworks -F /Users/emreerdener/Library/Developer/Xcode/DerivedData/Merian-bsmebnfnhwnbdncricvwvveooidw/Build/Products/Debug-iphonesimulator/PackageFrameworks -F /Users/emreerdener/Library/Developer/Xcode/DerivedData/Merian-bsmebnfnhwnbdncricvwvveooidw/Build/Products/Debug-iphonesimulator/PackageFrameworks -F /Users/emreerdener/Library/Developer/Xcode/DerivedData/Merian-bsmebnfnhwnbdncricvwvveooidw/Build/Products/Debug-iphonesimulator/PackageFrameworks -F /Users/emreerdener/Library/Developer/Xcode/DerivedData/Merian-bsmebnfnhwnbdncricvwvveooidw/Build/Products/Debug-iphonesimulator/PackageFrameworks -F /Users/emreerdener/Library/Developer/Xcode/DerivedData/Merian-bsmebnfnhwnbdncricvwvveooidw/Build/Products/Debug-iphonesimulator/PackageFrameworks -F /Users/emreerdener/Library/Developer/Xcode/DerivedData/Merian-bsmebnfnhwnbdncricvwvveooidw/Build/Products/Debug-iphonesimulator/PackageFrameworks -F /Users/emreerdener/Library/Developer/Xcode/DerivedData/Merian-bsmebnfnhwnbdncricvwvveooidw/Build/Products/Debug-iphonesimulator/PackageFrameworks -F /Users/emreerdener/Library/Developer/Xcode/DerivedData/Merian-bsmebnfnhwnbdncricvwvveooidw/Build/Products/Debug-iphonesimulator/PackageFrameworks -F /Users/emreerdener/Library/Developer/Xcode/DerivedData/Merian-bsmebnfnhwnbdncricvwvveooidw/Build/Products/Debug-iphonesimulator/PackageFrameworks -F /Users/emreerdener/Library/Developer/Xcode/DerivedData/Merian-bsmebnfnhwnbdncricvwvveooidw/Build/Products/Debug-iphonesimulator -c -j10 -enable-batch-mode -incremental -Xcc -ivfsstatcache -Xcc /Users/emreerdener/Library/Developer/Xcode/DerivedData/SDKStatCaches.noindex/iphonesimulator26.2-23C57-7d00a8b37fbd7999ea79df8ebc024bf0.sdkstatcache -output-file-map /Users/emreerdener/Library/Developer/Xcode/DerivedData/Merian-bsmebnfnhwnbdncricvwvveooidw/Build/Intermediates.noindex/Merian.build/Debug-iphonesimulator/Merian.build/Objects-normal/arm64/Merian-OutputFileMap.json -use-frontend-parseable-output -save-temps -no-color-diagnostics -explicit-module-build -module-cache-path /Users/emreerdener/Library/Developer/Xcode/DerivedData/Merian-bsmebnfnhwnbdncricvwvveooidw/Build/Intermediates.noindex/SwiftExplicitPrecompiledModules -clang-scanner-module-cache-path /Users/emreerdener/Library/Developer/Xcode/DerivedData/ModuleCache.noindex -sdk-module-cache-path /Users/emreerdener/Library/Developer/Xcode/DerivedData/ModuleCache.noindex -serialize-diagnostics -emit-dependencies -emit-module -emit-module-path /Users/emreerdener/Library/Developer/Xcode/DerivedData/Merian-bsmebnfnhwnbdncricvwvveooidw/Build/Intermediates.noindex/Merian.build/Debug-iphonesimulator/Merian.build/Objects-normal/arm64/Merian.swiftmodule -validate-clang-modules-once -clang-build-session-file /Users/emreerdener/Library/Developer/Xcode/DerivedData/ModuleCache.noindex/Session.modulevalidation -Xcc -I/Users/emreerdener/Library/Developer/Xcode/DerivedData/Merian-bsmebnfnhwnbdncricvwvveooidw/Build/Intermediates.noindex/Merian.build/Debug-iphonesimulator/Merian.build/swift-overrides.hmap -emit-const-values -Xfrontend -const-gather-protocols-file -Xfrontend /Users/emreerdener/Library/Developer/Xcode/DerivedData/Merian-bsmebnfnhwnbdncricvwvveooidw/Build/Intermediates.noindex/Merian.build/Debug-iphonesimulator/Merian.build/Objects-normal/arm64/Merian_const_extract_protocols.json -Xcc -iquote -Xcc /Users/emreerdener/Library/Developer/Xcode/DerivedData/Merian-bsmebnfnhwnbdncricvwvveooidw/Build/Intermediates.noindex/Merian.build/Debug-iphonesimulator/Merian.build/Merian-generated-files.hmap -Xcc -I/Users/emreerdener/Library/Developer/Xcode/DerivedData/Merian-bsmebnfnhwnbdncricvwvveooidw/Build/Intermediates.noindex/Merian.build/Debug-iphonesimulator/Merian.build/Merian-own-target-headers.hmap -Xcc -I/Users/emreerdener/Library/Developer/Xcode/DerivedData/Merian-bsmebnfnhwnbdncricvwvveooidw/Build/Intermediates.noindex/Merian.build/Debug-iphonesimulator/Merian.build/Merian-all-non-framework-target-headers.hmap -Xcc -ivfsoverlay -Xcc /Users/emreerdener/Library/Developer/Xcode/DerivedData/Merian-bsmebnfnhwnbdncricvwvveooidw/Build/Intermediates.noindex/Merian.build/Debug-iphonesimulator/Merian-dcaa609efe034fc516e3186519f37717-VFS-iphonesimulator/all-product-headers.yaml -Xcc -iquote -Xcc /Users/emreerdener/Library/Developer/Xcode/DerivedData/Merian-bsmebnfnhwnbdncricvwvveooidw/Build/Intermediates.noindex/Merian.build/Debug-iphonesimulator/Merian.build/Merian-project-headers.hmap -Xcc -I/Users/emreerdener/Library/Developer/Xcode/DerivedData/Merian-bsmebnfnhwnbdncricvwvveooidw/SourcePackages/checkouts/plcrashreporter/include -Xcc -I/Users/emreerdener/Library/Developer/Xcode/DerivedData/Merian-bsmebnfnhwnbdncricvwvveooidw/SourcePackages/checkouts/posthog-ios/vendor/libwebp -Xcc -I/Users/emreerdener/Library/Developer/Xcode/DerivedData/Merian-bsmebnfnhwnbdncricvwvveooidw/SourcePackages/checkouts/AppAuth-iOS/Sources/AppAuth -Xcc -I/Users/emreerdener/Library/Developer/Xcode/DerivedData/Merian-bsmebnfnhwnbdncricvwvveooidw/SourcePackages/checkouts/AppAuth-iOS/Sources/AppAuthCore -Xcc -I/Users/emreerdener/Library/Developer/Xcode/DerivedData/Merian-bsmebnfnhwnbdncricvwvveooidw/SourcePackages/checkouts/gtm-session-fetcher/Sources/Core/Public -Xcc -I/Users/emreerdener/Library/Developer/Xcode/DerivedData/Merian-bsmebnfnhwnbdncricvwvveooidw/SourcePackages/checkouts/GoogleSignIn-iOS/GoogleSignIn/Sources/Public -Xcc -I/Users/emreerdener/Library/Developer/Xcode/DerivedData/Merian-bsmebnfnhwnbdncricvwvveooidw/Build/Products/Debug-iphonesimulator/include -Xcc -I/Users/emreerdener/Library/Developer/Xcode/DerivedData/Merian-bsmebnfnhwnbdncricvwvveooidw/Build/Intermediates.noindex/Merian.build/Debug-iphonesimulator/Merian.build/DerivedSources-normal/arm64 -Xcc -I/Users/emreerdener/Library/Developer/Xcode/DerivedData/Merian-bsmebnfnhwnbdncricvwvveooidw/Build/Intermediates.noindex/Merian.build/Debug-iphonesimulator/Merian.build/DerivedSources/arm64 -Xcc -I/Users/emreerdener/Library/Developer/Xcode/DerivedData/Merian-bsmebnfnhwnbdncricvwvveooidw/Build/Intermediates.noindex/Merian.build/Debug-iphonesimulator/Merian.build/DerivedSources -Xcc -DDEBUG\=1 -emit-objc-header -emit-objc-header-path /Users/emreerdener/Library/Developer/Xcode/DerivedData/Merian-bsmebnfnhwnbdncricvwvveooidw/Build/Intermediates.noindex/Merian.build/Debug-iphonesimulator/Merian.build/Objects-normal/arm64/Merian-Swift.h -working-directory /Users/emreerdener/Developer/merian -experimental-emit-module-separately -disable-cmo

ExtractAppIntentsMetadata (in target 'Crypto' from project 'swift-crypto')
    cd /Users/emreerdener/Library/Developer/Xcode/DerivedData/Merian-bsmebnfnhwnbdncricvwvveooidw/SourcePackages/checkouts/swift-crypto
    /Applications/Xcode.app/Contents/Developer/Toolchains/XcodeDefault.xctoolchain/usr/bin/appintentsmetadataprocessor --toolchain-dir /Applications/Xcode.app/Contents/Developer/Toolchains/XcodeDefault.xctoolchain --module-name Crypto --sdk-root /Applications/Xcode.app/Contents/Developer/Platforms/iPhoneSimulator.platform/Developer/SDKs/iPhoneSimulator26.2.sdk --xcode-version 17C529 --platform-family iOS --deployment-target 12.0 --bundle-identifier swift-crypto.Crypto --output /Users/emreerdener/Library/Developer/Xcode/DerivedData/Merian-bsmebnfnhwnbdncricvwvveooidw/Build/Products/Debug-iphonesimulator/Crypto.appintents --target-triple arm64-apple-ios12.0-simulator --binary-file /Users/emreerdener/Library/Developer/Xcode/DerivedData/Merian-bsmebnfnhwnbdncricvwvveooidw/Build/Products/Debug-iphonesimulator/Crypto.o --dependency-file /Users/emreerdener/Library/Developer/Xcode/DerivedData/Merian-bsmebnfnhwnbdncricvwvveooidw/Build/Intermediates.noindex/swift-crypto.build/Debug-iphonesimulator/Crypto.build/Objects-normal/arm64/Crypto_dependency_info.dat --stringsdata-file /Users/emreerdener/Library/Developer/Xcode/DerivedData/Merian-bsmebnfnhwnbdncricvwvveooidw/Build/Intermediates.noindex/swift-crypto.build/Debug-iphonesimulator/Crypto.build/Objects-normal/arm64/ExtractedAppShortcutsMetadata.stringsdata --source-file-list /Users/emreerdener/Library/Developer/Xcode/DerivedData/Merian-bsmebnfnhwnbdncricvwvveooidw/Build/Intermediates.noindex/swift-crypto.build/Debug-iphonesimulator/Crypto.build/Objects-normal/arm64/Crypto.SwiftFileList --metadata-file-list /Users/emreerdener/Library/Developer/Xcode/DerivedData/Merian-bsmebnfnhwnbdncricvwvveooidw/Build/Intermediates.noindex/swift-crypto.build/Debug-iphonesimulator/Crypto.build/Crypto.DependencyMetadataFileList --static-metadata-file-list /Users/emreerdener/Library/Developer/Xcode/DerivedData/Merian-bsmebnfnhwnbdncricvwvveooidw/Build/Intermediates.noindex/swift-crypto.build/Debug-iphonesimulator/Crypto.build/Crypto.DependencyStaticMetadataFileList --swift-const-vals-list /Users/emreerdener/Library/Developer/Xcode/DerivedData/Merian-bsmebnfnhwnbdncricvwvveooidw/Build/Intermediates.noindex/swift-crypto.build/Debug-iphonesimulator/Crypto.build/Objects-normal/arm64/Crypto.SwiftConstValuesFileList --force --compile-time-extraction --deployment-aware-processing --validate-assistant-intents --no-app-shortcuts-localization
2026-03-10 18:12:20.591 appintentsmetadataprocessor[9857:18724899] Starting appintentsmetadataprocessor export
2026-03-10 18:12:20.850 appintentsmetadataprocessor[9857:18724899] Extracted no relevant App Intents symbols, skipping writing output

ExtractAppIntentsMetadata (in target 'RevenueCat' from project 'RevenueCat')
    cd /Users/emreerdener/Library/Developer/Xcode/DerivedData/Merian-bsmebnfnhwnbdncricvwvveooidw/SourcePackages/checkouts/purchases-ios
    /Applications/Xcode.app/Contents/Developer/Toolchains/XcodeDefault.xctoolchain/usr/bin/appintentsmetadataprocessor --toolchain-dir /Applications/Xcode.app/Contents/Developer/Toolchains/XcodeDefault.xctoolchain --module-name RevenueCat --sdk-root /Applications/Xcode.app/Contents/Developer/Platforms/iPhoneSimulator.platform/Developer/SDKs/iPhoneSimulator26.2.sdk --xcode-version 17C529 --platform-family iOS --deployment-target 12.0 --bundle-identifier purchases-ios.RevenueCat --output /Users/emreerdener/Library/Developer/Xcode/DerivedData/Merian-bsmebnfnhwnbdncricvwvveooidw/Build/Products/Debug-iphonesimulator/RevenueCat.appintents --target-triple arm64-apple-ios12.0-simulator --binary-file /Users/emreerdener/Library/Developer/Xcode/DerivedData/Merian-bsmebnfnhwnbdncricvwvveooidw/Build/Products/Debug-iphonesimulator/RevenueCat.o --dependency-file /Users/emreerdener/Library/Developer/Xcode/DerivedData/Merian-bsmebnfnhwnbdncricvwvveooidw/Build/Intermediates.noindex/RevenueCat.build/Debug-iphonesimulator/RevenueCat.build/Objects-normal/arm64/RevenueCat_dependency_info.dat --stringsdata-file /Users/emreerdener/Library/Developer/Xcode/DerivedData/Merian-bsmebnfnhwnbdncricvwvveooidw/Build/Intermediates.noindex/RevenueCat.build/Debug-iphonesimulator/RevenueCat.build/Objects-normal/arm64/ExtractedAppShortcutsMetadata.stringsdata --source-file-list /Users/emreerdener/Library/Developer/Xcode/DerivedData/Merian-bsmebnfnhwnbdncricvwvveooidw/Build/Intermediates.noindex/RevenueCat.build/Debug-iphonesimulator/RevenueCat.build/Objects-normal/arm64/RevenueCat.SwiftFileList --metadata-file-list /Users/emreerdener/Library/Developer/Xcode/DerivedData/Merian-bsmebnfnhwnbdncricvwvveooidw/Build/Intermediates.noindex/RevenueCat.build/Debug-iphonesimulator/RevenueCat.build/RevenueCat.DependencyMetadataFileList --static-metadata-file-list /Users/emreerdener/Library/Developer/Xcode/DerivedData/Merian-bsmebnfnhwnbdncricvwvveooidw/Build/Intermediates.noindex/RevenueCat.build/Debug-iphonesimulator/RevenueCat.build/RevenueCat.DependencyStaticMetadataFileList --swift-const-vals-list /Users/emreerdener/Library/Developer/Xcode/DerivedData/Merian-bsmebnfnhwnbdncricvwvveooidw/Build/Intermediates.noindex/RevenueCat.build/Debug-iphonesimulator/RevenueCat.build/Objects-normal/arm64/RevenueCat.SwiftConstValuesFileList --force --compile-time-extraction --deployment-aware-processing --validate-assistant-intents --no-app-shortcuts-localization
2026-03-10 18:12:20.660 appintentsmetadataprocessor[9858:18724919] Starting appintentsmetadataprocessor export
2026-03-10 18:12:20.979 appintentsmetadataprocessor[9858:18724919] Extracted no relevant App Intents symbols, skipping writing output

RegisterExecutionPolicyException /Users/emreerdener/Library/Developer/Xcode/DerivedData/Merian-bsmebnfnhwnbdncricvwvveooidw/Build/Products/Debug-iphonesimulator/TelemetryClient.o (in target 'TelemetryClient' from project 'TelemetryClient')
    cd /Users/emreerdener/Library/Developer/Xcode/DerivedData/Merian-bsmebnfnhwnbdncricvwvveooidw/SourcePackages/checkouts/SwiftClient
    builtin-RegisterExecutionPolicyException /Users/emreerdener/Library/Developer/Xcode/DerivedData/Merian-bsmebnfnhwnbdncricvwvveooidw/Build/Products/Debug-iphonesimulator/TelemetryClient.o

RegisterExecutionPolicyException /Users/emreerdener/Library/Developer/Xcode/DerivedData/Merian-bsmebnfnhwnbdncricvwvveooidw/Build/Products/Debug-iphonesimulator/GTMSessionFetcherCore.o (in target 'GTMSessionFetcherCore' from project 'GTMSessionFetcher')
    cd /Users/emreerdener/Library/Developer/Xcode/DerivedData/Merian-bsmebnfnhwnbdncricvwvveooidw/SourcePackages/checkouts/gtm-session-fetcher
    builtin-RegisterExecutionPolicyException /Users/emreerdener/Library/Developer/Xcode/DerivedData/Merian-bsmebnfnhwnbdncricvwvveooidw/Build/Products/Debug-iphonesimulator/GTMSessionFetcherCore.o

RegisterExecutionPolicyException /Users/emreerdener/Library/Developer/Xcode/DerivedData/Merian-bsmebnfnhwnbdncricvwvveooidw/Build/Products/Debug-iphonesimulator/CrashReporter.o (in target 'CrashReporter' from project 'PLCrashReporter')
    cd /Users/emreerdener/Library/Developer/Xcode/DerivedData/Merian-bsmebnfnhwnbdncricvwvveooidw/SourcePackages/checkouts/plcrashreporter
    builtin-RegisterExecutionPolicyException /Users/emreerdener/Library/Developer/Xcode/DerivedData/Merian-bsmebnfnhwnbdncricvwvveooidw/Build/Products/Debug-iphonesimulator/CrashReporter.o

RegisterExecutionPolicyException /Users/emreerdener/Library/Developer/Xcode/DerivedData/Merian-bsmebnfnhwnbdncricvwvveooidw/Build/Products/Debug-iphonesimulator/HTTPTypes.o (in target 'HTTPTypes' from project 'swift-http-types')
    cd /Users/emreerdener/Library/Developer/Xcode/DerivedData/Merian-bsmebnfnhwnbdncricvwvveooidw/SourcePackages/checkouts/swift-http-types
    builtin-RegisterExecutionPolicyException /Users/emreerdener/Library/Developer/Xcode/DerivedData/Merian-bsmebnfnhwnbdncricvwvveooidw/Build/Products/Debug-iphonesimulator/HTTPTypes.o

RegisterExecutionPolicyException /Users/emreerdener/Library/Developer/Xcode/DerivedData/Merian-bsmebnfnhwnbdncricvwvveooidw/Build/Products/Debug-iphonesimulator/AppAuthCore.o (in target 'AppAuthCore' from project 'AppAuth')
    cd /Users/emreerdener/Library/Developer/Xcode/DerivedData/Merian-bsmebnfnhwnbdncricvwvveooidw/SourcePackages/checkouts/AppAuth-iOS
    builtin-RegisterExecutionPolicyException /Users/emreerdener/Library/Developer/Xcode/DerivedData/Merian-bsmebnfnhwnbdncricvwvveooidw/Build/Products/Debug-iphonesimulator/AppAuthCore.o

RegisterExecutionPolicyException /Users/emreerdener/Library/Developer/Xcode/DerivedData/Merian-bsmebnfnhwnbdncricvwvveooidw/Build/Products/Debug-iphonesimulator/ConcurrencyExtras.o (in target 'ConcurrencyExtras' from project 'swift-concurrency-extras')
    cd /Users/emreerdener/Library/Developer/Xcode/DerivedData/Merian-bsmebnfnhwnbdncricvwvveooidw/SourcePackages/checkouts/swift-concurrency-extras
    builtin-RegisterExecutionPolicyException /Users/emreerdener/Library/Developer/Xcode/DerivedData/Merian-bsmebnfnhwnbdncricvwvveooidw/Build/Products/Debug-iphonesimulator/ConcurrencyExtras.o

RegisterExecutionPolicyException /Users/emreerdener/Library/Developer/Xcode/DerivedData/Merian-bsmebnfnhwnbdncricvwvveooidw/Build/Products/Debug-iphonesimulator/IssueReportingPackageSupport.o (in target 'IssueReportingPackageSupport' from project 'xctest-dynamic-overlay')
    cd /Users/emreerdener/Library/Developer/Xcode/DerivedData/Merian-bsmebnfnhwnbdncricvwvveooidw/SourcePackages/checkouts/xctest-dynamic-overlay
    builtin-RegisterExecutionPolicyException /Users/emreerdener/Library/Developer/Xcode/DerivedData/Merian-bsmebnfnhwnbdncricvwvveooidw/Build/Products/Debug-iphonesimulator/IssueReportingPackageSupport.o

RegisterExecutionPolicyException /Users/emreerdener/Library/Developer/Xcode/DerivedData/Merian-bsmebnfnhwnbdncricvwvveooidw/Build/Products/Debug-iphonesimulator/Crypto.o (in target 'Crypto' from project 'swift-crypto')
    cd /Users/emreerdener/Library/Developer/Xcode/DerivedData/Merian-bsmebnfnhwnbdncricvwvveooidw/SourcePackages/checkouts/swift-crypto
    builtin-RegisterExecutionPolicyException /Users/emreerdener/Library/Developer/Xcode/DerivedData/Merian-bsmebnfnhwnbdncricvwvveooidw/Build/Products/Debug-iphonesimulator/Crypto.o

Ld /Users/emreerdener/Library/Developer/Xcode/DerivedData/Merian-bsmebnfnhwnbdncricvwvveooidw/Build/Intermediates.noindex/Merian.build/Debug-watchsimulator/MerianWatch.build/Objects-normal/x86_64/Binary/MerianWatch.debug.dylib normal x86_64 (in target 'MerianWatch' from project 'Merian')
    cd /Users/emreerdener/Developer/merian
    /Applications/Xcode.app/Contents/Developer/Toolchains/XcodeDefault.xctoolchain/usr/bin/clang -Xlinker -reproducible -target x86_64-apple-watchos10.0-simulator -dynamiclib -isysroot /Applications/Xcode.app/Contents/Developer/Platforms/WatchSimulator.platform/Developer/SDKs/WatchSimulator26.2.sdk -O0 -L/Users/emreerdener/Library/Developer/Xcode/DerivedData/Merian-bsmebnfnhwnbdncricvwvveooidw/Build/Intermediates.noindex/EagerLinkingTBDs/Debug-watchsimulator -L/Users/emreerdener/Library/Developer/Xcode/DerivedData/Merian-bsmebnfnhwnbdncricvwvveooidw/Build/Products/Debug-watchsimulator -F/Users/emreerdener/Library/Developer/Xcode/DerivedData/Merian-bsmebnfnhwnbdncricvwvveooidw/Build/Intermediates.noindex/EagerLinkingTBDs/Debug-watchsimulator -F/Users/emreerdener/Library/Developer/Xcode/DerivedData/Merian-bsmebnfnhwnbdncricvwvveooidw/Build/Products/Debug-watchsimulator -filelist /Users/emreerdener/Library/Developer/Xcode/DerivedData/Merian-bsmebnfnhwnbdncricvwvveooidw/Build/Intermediates.noindex/Merian.build/Debug-watchsimulator/MerianWatch.build/Objects-normal/x86_64/MerianWatch.LinkFileList -install_name @rpath/MerianWatch.debug.dylib -Xlinker -rpath -Xlinker /usr/lib/swift -dead_strip -Xlinker -object_path_lto -Xlinker /Users/emreerdener/Library/Developer/Xcode/DerivedData/Merian-bsmebnfnhwnbdncricvwvveooidw/Build/Intermediates.noindex/Merian.build/Debug-watchsimulator/MerianWatch.build/Objects-normal/x86_64/MerianWatch_lto.o -rdynamic -Xlinker -no_deduplicate -Xlinker -objc_abi_version -Xlinker 2 -Xlinker -dependency_info -Xlinker /Users/emreerdener/Library/Developer/Xcode/DerivedData/Merian-bsmebnfnhwnbdncricvwvveooidw/Build/Intermediates.noindex/Merian.build/Debug-watchsimulator/MerianWatch.build/Objects-normal/x86_64/MerianWatch_dependency_info.dat -fobjc-link-runtime -L/Applications/Xcode.app/Contents/Developer/Toolchains/XcodeDefault.xctoolchain/usr/lib/swift/watchsimulator -L/usr/lib/swift -Xlinker -add_ast_path -Xlinker /Users/emreerdener/Library/Developer/Xcode/DerivedData/Merian-bsmebnfnhwnbdncricvwvveooidw/Build/Intermediates.noindex/Merian.build/Debug-watchsimulator/MerianWatch.build/Objects-normal/x86_64/MerianWatch.swiftmodule @/Users/emreerdener/Library/Developer/Xcode/DerivedData/Merian-bsmebnfnhwnbdncricvwvveooidw/Build/Intermediates.noindex/Merian.build/Debug-watchsimulator/MerianWatch.build/Objects-normal/x86_64/MerianWatch-linker-args.resp -Xlinker -alias -Xlinker _main -Xlinker ___debug_main_executable_dylib_entry_point -Xlinker -no_adhoc_codesign -o /Users/emreerdener/Library/Developer/Xcode/DerivedData/Merian-bsmebnfnhwnbdncricvwvveooidw/Build/Intermediates.noindex/Merian.build/Debug-watchsimulator/MerianWatch.build/Objects-normal/x86_64/Binary/MerianWatch.debug.dylib

ConstructStubExecutorLinkFileList /Users/emreerdener/Library/Developer/Xcode/DerivedData/Merian-bsmebnfnhwnbdncricvwvveooidw/Build/Intermediates.noindex/Merian.build/Debug-watchsimulator/MerianWatch.build/MerianWatch-ExecutorLinkFileList-normal-arm64.txt (in target 'MerianWatch' from project 'Merian')
    cd /Users/emreerdener/Developer/merian
    construct-stub-executor-link-file-list /Users/emreerdener/Library/Developer/Xcode/DerivedData/Merian-bsmebnfnhwnbdncricvwvveooidw/Build/Intermediates.noindex/Merian.build/Debug-watchsimulator/MerianWatch.build/Objects-normal/arm64/Binary/MerianWatch.debug.dylib /Applications/Xcode.app/Contents/Developer/Platforms/WatchSimulator.platform/Developer/usr/lib/libPreviewsJITStubExecutor_no_swift_entry_point.a /Applications/Xcode.app/Contents/Developer/Platforms/WatchSimulator.platform/Developer/usr/lib/libPreviewsJITStubExecutor.a --output /Users/emreerdener/Library/Developer/Xcode/DerivedData/Merian-bsmebnfnhwnbdncricvwvveooidw/Build/Intermediates.noindex/Merian.build/Debug-watchsimulator/MerianWatch.build/MerianWatch-ExecutorLinkFileList-normal-arm64.txt
note: Using stub executor library with Swift entry point. (in target 'MerianWatch' from project 'Merian')

Ld /Users/emreerdener/Library/Developer/Xcode/DerivedData/Merian-bsmebnfnhwnbdncricvwvveooidw/Build/Intermediates.noindex/Merian.build/Debug-watchsimulator/MerianWatch.build/Objects-normal/arm64/Binary/MerianWatch normal arm64 (in target 'MerianWatch' from project 'Merian')
    cd /Users/emreerdener/Developer/merian
    /Applications/Xcode.app/Contents/Developer/Toolchains/XcodeDefault.xctoolchain/usr/bin/clang -Xlinker -reproducible -target arm64-apple-watchos10.0-simulator -isysroot /Applications/Xcode.app/Contents/Developer/Platforms/WatchSimulator.platform/Developer/SDKs/WatchSimulator26.2.sdk -O0 -L/Users/emreerdener/Library/Developer/Xcode/DerivedData/Merian-bsmebnfnhwnbdncricvwvveooidw/Build/Products/Debug-watchsimulator -F/Users/emreerdener/Library/Developer/Xcode/DerivedData/Merian-bsmebnfnhwnbdncricvwvveooidw/Build/Products/Debug-watchsimulator -Xlinker -rpath -Xlinker @executable_path -rdynamic -Xlinker -no_deduplicate -Xlinker -objc_abi_version -Xlinker 2 -e ___debug_blank_executor_main -Xlinker -sectcreate -Xlinker __TEXT -Xlinker __debug_dylib -Xlinker /Users/emreerdener/Library/Developer/Xcode/DerivedData/Merian-bsmebnfnhwnbdncricvwvveooidw/Build/Intermediates.noindex/Merian.build/Debug-watchsimulator/MerianWatch.build/MerianWatch-DebugDylibPath-normal-arm64.txt -Xlinker -sectcreate -Xlinker __TEXT -Xlinker __debug_instlnm -Xlinker /Users/emreerdener/Library/Developer/Xcode/DerivedData/Merian-bsmebnfnhwnbdncricvwvveooidw/Build/Intermediates.noindex/Merian.build/Debug-watchsimulator/MerianWatch.build/MerianWatch-DebugDylibInstallName-normal-arm64.txt -Xlinker -filelist -Xlinker /Users/emreerdener/Library/Developer/Xcode/DerivedData/Merian-bsmebnfnhwnbdncricvwvveooidw/Build/Intermediates.noindex/Merian.build/Debug-watchsimulator/MerianWatch.build/MerianWatch-ExecutorLinkFileList-normal-arm64.txt -Xlinker -sectcreate -Xlinker __TEXT -Xlinker __entitlements -Xlinker /Users/emreerdener/Library/Developer/Xcode/DerivedData/Merian-bsmebnfnhwnbdncricvwvveooidw/Build/Intermediates.noindex/Merian.build/Debug-watchsimulator/MerianWatch.build/MerianWatch.app-Simulated.xcent -Xlinker -sectcreate -Xlinker __TEXT -Xlinker __ents_der -Xlinker /Users/emreerdener/Library/Developer/Xcode/DerivedData/Merian-bsmebnfnhwnbdncricvwvveooidw/Build/Intermediates.noindex/Merian.build/Debug-watchsimulator/MerianWatch.build/MerianWatch.app-Simulated.xcent.der /Users/emreerdener/Library/Developer/Xcode/DerivedData/Merian-bsmebnfnhwnbdncricvwvveooidw/Build/Intermediates.noindex/Merian.build/Debug-watchsimulator/MerianWatch.build/Objects-normal/arm64/Binary/MerianWatch.debug.dylib -Xlinker -no_adhoc_codesign -o /Users/emreerdener/Library/Developer/Xcode/DerivedData/Merian-bsmebnfnhwnbdncricvwvveooidw/Build/Intermediates.noindex/Merian.build/Debug-watchsimulator/MerianWatch.build/Objects-normal/arm64/Binary/MerianWatch

Ld /Users/emreerdener/Library/Developer/Xcode/DerivedData/Merian-bsmebnfnhwnbdncricvwvveooidw/Build/Products/Debug-iphonesimulator/PostHog.o normal (in target 'PostHog' from project 'PostHog')
    cd /Users/emreerdener/Library/Developer/Xcode/DerivedData/Merian-bsmebnfnhwnbdncricvwvveooidw/SourcePackages/checkouts/posthog-ios
    /Applications/Xcode.app/Contents/Developer/Toolchains/XcodeDefault.xctoolchain/usr/bin/clang -Xlinker -reproducible -target arm64-apple-ios13.0-simulator -r -isysroot /Applications/Xcode.app/Contents/Developer/Platforms/iPhoneSimulator.platform/Developer/SDKs/iPhoneSimulator26.2.sdk -O0 -w -L/Users/emreerdener/Library/Developer/Xcode/DerivedData/Merian-bsmebnfnhwnbdncricvwvveooidw/Build/Intermediates.noindex/EagerLinkingTBDs/Debug-iphonesimulator -L/Users/emreerdener/Library/Developer/Xcode/DerivedData/Merian-bsmebnfnhwnbdncricvwvveooidw/Build/Products/Debug-iphonesimulator -L/Applications/Xcode.app/Contents/Developer/Platforms/iPhoneSimulator.platform/Developer/usr/lib -F/Users/emreerdener/Library/Developer/Xcode/DerivedData/Merian-bsmebnfnhwnbdncricvwvveooidw/Build/Intermediates.noindex/EagerLinkingTBDs/Debug-iphonesimulator -F/Users/emreerdener/Library/Developer/Xcode/DerivedData/Merian-bsmebnfnhwnbdncricvwvveooidw/Build/Products/Debug-iphonesimulator/PackageFrameworks -F/Users/emreerdener/Library/Developer/Xcode/DerivedData/Merian-bsmebnfnhwnbdncricvwvveooidw/Build/Products/Debug-iphonesimulator/PackageFrameworks -F/Users/emreerdener/Library/Developer/Xcode/DerivedData/Merian-bsmebnfnhwnbdncricvwvveooidw/Build/Products/Debug-iphonesimulator -iframework /Applications/Xcode.app/Contents/Developer/Platforms/iPhoneSimulator.platform/Developer/Library/Frameworks -iframework /Applications/Xcode.app/Contents/Developer/Platforms/iPhoneSimulator.platform/Developer/SDKs/iPhoneSimulator26.2.sdk/Developer/Library/Frameworks -filelist /Users/emreerdener/Library/Developer/Xcode/DerivedData/Merian-bsmebnfnhwnbdncricvwvveooidw/Build/Intermediates.noindex/PostHog.build/Debug-iphonesimulator/PostHog.build/Objects-normal/arm64/PostHog.LinkFileList -nostdlib -Xlinker -object_path_lto -Xlinker /Users/emreerdener/Library/Developer/Xcode/DerivedData/Merian-bsmebnfnhwnbdncricvwvveooidw/Build/Intermediates.noindex/PostHog.build/Debug-iphonesimulator/PostHog.build/Objects-normal/arm64/PostHog_lto.o -rdynamic -Xlinker -no_deduplicate -Xlinker -objc_abi_version -Xlinker 2 -Xlinker -dependency_info -Xlinker /Users/emreerdener/Library/Developer/Xcode/DerivedData/Merian-bsmebnfnhwnbdncricvwvveooidw/Build/Intermediates.noindex/PostHog.build/Debug-iphonesimulator/PostHog.build/Objects-normal/arm64/PostHog_dependency_info.dat -fobjc-link-runtime -L/Applications/Xcode.app/Contents/Developer/Toolchains/XcodeDefault.xctoolchain/usr/lib/swift/iphonesimulator -L/usr/lib/swift -Xlinker -add_ast_path -Xlinker /Users/emreerdener/Library/Developer/Xcode/DerivedData/Merian-bsmebnfnhwnbdncricvwvveooidw/Build/Intermediates.noindex/PostHog.build/Debug-iphonesimulator/PostHog.build/Objects-normal/arm64/PostHog.swiftmodule @/Users/emreerdener/Library/Developer/Xcode/DerivedData/Merian-bsmebnfnhwnbdncricvwvveooidw/Build/Intermediates.noindex/PostHog.build/Debug-iphonesimulator/PostHog.build/Objects-normal/arm64/PostHog-linker-args.resp -o /Users/emreerdener/Library/Developer/Xcode/DerivedData/Merian-bsmebnfnhwnbdncricvwvveooidw/Build/Products/Debug-iphonesimulator/PostHog.o

Ld /Users/emreerdener/Library/Developer/Xcode/DerivedData/Merian-bsmebnfnhwnbdncricvwvveooidw/Build/Products/Debug-iphonesimulator/GTMAppAuth.o normal (in target 'GTMAppAuth' from project 'GTMAppAuth')
    cd /Users/emreerdener/Library/Developer/Xcode/DerivedData/Merian-bsmebnfnhwnbdncricvwvveooidw/SourcePackages/checkouts/GTMAppAuth
    /Applications/Xcode.app/Contents/Developer/Toolchains/XcodeDefault.xctoolchain/usr/bin/clang -Xlinker -reproducible -target arm64-apple-ios12.0-simulator -r -isysroot /Applications/Xcode.app/Contents/Developer/Platforms/iPhoneSimulator.platform/Developer/SDKs/iPhoneSimulator26.2.sdk -O0 -w -L/Users/emreerdener/Library/Developer/Xcode/DerivedData/Merian-bsmebnfnhwnbdncricvwvveooidw/Build/Intermediates.noindex/EagerLinkingTBDs/Debug-iphonesimulator -L/Users/emreerdener/Library/Developer/Xcode/DerivedData/Merian-bsmebnfnhwnbdncricvwvveooidw/Build/Products/Debug-iphonesimulator -L/Applications/Xcode.app/Contents/Developer/Platforms/iPhoneSimulator.platform/Developer/usr/lib -F/Users/emreerdener/Library/Developer/Xcode/DerivedData/Merian-bsmebnfnhwnbdncricvwvveooidw/Build/Intermediates.noindex/EagerLinkingTBDs/Debug-iphonesimulator -F/Users/emreerdener/Library/Developer/Xcode/DerivedData/Merian-bsmebnfnhwnbdncricvwvveooidw/Build/Products/Debug-iphonesimulator/PackageFrameworks -F/Users/emreerdener/Library/Developer/Xcode/DerivedData/Merian-bsmebnfnhwnbdncricvwvveooidw/Build/Products/Debug-iphonesimulator/PackageFrameworks -F/Users/emreerdener/Library/Developer/Xcode/DerivedData/Merian-bsmebnfnhwnbdncricvwvveooidw/Build/Products/Debug-iphonesimulator -iframework /Applications/Xcode.app/Contents/Developer/Platforms/iPhoneSimulator.platform/Developer/Library/Frameworks -iframework /Applications/Xcode.app/Contents/Developer/Platforms/iPhoneSimulator.platform/Developer/SDKs/iPhoneSimulator26.2.sdk/Developer/Library/Frameworks -filelist /Users/emreerdener/Library/Developer/Xcode/DerivedData/Merian-bsmebnfnhwnbdncricvwvveooidw/Build/Intermediates.noindex/GTMAppAuth.build/Debug-iphonesimulator/GTMAppAuth.build/Objects-normal/arm64/GTMAppAuth.LinkFileList -nostdlib -Xlinker -object_path_lto -Xlinker /Users/emreerdener/Library/Developer/Xcode/DerivedData/Merian-bsmebnfnhwnbdncricvwvveooidw/Build/Intermediates.noindex/GTMAppAuth.build/Debug-iphonesimulator/GTMAppAuth.build/Objects-normal/arm64/GTMAppAuth_lto.o -rdynamic -Xlinker -no_deduplicate -Xlinker -objc_abi_version -Xlinker 2 -Xlinker -dependency_info -Xlinker /Users/emreerdener/Library/Developer/Xcode/DerivedData/Merian-bsmebnfnhwnbdncricvwvveooidw/Build/Intermediates.noindex/GTMAppAuth.build/Debug-iphonesimulator/GTMAppAuth.build/Objects-normal/arm64/GTMAppAuth_dependency_info.dat -fobjc-link-runtime -L/Applications/Xcode.app/Contents/Developer/Toolchains/XcodeDefault.xctoolchain/usr/lib/swift/iphonesimulator -L/usr/lib/swift -Xlinker -add_ast_path -Xlinker /Users/emreerdener/Library/Developer/Xcode/DerivedData/Merian-bsmebnfnhwnbdncricvwvveooidw/Build/Intermediates.noindex/GTMAppAuth.build/Debug-iphonesimulator/GTMAppAuth.build/Objects-normal/arm64/GTMAppAuth.swiftmodule @/Users/emreerdener/Library/Developer/Xcode/DerivedData/Merian-bsmebnfnhwnbdncricvwvveooidw/Build/Intermediates.noindex/GTMAppAuth.build/Debug-iphonesimulator/GTMAppAuth.build/Objects-normal/arm64/GTMAppAuth-linker-args.resp -o /Users/emreerdener/Library/Developer/Xcode/DerivedData/Merian-bsmebnfnhwnbdncricvwvveooidw/Build/Products/Debug-iphonesimulator/GTMAppAuth.o

Ld /Users/emreerdener/Library/Developer/Xcode/DerivedData/Merian-bsmebnfnhwnbdncricvwvveooidw/Build/Products/Debug-iphonesimulator/AppAuth.o normal (in target 'AppAuth' from project 'AppAuth')
    cd /Users/emreerdener/Library/Developer/Xcode/DerivedData/Merian-bsmebnfnhwnbdncricvwvveooidw/SourcePackages/checkouts/AppAuth-iOS
    /Applications/Xcode.app/Contents/Developer/Toolchains/XcodeDefault.xctoolchain/usr/bin/clang -Xlinker -reproducible -target arm64-apple-ios12.0-simulator -r -isysroot /Applications/Xcode.app/Contents/Developer/Platforms/iPhoneSimulator.platform/Developer/SDKs/iPhoneSimulator26.2.sdk -O0 -w -L/Users/emreerdener/Library/Developer/Xcode/DerivedData/Merian-bsmebnfnhwnbdncricvwvveooidw/Build/Intermediates.noindex/EagerLinkingTBDs/Debug-iphonesimulator -L/Users/emreerdener/Library/Developer/Xcode/DerivedData/Merian-bsmebnfnhwnbdncricvwvveooidw/Build/Products/Debug-iphonesimulator -L/Applications/Xcode.app/Contents/Developer/Platforms/iPhoneSimulator.platform/Developer/usr/lib -F/Users/emreerdener/Library/Developer/Xcode/DerivedData/Merian-bsmebnfnhwnbdncricvwvveooidw/Build/Intermediates.noindex/EagerLinkingTBDs/Debug-iphonesimulator -F/Users/emreerdener/Library/Developer/Xcode/DerivedData/Merian-bsmebnfnhwnbdncricvwvveooidw/Build/Products/Debug-iphonesimulator/PackageFrameworks -F/Users/emreerdener/Library/Developer/Xcode/DerivedData/Merian-bsmebnfnhwnbdncricvwvveooidw/Build/Products/Debug-iphonesimulator -iframework /Applications/Xcode.app/Contents/Developer/Platforms/iPhoneSimulator.platform/Developer/Library/Frameworks -iframework /Applications/Xcode.app/Contents/Developer/Platforms/iPhoneSimulator.platform/Developer/SDKs/iPhoneSimulator26.2.sdk/Developer/Library/Frameworks -filelist /Users/emreerdener/Library/Developer/Xcode/DerivedData/Merian-bsmebnfnhwnbdncricvwvveooidw/Build/Intermediates.noindex/AppAuth.build/Debug-iphonesimulator/AppAuth.build/Objects-normal/arm64/AppAuth.LinkFileList -nostdlib -Xlinker -object_path_lto -Xlinker /Users/emreerdener/Library/Developer/Xcode/DerivedData/Merian-bsmebnfnhwnbdncricvwvveooidw/Build/Intermediates.noindex/AppAuth.build/Debug-iphonesimulator/AppAuth.build/Objects-normal/arm64/AppAuth_lto.o -rdynamic -Xlinker -no_deduplicate -Xlinker -objc_abi_version -Xlinker 2 -Xlinker -dependency_info -Xlinker /Users/emreerdener/Library/Developer/Xcode/DerivedData/Merian-bsmebnfnhwnbdncricvwvveooidw/Build/Intermediates.noindex/AppAuth.build/Debug-iphonesimulator/AppAuth.build/Objects-normal/arm64/AppAuth_dependency_info.dat -fobjc-arc -fobjc-link-runtime -o /Users/emreerdener/Library/Developer/Xcode/DerivedData/Merian-bsmebnfnhwnbdncricvwvveooidw/Build/Products/Debug-iphonesimulator/AppAuth.o

Ld /Users/emreerdener/Library/Developer/Xcode/DerivedData/Merian-bsmebnfnhwnbdncricvwvveooidw/Build/Products/Debug-iphonesimulator/IssueReporting.o normal (in target 'IssueReporting' from project 'xctest-dynamic-overlay')
    cd /Users/emreerdener/Library/Developer/Xcode/DerivedData/Merian-bsmebnfnhwnbdncricvwvveooidw/SourcePackages/checkouts/xctest-dynamic-overlay
    /Applications/Xcode.app/Contents/Developer/Toolchains/XcodeDefault.xctoolchain/usr/bin/clang -Xlinker -reproducible -target arm64-apple-ios13.0-simulator -r -isysroot /Applications/Xcode.app/Contents/Developer/Platforms/iPhoneSimulator.platform/Developer/SDKs/iPhoneSimulator26.2.sdk -O0 -w -L/Users/emreerdener/Library/Developer/Xcode/DerivedData/Merian-bsmebnfnhwnbdncricvwvveooidw/Build/Intermediates.noindex/EagerLinkingTBDs/Debug-iphonesimulator -L/Users/emreerdener/Library/Developer/Xcode/DerivedData/Merian-bsmebnfnhwnbdncricvwvveooidw/Build/Products/Debug-iphonesimulator -L/Applications/Xcode.app/Contents/Developer/Platforms/iPhoneSimulator.platform/Developer/usr/lib -F/Users/emreerdener/Library/Developer/Xcode/DerivedData/Merian-bsmebnfnhwnbdncricvwvveooidw/Build/Intermediates.noindex/EagerLinkingTBDs/Debug-iphonesimulator -F/Users/emreerdener/Library/Developer/Xcode/DerivedData/Merian-bsmebnfnhwnbdncricvwvveooidw/Build/Products/Debug-iphonesimulator/PackageFrameworks -F/Users/emreerdener/Library/Developer/Xcode/DerivedData/Merian-bsmebnfnhwnbdncricvwvveooidw/Build/Products/Debug-iphonesimulator -iframework /Applications/Xcode.app/Contents/Developer/Platforms/iPhoneSimulator.platform/Developer/Library/Frameworks -iframework /Applications/Xcode.app/Contents/Developer/Platforms/iPhoneSimulator.platform/Developer/SDKs/iPhoneSimulator26.2.sdk/Developer/Library/Frameworks -filelist /Users/emreerdener/Library/Developer/Xcode/DerivedData/Merian-bsmebnfnhwnbdncricvwvveooidw/Build/Intermediates.noindex/xctest-dynamic-overlay.build/Debug-iphonesimulator/IssueReporting.build/Objects-normal/arm64/IssueReporting.LinkFileList -nostdlib -Xlinker -object_path_lto -Xlinker /Users/emreerdener/Library/Developer/Xcode/DerivedData/Merian-bsmebnfnhwnbdncricvwvveooidw/Build/Intermediates.noindex/xctest-dynamic-overlay.build/Debug-iphonesimulator/IssueReporting.build/Objects-normal/arm64/IssueReporting_lto.o -rdynamic -Xlinker -no_deduplicate -Xlinker -objc_abi_version -Xlinker 2 -Xlinker -dependency_info -Xlinker /Users/emreerdener/Library/Developer/Xcode/DerivedData/Merian-bsmebnfnhwnbdncricvwvveooidw/Build/Intermediates.noindex/xctest-dynamic-overlay.build/Debug-iphonesimulator/IssueReporting.build/Objects-normal/arm64/IssueReporting_dependency_info.dat -fobjc-link-runtime -L/Applications/Xcode.app/Contents/Developer/Toolchains/XcodeDefault.xctoolchain/usr/lib/swift/iphonesimulator -L/usr/lib/swift -Xlinker -add_ast_path -Xlinker /Users/emreerdener/Library/Developer/Xcode/DerivedData/Merian-bsmebnfnhwnbdncricvwvveooidw/Build/Intermediates.noindex/xctest-dynamic-overlay.build/Debug-iphonesimulator/IssueReporting.build/Objects-normal/arm64/IssueReporting.swiftmodule @/Users/emreerdener/Library/Developer/Xcode/DerivedData/Merian-bsmebnfnhwnbdncricvwvveooidw/Build/Intermediates.noindex/xctest-dynamic-overlay.build/Debug-iphonesimulator/IssueReporting.build/Objects-normal/arm64/IssueReporting-linker-args.resp -o /Users/emreerdener/Library/Developer/Xcode/DerivedData/Merian-bsmebnfnhwnbdncricvwvveooidw/Build/Products/Debug-iphonesimulator/IssueReporting.o

RegisterExecutionPolicyException /Users/emreerdener/Library/Developer/Xcode/DerivedData/Merian-bsmebnfnhwnbdncricvwvveooidw/Build/Products/Debug-iphonesimulator/AppAuth.o (in target 'AppAuth' from project 'AppAuth')
    cd /Users/emreerdener/Library/Developer/Xcode/DerivedData/Merian-bsmebnfnhwnbdncricvwvveooidw/SourcePackages/checkouts/AppAuth-iOS
    builtin-RegisterExecutionPolicyException /Users/emreerdener/Library/Developer/Xcode/DerivedData/Merian-bsmebnfnhwnbdncricvwvveooidw/Build/Products/Debug-iphonesimulator/AppAuth.o

ExtractAppIntentsMetadata (in target 'GTMAppAuth' from project 'GTMAppAuth')
    cd /Users/emreerdener/Library/Developer/Xcode/DerivedData/Merian-bsmebnfnhwnbdncricvwvveooidw/SourcePackages/checkouts/GTMAppAuth
    /Applications/Xcode.app/Contents/Developer/Toolchains/XcodeDefault.xctoolchain/usr/bin/appintentsmetadataprocessor --toolchain-dir /Applications/Xcode.app/Contents/Developer/Toolchains/XcodeDefault.xctoolchain --module-name GTMAppAuth --sdk-root /Applications/Xcode.app/Contents/Developer/Platforms/iPhoneSimulator.platform/Developer/SDKs/iPhoneSimulator26.2.sdk --xcode-version 17C529 --platform-family iOS --deployment-target 12.0 --bundle-identifier gtmappauth.GTMAppAuth --output /Users/emreerdener/Library/Developer/Xcode/DerivedData/Merian-bsmebnfnhwnbdncricvwvveooidw/Build/Products/Debug-iphonesimulator/GTMAppAuth.appintents --target-triple arm64-apple-ios12.0-simulator --binary-file /Users/emreerdener/Library/Developer/Xcode/DerivedData/Merian-bsmebnfnhwnbdncricvwvveooidw/Build/Products/Debug-iphonesimulator/GTMAppAuth.o --dependency-file /Users/emreerdener/Library/Developer/Xcode/DerivedData/Merian-bsmebnfnhwnbdncricvwvveooidw/Build/Intermediates.noindex/GTMAppAuth.build/Debug-iphonesimulator/GTMAppAuth.build/Objects-normal/arm64/GTMAppAuth_dependency_info.dat --stringsdata-file /Users/emreerdener/Library/Developer/Xcode/DerivedData/Merian-bsmebnfnhwnbdncricvwvveooidw/Build/Intermediates.noindex/GTMAppAuth.build/Debug-iphonesimulator/GTMAppAuth.build/Objects-normal/arm64/ExtractedAppShortcutsMetadata.stringsdata --source-file-list /Users/emreerdener/Library/Developer/Xcode/DerivedData/Merian-bsmebnfnhwnbdncricvwvveooidw/Build/Intermediates.noindex/GTMAppAuth.build/Debug-iphonesimulator/GTMAppAuth.build/Objects-normal/arm64/GTMAppAuth.SwiftFileList --metadata-file-list /Users/emreerdener/Library/Developer/Xcode/DerivedData/Merian-bsmebnfnhwnbdncricvwvveooidw/Build/Intermediates.noindex/GTMAppAuth.build/Debug-iphonesimulator/GTMAppAuth.build/GTMAppAuth.DependencyMetadataFileList --static-metadata-file-list /Users/emreerdener/Library/Developer/Xcode/DerivedData/Merian-bsmebnfnhwnbdncricvwvveooidw/Build/Intermediates.noindex/GTMAppAuth.build/Debug-iphonesimulator/GTMAppAuth.build/GTMAppAuth.DependencyStaticMetadataFileList --swift-const-vals-list /Users/emreerdener/Library/Developer/Xcode/DerivedData/Merian-bsmebnfnhwnbdncricvwvveooidw/Build/Intermediates.noindex/GTMAppAuth.build/Debug-iphonesimulator/GTMAppAuth.build/Objects-normal/arm64/GTMAppAuth.SwiftConstValuesFileList --force --compile-time-extraction --deployment-aware-processing --validate-assistant-intents --no-app-shortcuts-localization
2026-03-10 18:12:20.989 appintentsmetadataprocessor[9873:18725008] Starting appintentsmetadataprocessor export
2026-03-10 18:12:21.196 appintentsmetadataprocessor[9873:18725008] Extracted no relevant App Intents symbols, skipping writing output

ExtractAppIntentsMetadata (in target 'IssueReporting' from project 'xctest-dynamic-overlay')
    cd /Users/emreerdener/Library/Developer/Xcode/DerivedData/Merian-bsmebnfnhwnbdncricvwvveooidw/SourcePackages/checkouts/xctest-dynamic-overlay
    /Applications/Xcode.app/Contents/Developer/Toolchains/XcodeDefault.xctoolchain/usr/bin/appintentsmetadataprocessor --toolchain-dir /Applications/Xcode.app/Contents/Developer/Toolchains/XcodeDefault.xctoolchain --module-name IssueReporting --sdk-root /Applications/Xcode.app/Contents/Developer/Platforms/iPhoneSimulator.platform/Developer/SDKs/iPhoneSimulator26.2.sdk --xcode-version 17C529 --platform-family iOS --deployment-target 13.0 --bundle-identifier xctest-dynamic-overlay.IssueReporting --output /Users/emreerdener/Library/Developer/Xcode/DerivedData/Merian-bsmebnfnhwnbdncricvwvveooidw/Build/Products/Debug-iphonesimulator/IssueReporting.appintents --target-triple arm64-apple-ios13.0-simulator --binary-file /Users/emreerdener/Library/Developer/Xcode/DerivedData/Merian-bsmebnfnhwnbdncricvwvveooidw/Build/Products/Debug-iphonesimulator/IssueReporting.o --dependency-file /Users/emreerdener/Library/Developer/Xcode/DerivedData/Merian-bsmebnfnhwnbdncricvwvveooidw/Build/Intermediates.noindex/xctest-dynamic-overlay.build/Debug-iphonesimulator/IssueReporting.build/Objects-normal/arm64/IssueReporting_dependency_info.dat --stringsdata-file /Users/emreerdener/Library/Developer/Xcode/DerivedData/Merian-bsmebnfnhwnbdncricvwvveooidw/Build/Intermediates.noindex/xctest-dynamic-overlay.build/Debug-iphonesimulator/IssueReporting.build/Objects-normal/arm64/ExtractedAppShortcutsMetadata.stringsdata --source-file-list /Users/emreerdener/Library/Developer/Xcode/DerivedData/Merian-bsmebnfnhwnbdncricvwvveooidw/Build/Intermediates.noindex/xctest-dynamic-overlay.build/Debug-iphonesimulator/IssueReporting.build/Objects-normal/arm64/IssueReporting.SwiftFileList --metadata-file-list /Users/emreerdener/Library/Developer/Xcode/DerivedData/Merian-bsmebnfnhwnbdncricvwvveooidw/Build/Intermediates.noindex/xctest-dynamic-overlay.build/Debug-iphonesimulator/IssueReporting.build/IssueReporting.DependencyMetadataFileList --static-metadata-file-list /Users/emreerdener/Library/Developer/Xcode/DerivedData/Merian-bsmebnfnhwnbdncricvwvveooidw/Build/Intermediates.noindex/xctest-dynamic-overlay.build/Debug-iphonesimulator/IssueReporting.build/IssueReporting.DependencyStaticMetadataFileList --swift-const-vals-list /Users/emreerdener/Library/Developer/Xcode/DerivedData/Merian-bsmebnfnhwnbdncricvwvveooidw/Build/Intermediates.noindex/xctest-dynamic-overlay.build/Debug-iphonesimulator/IssueReporting.build/Objects-normal/arm64/IssueReporting.SwiftConstValuesFileList --force --compile-time-extraction --deployment-aware-processing --validate-assistant-intents --no-app-shortcuts-localization
2026-03-10 18:12:21.004 appintentsmetadataprocessor[9874:18725020] Starting appintentsmetadataprocessor export
2026-03-10 18:12:21.207 appintentsmetadataprocessor[9874:18725020] Extracted no relevant App Intents symbols, skipping writing output

ExtractAppIntentsMetadata (in target 'PostHog' from project 'PostHog')
    cd /Users/emreerdener/Library/Developer/Xcode/DerivedData/Merian-bsmebnfnhwnbdncricvwvveooidw/SourcePackages/checkouts/posthog-ios
    /Applications/Xcode.app/Contents/Developer/Toolchains/XcodeDefault.xctoolchain/usr/bin/appintentsmetadataprocessor --toolchain-dir /Applications/Xcode.app/Contents/Developer/Toolchains/XcodeDefault.xctoolchain --module-name PostHog --sdk-root /Applications/Xcode.app/Contents/Developer/Platforms/iPhoneSimulator.platform/Developer/SDKs/iPhoneSimulator26.2.sdk --xcode-version 17C529 --platform-family iOS --deployment-target 13.0 --bundle-identifier posthog-ios.PostHog --output /Users/emreerdener/Library/Developer/Xcode/DerivedData/Merian-bsmebnfnhwnbdncricvwvveooidw/Build/Products/Debug-iphonesimulator/PostHog.appintents --target-triple arm64-apple-ios13.0-simulator --binary-file /Users/emreerdener/Library/Developer/Xcode/DerivedData/Merian-bsmebnfnhwnbdncricvwvveooidw/Build/Products/Debug-iphonesimulator/PostHog.o --dependency-file /Users/emreerdener/Library/Developer/Xcode/DerivedData/Merian-bsmebnfnhwnbdncricvwvveooidw/Build/Intermediates.noindex/PostHog.build/Debug-iphonesimulator/PostHog.build/Objects-normal/arm64/PostHog_dependency_info.dat --stringsdata-file /Users/emreerdener/Library/Developer/Xcode/DerivedData/Merian-bsmebnfnhwnbdncricvwvveooidw/Build/Intermediates.noindex/PostHog.build/Debug-iphonesimulator/PostHog.build/Objects-normal/arm64/ExtractedAppShortcutsMetadata.stringsdata --source-file-list /Users/emreerdener/Library/Developer/Xcode/DerivedData/Merian-bsmebnfnhwnbdncricvwvveooidw/Build/Intermediates.noindex/PostHog.build/Debug-iphonesimulator/PostHog.build/Objects-normal/arm64/PostHog.SwiftFileList --metadata-file-list /Users/emreerdener/Library/Developer/Xcode/DerivedData/Merian-bsmebnfnhwnbdncricvwvveooidw/Build/Intermediates.noindex/PostHog.build/Debug-iphonesimulator/PostHog.build/PostHog.DependencyMetadataFileList --static-metadata-file-list /Users/emreerdener/Library/Developer/Xcode/DerivedData/Merian-bsmebnfnhwnbdncricvwvveooidw/Build/Intermediates.noindex/PostHog.build/Debug-iphonesimulator/PostHog.build/PostHog.DependencyStaticMetadataFileList --swift-const-vals-list /Users/emreerdener/Library/Developer/Xcode/DerivedData/Merian-bsmebnfnhwnbdncricvwvveooidw/Build/Intermediates.noindex/PostHog.build/Debug-iphonesimulator/PostHog.build/Objects-normal/arm64/PostHog.SwiftConstValuesFileList --force --compile-time-extraction --deployment-aware-processing --validate-assistant-intents --no-app-shortcuts-localization
2026-03-10 18:12:21.017 appintentsmetadataprocessor[9875:18725021] Starting appintentsmetadataprocessor export
2026-03-10 18:12:21.207 appintentsmetadataprocessor[9875:18725021] Extracted no relevant App Intents symbols, skipping writing output

RegisterExecutionPolicyException /Users/emreerdener/Library/Developer/Xcode/DerivedData/Merian-bsmebnfnhwnbdncricvwvveooidw/Build/Products/Debug-iphonesimulator/RevenueCat.o (in target 'RevenueCat' from project 'RevenueCat')
    cd /Users/emreerdener/Library/Developer/Xcode/DerivedData/Merian-bsmebnfnhwnbdncricvwvveooidw/SourcePackages/checkouts/purchases-ios
    builtin-RegisterExecutionPolicyException /Users/emreerdener/Library/Developer/Xcode/DerivedData/Merian-bsmebnfnhwnbdncricvwvveooidw/Build/Products/Debug-iphonesimulator/RevenueCat.o

RegisterExecutionPolicyException /Users/emreerdener/Library/Developer/Xcode/DerivedData/Merian-bsmebnfnhwnbdncricvwvveooidw/Build/Products/Debug-iphonesimulator/GTMAppAuth.o (in target 'GTMAppAuth' from project 'GTMAppAuth')
    cd /Users/emreerdener/Library/Developer/Xcode/DerivedData/Merian-bsmebnfnhwnbdncricvwvveooidw/SourcePackages/checkouts/GTMAppAuth
    builtin-RegisterExecutionPolicyException /Users/emreerdener/Library/Developer/Xcode/DerivedData/Merian-bsmebnfnhwnbdncricvwvveooidw/Build/Products/Debug-iphonesimulator/GTMAppAuth.o

RegisterExecutionPolicyException /Users/emreerdener/Library/Developer/Xcode/DerivedData/Merian-bsmebnfnhwnbdncricvwvveooidw/Build/Products/Debug-iphonesimulator/IssueReporting.o (in target 'IssueReporting' from project 'xctest-dynamic-overlay')
    cd /Users/emreerdener/Library/Developer/Xcode/DerivedData/Merian-bsmebnfnhwnbdncricvwvveooidw/SourcePackages/checkouts/xctest-dynamic-overlay
    builtin-RegisterExecutionPolicyException /Users/emreerdener/Library/Developer/Xcode/DerivedData/Merian-bsmebnfnhwnbdncricvwvveooidw/Build/Products/Debug-iphonesimulator/IssueReporting.o

RegisterExecutionPolicyException /Users/emreerdener/Library/Developer/Xcode/DerivedData/Merian-bsmebnfnhwnbdncricvwvveooidw/Build/Products/Debug-iphonesimulator/PostHog.o (in target 'PostHog' from project 'PostHog')
    cd /Users/emreerdener/Library/Developer/Xcode/DerivedData/Merian-bsmebnfnhwnbdncricvwvveooidw/SourcePackages/checkouts/posthog-ios
    builtin-RegisterExecutionPolicyException /Users/emreerdener/Library/Developer/Xcode/DerivedData/Merian-bsmebnfnhwnbdncricvwvveooidw/Build/Products/Debug-iphonesimulator/PostHog.o

Ld /Users/emreerdener/Library/Developer/Xcode/DerivedData/Merian-bsmebnfnhwnbdncricvwvveooidw/Build/Products/Debug-iphonesimulator/GoogleSignIn.o normal (in target 'GoogleSignIn' from project 'GoogleSignIn')
    cd /Users/emreerdener/Library/Developer/Xcode/DerivedData/Merian-bsmebnfnhwnbdncricvwvveooidw/SourcePackages/checkouts/GoogleSignIn-iOS
    /Applications/Xcode.app/Contents/Developer/Toolchains/XcodeDefault.xctoolchain/usr/bin/clang -Xlinker -reproducible -target arm64-apple-ios12.0-simulator -r -isysroot /Applications/Xcode.app/Contents/Developer/Platforms/iPhoneSimulator.platform/Developer/SDKs/iPhoneSimulator26.2.sdk -O0 -w -L/Users/emreerdener/Library/Developer/Xcode/DerivedData/Merian-bsmebnfnhwnbdncricvwvveooidw/Build/Intermediates.noindex/EagerLinkingTBDs/Debug-iphonesimulator -L/Users/emreerdener/Library/Developer/Xcode/DerivedData/Merian-bsmebnfnhwnbdncricvwvveooidw/Build/Products/Debug-iphonesimulator -L/Applications/Xcode.app/Contents/Developer/Platforms/iPhoneSimulator.platform/Developer/usr/lib -F/Users/emreerdener/Library/Developer/Xcode/DerivedData/Merian-bsmebnfnhwnbdncricvwvveooidw/Build/Intermediates.noindex/EagerLinkingTBDs/Debug-iphonesimulator -F/Users/emreerdener/Library/Developer/Xcode/DerivedData/Merian-bsmebnfnhwnbdncricvwvveooidw/Build/Products/Debug-iphonesimulator/PackageFrameworks -F/Users/emreerdener/Library/Developer/Xcode/DerivedData/Merian-bsmebnfnhwnbdncricvwvveooidw/Build/Products/Debug-iphonesimulator/PackageFrameworks -F/Users/emreerdener/Library/Developer/Xcode/DerivedData/Merian-bsmebnfnhwnbdncricvwvveooidw/Build/Products/Debug-iphonesimulator/PackageFrameworks -F/Users/emreerdener/Library/Developer/Xcode/DerivedData/Merian-bsmebnfnhwnbdncricvwvveooidw/Build/Products/Debug-iphonesimulator/PackageFrameworks -F/Users/emreerdener/Library/Developer/Xcode/DerivedData/Merian-bsmebnfnhwnbdncricvwvveooidw/Build/Products/Debug-iphonesimulator -iframework /Applications/Xcode.app/Contents/Developer/Platforms/iPhoneSimulator.platform/Developer/Library/Frameworks -iframework /Applications/Xcode.app/Contents/Developer/Platforms/iPhoneSimulator.platform/Developer/SDKs/iPhoneSimulator26.2.sdk/Developer/Library/Frameworks -filelist /Users/emreerdener/Library/Developer/Xcode/DerivedData/Merian-bsmebnfnhwnbdncricvwvveooidw/Build/Intermediates.noindex/GoogleSignIn.build/Debug-iphonesimulator/GoogleSignIn.build/Objects-normal/arm64/GoogleSignIn.LinkFileList -nostdlib -Xlinker -object_path_lto -Xlinker /Users/emreerdener/Library/Developer/Xcode/DerivedData/Merian-bsmebnfnhwnbdncricvwvveooidw/Build/Intermediates.noindex/GoogleSignIn.build/Debug-iphonesimulator/GoogleSignIn.build/Objects-normal/arm64/GoogleSignIn_lto.o -rdynamic -Xlinker -no_deduplicate -Xlinker -objc_abi_version -Xlinker 2 -Xlinker -dependency_info -Xlinker /Users/emreerdener/Library/Developer/Xcode/DerivedData/Merian-bsmebnfnhwnbdncricvwvveooidw/Build/Intermediates.noindex/GoogleSignIn.build/Debug-iphonesimulator/GoogleSignIn.build/Objects-normal/arm64/GoogleSignIn_dependency_info.dat -fobjc-arc -fobjc-link-runtime -o /Users/emreerdener/Library/Developer/Xcode/DerivedData/Merian-bsmebnfnhwnbdncricvwvveooidw/Build/Products/Debug-iphonesimulator/GoogleSignIn.o

Ld /Users/emreerdener/Library/Developer/Xcode/DerivedData/Merian-bsmebnfnhwnbdncricvwvveooidw/Build/Products/Debug-iphonesimulator/XCTestDynamicOverlay.o normal (in target 'XCTestDynamicOverlay' from project 'xctest-dynamic-overlay')
    cd /Users/emreerdener/Library/Developer/Xcode/DerivedData/Merian-bsmebnfnhwnbdncricvwvveooidw/SourcePackages/checkouts/xctest-dynamic-overlay
    /Applications/Xcode.app/Contents/Developer/Toolchains/XcodeDefault.xctoolchain/usr/bin/clang -Xlinker -reproducible -target arm64-apple-ios13.0-simulator -r -isysroot /Applications/Xcode.app/Contents/Developer/Platforms/iPhoneSimulator.platform/Developer/SDKs/iPhoneSimulator26.2.sdk -O0 -w -L/Users/emreerdener/Library/Developer/Xcode/DerivedData/Merian-bsmebnfnhwnbdncricvwvveooidw/Build/Intermediates.noindex/EagerLinkingTBDs/Debug-iphonesimulator -L/Users/emreerdener/Library/Developer/Xcode/DerivedData/Merian-bsmebnfnhwnbdncricvwvveooidw/Build/Products/Debug-iphonesimulator -L/Applications/Xcode.app/Contents/Developer/Platforms/iPhoneSimulator.platform/Developer/usr/lib -F/Users/emreerdener/Library/Developer/Xcode/DerivedData/Merian-bsmebnfnhwnbdncricvwvveooidw/Build/Intermediates.noindex/EagerLinkingTBDs/Debug-iphonesimulator -F/Users/emreerdener/Library/Developer/Xcode/DerivedData/Merian-bsmebnfnhwnbdncricvwvveooidw/Build/Products/Debug-iphonesimulator/PackageFrameworks -F/Users/emreerdener/Library/Developer/Xcode/DerivedData/Merian-bsmebnfnhwnbdncricvwvveooidw/Build/Products/Debug-iphonesimulator/PackageFrameworks -F/Users/emreerdener/Library/Developer/Xcode/DerivedData/Merian-bsmebnfnhwnbdncricvwvveooidw/Build/Products/Debug-iphonesimulator -iframework /Applications/Xcode.app/Contents/Developer/Platforms/iPhoneSimulator.platform/Developer/Library/Frameworks -iframework /Applications/Xcode.app/Contents/Developer/Platforms/iPhoneSimulator.platform/Developer/SDKs/iPhoneSimulator26.2.sdk/Developer/Library/Frameworks -filelist /Users/emreerdener/Library/Developer/Xcode/DerivedData/Merian-bsmebnfnhwnbdncricvwvveooidw/Build/Intermediates.noindex/xctest-dynamic-overlay.build/Debug-iphonesimulator/XCTestDynamicOverlay.build/Objects-normal/arm64/XCTestDynamicOverlay.LinkFileList -nostdlib -Xlinker -object_path_lto -Xlinker /Users/emreerdener/Library/Developer/Xcode/DerivedData/Merian-bsmebnfnhwnbdncricvwvveooidw/Build/Intermediates.noindex/xctest-dynamic-overlay.build/Debug-iphonesimulator/XCTestDynamicOverlay.build/Objects-normal/arm64/XCTestDynamicOverlay_lto.o -rdynamic -Xlinker -no_deduplicate -Xlinker -objc_abi_version -Xlinker 2 -Xlinker -dependency_info -Xlinker /Users/emreerdener/Library/Developer/Xcode/DerivedData/Merian-bsmebnfnhwnbdncricvwvveooidw/Build/Intermediates.noindex/xctest-dynamic-overlay.build/Debug-iphonesimulator/XCTestDynamicOverlay.build/Objects-normal/arm64/XCTestDynamicOverlay_dependency_info.dat -fobjc-link-runtime -L/Applications/Xcode.app/Contents/Developer/Toolchains/XcodeDefault.xctoolchain/usr/lib/swift/iphonesimulator -L/usr/lib/swift -Xlinker -add_ast_path -Xlinker /Users/emreerdener/Library/Developer/Xcode/DerivedData/Merian-bsmebnfnhwnbdncricvwvveooidw/Build/Intermediates.noindex/xctest-dynamic-overlay.build/Debug-iphonesimulator/XCTestDynamicOverlay.build/Objects-normal/arm64/XCTestDynamicOverlay.swiftmodule @/Users/emreerdener/Library/Developer/Xcode/DerivedData/Merian-bsmebnfnhwnbdncricvwvveooidw/Build/Intermediates.noindex/xctest-dynamic-overlay.build/Debug-iphonesimulator/XCTestDynamicOverlay.build/Objects-normal/arm64/XCTestDynamicOverlay-linker-args.resp -o /Users/emreerdener/Library/Developer/Xcode/DerivedData/Merian-bsmebnfnhwnbdncricvwvveooidw/Build/Products/Debug-iphonesimulator/XCTestDynamicOverlay.o

Ld /Users/emreerdener/Library/Developer/Xcode/DerivedData/Merian-bsmebnfnhwnbdncricvwvveooidw/Build/Products/Debug-iphonesimulator/Clocks.o normal (in target 'Clocks' from project 'swift-clocks')
    cd /Users/emreerdener/Library/Developer/Xcode/DerivedData/Merian-bsmebnfnhwnbdncricvwvveooidw/SourcePackages/checkouts/swift-clocks
    /Applications/Xcode.app/Contents/Developer/Toolchains/XcodeDefault.xctoolchain/usr/bin/clang -Xlinker -reproducible -target arm64-apple-ios13.0-simulator -r -isysroot /Applications/Xcode.app/Contents/Developer/Platforms/iPhoneSimulator.platform/Developer/SDKs/iPhoneSimulator26.2.sdk -O0 -w -L/Users/emreerdener/Library/Developer/Xcode/DerivedData/Merian-bsmebnfnhwnbdncricvwvveooidw/Build/Intermediates.noindex/EagerLinkingTBDs/Debug-iphonesimulator -L/Users/emreerdener/Library/Developer/Xcode/DerivedData/Merian-bsmebnfnhwnbdncricvwvveooidw/Build/Products/Debug-iphonesimulator -L/Applications/Xcode.app/Contents/Developer/Platforms/iPhoneSimulator.platform/Developer/usr/lib -F/Users/emreerdener/Library/Developer/Xcode/DerivedData/Merian-bsmebnfnhwnbdncricvwvveooidw/Build/Intermediates.noindex/EagerLinkingTBDs/Debug-iphonesimulator -F/Users/emreerdener/Library/Developer/Xcode/DerivedData/Merian-bsmebnfnhwnbdncricvwvveooidw/Build/Products/Debug-iphonesimulator/PackageFrameworks -F/Users/emreerdener/Library/Developer/Xcode/DerivedData/Merian-bsmebnfnhwnbdncricvwvveooidw/Build/Products/Debug-iphonesimulator/PackageFrameworks -F/Users/emreerdener/Library/Developer/Xcode/DerivedData/Merian-bsmebnfnhwnbdncricvwvveooidw/Build/Products/Debug-iphonesimulator/PackageFrameworks -F/Users/emreerdener/Library/Developer/Xcode/DerivedData/Merian-bsmebnfnhwnbdncricvwvveooidw/Build/Products/Debug-iphonesimulator -iframework /Applications/Xcode.app/Contents/Developer/Platforms/iPhoneSimulator.platform/Developer/Library/Frameworks -iframework /Applications/Xcode.app/Contents/Developer/Platforms/iPhoneSimulator.platform/Developer/SDKs/iPhoneSimulator26.2.sdk/Developer/Library/Frameworks -filelist /Users/emreerdener/Library/Developer/Xcode/DerivedData/Merian-bsmebnfnhwnbdncricvwvveooidw/Build/Intermediates.noindex/swift-clocks.build/Debug-iphonesimulator/Clocks.build/Objects-normal/arm64/Clocks.LinkFileList -nostdlib -Xlinker -object_path_lto -Xlinker /Users/emreerdener/Library/Developer/Xcode/DerivedData/Merian-bsmebnfnhwnbdncricvwvveooidw/Build/Intermediates.noindex/swift-clocks.build/Debug-iphonesimulator/Clocks.build/Objects-normal/arm64/Clocks_lto.o -rdynamic -Xlinker -no_deduplicate -Xlinker -objc_abi_version -Xlinker 2 -Xlinker -dependency_info -Xlinker /Users/emreerdener/Library/Developer/Xcode/DerivedData/Merian-bsmebnfnhwnbdncricvwvveooidw/Build/Intermediates.noindex/swift-clocks.build/Debug-iphonesimulator/Clocks.build/Objects-normal/arm64/Clocks_dependency_info.dat -fobjc-link-runtime -L/Applications/Xcode.app/Contents/Developer/Toolchains/XcodeDefault.xctoolchain/usr/lib/swift/iphonesimulator -L/usr/lib/swift -Xlinker -add_ast_path -Xlinker /Users/emreerdener/Library/Developer/Xcode/DerivedData/Merian-bsmebnfnhwnbdncricvwvveooidw/Build/Intermediates.noindex/swift-clocks.build/Debug-iphonesimulator/Clocks.build/Objects-normal/arm64/Clocks.swiftmodule @/Users/emreerdener/Library/Developer/Xcode/DerivedData/Merian-bsmebnfnhwnbdncricvwvveooidw/Build/Intermediates.noindex/swift-clocks.build/Debug-iphonesimulator/Clocks.build/Objects-normal/arm64/Clocks-linker-args.resp -o /Users/emreerdener/Library/Developer/Xcode/DerivedData/Merian-bsmebnfnhwnbdncricvwvveooidw/Build/Products/Debug-iphonesimulator/Clocks.o

RegisterExecutionPolicyException /Users/emreerdener/Library/Developer/Xcode/DerivedData/Merian-bsmebnfnhwnbdncricvwvveooidw/Build/Products/Debug-iphonesimulator/GoogleSignIn.o (in target 'GoogleSignIn' from project 'GoogleSignIn')
    cd /Users/emreerdener/Library/Developer/Xcode/DerivedData/Merian-bsmebnfnhwnbdncricvwvveooidw/SourcePackages/checkouts/GoogleSignIn-iOS
    builtin-RegisterExecutionPolicyException /Users/emreerdener/Library/Developer/Xcode/DerivedData/Merian-bsmebnfnhwnbdncricvwvveooidw/Build/Products/Debug-iphonesimulator/GoogleSignIn.o

ExtractAppIntentsMetadata (in target 'XCTestDynamicOverlay' from project 'xctest-dynamic-overlay')
    cd /Users/emreerdener/Library/Developer/Xcode/DerivedData/Merian-bsmebnfnhwnbdncricvwvveooidw/SourcePackages/checkouts/xctest-dynamic-overlay
    /Applications/Xcode.app/Contents/Developer/Toolchains/XcodeDefault.xctoolchain/usr/bin/appintentsmetadataprocessor --toolchain-dir /Applications/Xcode.app/Contents/Developer/Toolchains/XcodeDefault.xctoolchain --module-name XCTestDynamicOverlay --sdk-root /Applications/Xcode.app/Contents/Developer/Platforms/iPhoneSimulator.platform/Developer/SDKs/iPhoneSimulator26.2.sdk --xcode-version 17C529 --platform-family iOS --deployment-target 13.0 --bundle-identifier xctest-dynamic-overlay.XCTestDynamicOverlay --output /Users/emreerdener/Library/Developer/Xcode/DerivedData/Merian-bsmebnfnhwnbdncricvwvveooidw/Build/Products/Debug-iphonesimulator/XCTestDynamicOverlay.appintents --target-triple arm64-apple-ios13.0-simulator --binary-file /Users/emreerdener/Library/Developer/Xcode/DerivedData/Merian-bsmebnfnhwnbdncricvwvveooidw/Build/Products/Debug-iphonesimulator/XCTestDynamicOverlay.o --dependency-file /Users/emreerdener/Library/Developer/Xcode/DerivedData/Merian-bsmebnfnhwnbdncricvwvveooidw/Build/Intermediates.noindex/xctest-dynamic-overlay.build/Debug-iphonesimulator/XCTestDynamicOverlay.build/Objects-normal/arm64/XCTestDynamicOverlay_dependency_info.dat --stringsdata-file /Users/emreerdener/Library/Developer/Xcode/DerivedData/Merian-bsmebnfnhwnbdncricvwvveooidw/Build/Intermediates.noindex/xctest-dynamic-overlay.build/Debug-iphonesimulator/XCTestDynamicOverlay.build/Objects-normal/arm64/ExtractedAppShortcutsMetadata.stringsdata --source-file-list /Users/emreerdener/Library/Developer/Xcode/DerivedData/Merian-bsmebnfnhwnbdncricvwvveooidw/Build/Intermediates.noindex/xctest-dynamic-overlay.build/Debug-iphonesimulator/XCTestDynamicOverlay.build/Objects-normal/arm64/XCTestDynamicOverlay.SwiftFileList --metadata-file-list /Users/emreerdener/Library/Developer/Xcode/DerivedData/Merian-bsmebnfnhwnbdncricvwvveooidw/Build/Intermediates.noindex/xctest-dynamic-overlay.build/Debug-iphonesimulator/XCTestDynamicOverlay.build/XCTestDynamicOverlay.DependencyMetadataFileList --static-metadata-file-list /Users/emreerdener/Library/Developer/Xcode/DerivedData/Merian-bsmebnfnhwnbdncricvwvveooidw/Build/Intermediates.noindex/xctest-dynamic-overlay.build/Debug-iphonesimulator/XCTestDynamicOverlay.build/XCTestDynamicOverlay.DependencyStaticMetadataFileList --swift-const-vals-list /Users/emreerdener/Library/Developer/Xcode/DerivedData/Merian-bsmebnfnhwnbdncricvwvveooidw/Build/Intermediates.noindex/xctest-dynamic-overlay.build/Debug-iphonesimulator/XCTestDynamicOverlay.build/Objects-normal/arm64/XCTestDynamicOverlay.SwiftConstValuesFileList --force --compile-time-extraction --deployment-aware-processing --validate-assistant-intents --no-app-shortcuts-localization
2026-03-10 18:12:21.283 appintentsmetadataprocessor[9882:18725076] Starting appintentsmetadataprocessor export
2026-03-10 18:12:21.401 appintentsmetadataprocessor[9882:18725076] Extracted no relevant App Intents symbols, skipping writing output

ExtractAppIntentsMetadata (in target 'Clocks' from project 'swift-clocks')
    cd /Users/emreerdener/Library/Developer/Xcode/DerivedData/Merian-bsmebnfnhwnbdncricvwvveooidw/SourcePackages/checkouts/swift-clocks
    /Applications/Xcode.app/Contents/Developer/Toolchains/XcodeDefault.xctoolchain/usr/bin/appintentsmetadataprocessor --toolchain-dir /Applications/Xcode.app/Contents/Developer/Toolchains/XcodeDefault.xctoolchain --module-name Clocks --sdk-root /Applications/Xcode.app/Contents/Developer/Platforms/iPhoneSimulator.platform/Developer/SDKs/iPhoneSimulator26.2.sdk --xcode-version 17C529 --platform-family iOS --deployment-target 13.0 --bundle-identifier swift-clocks.Clocks --output /Users/emreerdener/Library/Developer/Xcode/DerivedData/Merian-bsmebnfnhwnbdncricvwvveooidw/Build/Products/Debug-iphonesimulator/Clocks.appintents --target-triple arm64-apple-ios13.0-simulator --binary-file /Users/emreerdener/Library/Developer/Xcode/DerivedData/Merian-bsmebnfnhwnbdncricvwvveooidw/Build/Products/Debug-iphonesimulator/Clocks.o --dependency-file /Users/emreerdener/Library/Developer/Xcode/DerivedData/Merian-bsmebnfnhwnbdncricvwvveooidw/Build/Intermediates.noindex/swift-clocks.build/Debug-iphonesimulator/Clocks.build/Objects-normal/arm64/Clocks_dependency_info.dat --stringsdata-file /Users/emreerdener/Library/Developer/Xcode/DerivedData/Merian-bsmebnfnhwnbdncricvwvveooidw/Build/Intermediates.noindex/swift-clocks.build/Debug-iphonesimulator/Clocks.build/Objects-normal/arm64/ExtractedAppShortcutsMetadata.stringsdata --source-file-list /Users/emreerdener/Library/Developer/Xcode/DerivedData/Merian-bsmebnfnhwnbdncricvwvveooidw/Build/Intermediates.noindex/swift-clocks.build/Debug-iphonesimulator/Clocks.build/Objects-normal/arm64/Clocks.SwiftFileList --metadata-file-list /Users/emreerdener/Library/Developer/Xcode/DerivedData/Merian-bsmebnfnhwnbdncricvwvveooidw/Build/Intermediates.noindex/swift-clocks.build/Debug-iphonesimulator/Clocks.build/Clocks.DependencyMetadataFileList --static-metadata-file-list /Users/emreerdener/Library/Developer/Xcode/DerivedData/Merian-bsmebnfnhwnbdncricvwvveooidw/Build/Intermediates.noindex/swift-clocks.build/Debug-iphonesimulator/Clocks.build/Clocks.DependencyStaticMetadataFileList --swift-const-vals-list /Users/emreerdener/Library/Developer/Xcode/DerivedData/Merian-bsmebnfnhwnbdncricvwvveooidw/Build/Intermediates.noindex/swift-clocks.build/Debug-iphonesimulator/Clocks.build/Objects-normal/arm64/Clocks.SwiftConstValuesFileList --force --compile-time-extraction --deployment-aware-processing --validate-assistant-intents --no-app-shortcuts-localization
2026-03-10 18:12:21.287 appintentsmetadataprocessor[9883:18725077] Starting appintentsmetadataprocessor export
2026-03-10 18:12:21.404 appintentsmetadataprocessor[9883:18725077] Extracted no relevant App Intents symbols, skipping writing output

ConstructStubExecutorLinkFileList /Users/emreerdener/Library/Developer/Xcode/DerivedData/Merian-bsmebnfnhwnbdncricvwvveooidw/Build/Intermediates.noindex/Merian.build/Debug-watchsimulator/MerianWatch.build/MerianWatch-ExecutorLinkFileList-normal-x86_64.txt (in target 'MerianWatch' from project 'Merian')
    cd /Users/emreerdener/Developer/merian
    construct-stub-executor-link-file-list /Users/emreerdener/Library/Developer/Xcode/DerivedData/Merian-bsmebnfnhwnbdncricvwvveooidw/Build/Intermediates.noindex/Merian.build/Debug-watchsimulator/MerianWatch.build/Objects-normal/x86_64/Binary/MerianWatch.debug.dylib /Applications/Xcode.app/Contents/Developer/Platforms/WatchSimulator.platform/Developer/usr/lib/libPreviewsJITStubExecutor_no_swift_entry_point.a /Applications/Xcode.app/Contents/Developer/Platforms/WatchSimulator.platform/Developer/usr/lib/libPreviewsJITStubExecutor.a --output /Users/emreerdener/Library/Developer/Xcode/DerivedData/Merian-bsmebnfnhwnbdncricvwvveooidw/Build/Intermediates.noindex/Merian.build/Debug-watchsimulator/MerianWatch.build/MerianWatch-ExecutorLinkFileList-normal-x86_64.txt
note: Using stub executor library with Swift entry point. (in target 'MerianWatch' from project 'Merian')

CreateUniversalBinary /Users/emreerdener/Library/Developer/Xcode/DerivedData/Merian-bsmebnfnhwnbdncricvwvveooidw/Build/Products/Debug-watchsimulator/MerianWatch.app/MerianWatch.debug.dylib normal arm64\ x86_64 (in target 'MerianWatch' from project 'Merian')
    cd /Users/emreerdener/Developer/merian
    /Applications/Xcode.app/Contents/Developer/Toolchains/XcodeDefault.xctoolchain/usr/bin/lipo -create /Users/emreerdener/Library/Developer/Xcode/DerivedData/Merian-bsmebnfnhwnbdncricvwvveooidw/Build/Intermediates.noindex/Merian.build/Debug-watchsimulator/MerianWatch.build/Objects-normal/arm64/Binary/MerianWatch.debug.dylib /Users/emreerdener/Library/Developer/Xcode/DerivedData/Merian-bsmebnfnhwnbdncricvwvveooidw/Build/Intermediates.noindex/Merian.build/Debug-watchsimulator/MerianWatch.build/Objects-normal/x86_64/Binary/MerianWatch.debug.dylib -output /Users/emreerdener/Library/Developer/Xcode/DerivedData/Merian-bsmebnfnhwnbdncricvwvveooidw/Build/Products/Debug-watchsimulator/MerianWatch.app/MerianWatch.debug.dylib

Ld /Users/emreerdener/Library/Developer/Xcode/DerivedData/Merian-bsmebnfnhwnbdncricvwvveooidw/Build/Intermediates.noindex/Merian.build/Debug-watchsimulator/MerianWatch.build/Objects-normal/x86_64/Binary/MerianWatch normal x86_64 (in target 'MerianWatch' from project 'Merian')
    cd /Users/emreerdener/Developer/merian
    /Applications/Xcode.app/Contents/Developer/Toolchains/XcodeDefault.xctoolchain/usr/bin/clang -Xlinker -reproducible -target x86_64-apple-watchos10.0-simulator -isysroot /Applications/Xcode.app/Contents/Developer/Platforms/WatchSimulator.platform/Developer/SDKs/WatchSimulator26.2.sdk -O0 -L/Users/emreerdener/Library/Developer/Xcode/DerivedData/Merian-bsmebnfnhwnbdncricvwvveooidw/Build/Products/Debug-watchsimulator -F/Users/emreerdener/Library/Developer/Xcode/DerivedData/Merian-bsmebnfnhwnbdncricvwvveooidw/Build/Products/Debug-watchsimulator -Xlinker -rpath -Xlinker @executable_path -rdynamic -Xlinker -no_deduplicate -Xlinker -objc_abi_version -Xlinker 2 -e ___debug_blank_executor_main -Xlinker -sectcreate -Xlinker __TEXT -Xlinker __debug_dylib -Xlinker /Users/emreerdener/Library/Developer/Xcode/DerivedData/Merian-bsmebnfnhwnbdncricvwvveooidw/Build/Intermediates.noindex/Merian.build/Debug-watchsimulator/MerianWatch.build/MerianWatch-DebugDylibPath-normal-x86_64.txt -Xlinker -sectcreate -Xlinker __TEXT -Xlinker __debug_instlnm -Xlinker /Users/emreerdener/Library/Developer/Xcode/DerivedData/Merian-bsmebnfnhwnbdncricvwvveooidw/Build/Intermediates.noindex/Merian.build/Debug-watchsimulator/MerianWatch.build/MerianWatch-DebugDylibInstallName-normal-x86_64.txt -Xlinker -filelist -Xlinker /Users/emreerdener/Library/Developer/Xcode/DerivedData/Merian-bsmebnfnhwnbdncricvwvveooidw/Build/Intermediates.noindex/Merian.build/Debug-watchsimulator/MerianWatch.build/MerianWatch-ExecutorLinkFileList-normal-x86_64.txt -Xlinker -sectcreate -Xlinker __TEXT -Xlinker __entitlements -Xlinker /Users/emreerdener/Library/Developer/Xcode/DerivedData/Merian-bsmebnfnhwnbdncricvwvveooidw/Build/Intermediates.noindex/Merian.build/Debug-watchsimulator/MerianWatch.build/MerianWatch.app-Simulated.xcent -Xlinker -sectcreate -Xlinker __TEXT -Xlinker __ents_der -Xlinker /Users/emreerdener/Library/Developer/Xcode/DerivedData/Merian-bsmebnfnhwnbdncricvwvveooidw/Build/Intermediates.noindex/Merian.build/Debug-watchsimulator/MerianWatch.build/MerianWatch.app-Simulated.xcent.der /Users/emreerdener/Library/Developer/Xcode/DerivedData/Merian-bsmebnfnhwnbdncricvwvveooidw/Build/Intermediates.noindex/Merian.build/Debug-watchsimulator/MerianWatch.build/Objects-normal/x86_64/Binary/MerianWatch.debug.dylib -Xlinker -no_adhoc_codesign -o /Users/emreerdener/Library/Developer/Xcode/DerivedData/Merian-bsmebnfnhwnbdncricvwvveooidw/Build/Intermediates.noindex/Merian.build/Debug-watchsimulator/MerianWatch.build/Objects-normal/x86_64/Binary/MerianWatch

CreateUniversalBinary /Users/emreerdener/Library/Developer/Xcode/DerivedData/Merian-bsmebnfnhwnbdncricvwvveooidw/Build/Products/Debug-watchsimulator/MerianWatch.app/MerianWatch normal arm64\ x86_64 (in target 'MerianWatch' from project 'Merian')
    cd /Users/emreerdener/Developer/merian
    /Applications/Xcode.app/Contents/Developer/Toolchains/XcodeDefault.xctoolchain/usr/bin/lipo -create /Users/emreerdener/Library/Developer/Xcode/DerivedData/Merian-bsmebnfnhwnbdncricvwvveooidw/Build/Intermediates.noindex/Merian.build/Debug-watchsimulator/MerianWatch.build/Objects-normal/arm64/Binary/MerianWatch /Users/emreerdener/Library/Developer/Xcode/DerivedData/Merian-bsmebnfnhwnbdncricvwvveooidw/Build/Intermediates.noindex/Merian.build/Debug-watchsimulator/MerianWatch.build/Objects-normal/x86_64/Binary/MerianWatch -output /Users/emreerdener/Library/Developer/Xcode/DerivedData/Merian-bsmebnfnhwnbdncricvwvveooidw/Build/Products/Debug-watchsimulator/MerianWatch.app/MerianWatch

RegisterExecutionPolicyException /Users/emreerdener/Library/Developer/Xcode/DerivedData/Merian-bsmebnfnhwnbdncricvwvveooidw/Build/Products/Debug-iphonesimulator/XCTestDynamicOverlay.o (in target 'XCTestDynamicOverlay' from project 'xctest-dynamic-overlay')
    cd /Users/emreerdener/Library/Developer/Xcode/DerivedData/Merian-bsmebnfnhwnbdncricvwvveooidw/SourcePackages/checkouts/xctest-dynamic-overlay
    builtin-RegisterExecutionPolicyException /Users/emreerdener/Library/Developer/Xcode/DerivedData/Merian-bsmebnfnhwnbdncricvwvveooidw/Build/Products/Debug-iphonesimulator/XCTestDynamicOverlay.o

RegisterExecutionPolicyException /Users/emreerdener/Library/Developer/Xcode/DerivedData/Merian-bsmebnfnhwnbdncricvwvveooidw/Build/Products/Debug-iphonesimulator/Clocks.o (in target 'Clocks' from project 'swift-clocks')
    cd /Users/emreerdener/Library/Developer/Xcode/DerivedData/Merian-bsmebnfnhwnbdncricvwvveooidw/SourcePackages/checkouts/swift-clocks
    builtin-RegisterExecutionPolicyException /Users/emreerdener/Library/Developer/Xcode/DerivedData/Merian-bsmebnfnhwnbdncricvwvveooidw/Build/Products/Debug-iphonesimulator/Clocks.o

Ld /Users/emreerdener/Library/Developer/Xcode/DerivedData/Merian-bsmebnfnhwnbdncricvwvveooidw/Build/Products/Debug-iphonesimulator/Helpers.o normal (in target 'Helpers' from project 'Supabase')
    cd /Users/emreerdener/Library/Developer/Xcode/DerivedData/Merian-bsmebnfnhwnbdncricvwvveooidw/SourcePackages/checkouts/supabase-swift
    /Applications/Xcode.app/Contents/Developer/Toolchains/XcodeDefault.xctoolchain/usr/bin/clang -Xlinker -reproducible -target arm64-apple-ios13.0-simulator -r -isysroot /Applications/Xcode.app/Contents/Developer/Platforms/iPhoneSimulator.platform/Developer/SDKs/iPhoneSimulator26.2.sdk -O0 -w -L/Users/emreerdener/Library/Developer/Xcode/DerivedData/Merian-bsmebnfnhwnbdncricvwvveooidw/Build/Intermediates.noindex/EagerLinkingTBDs/Debug-iphonesimulator -L/Users/emreerdener/Library/Developer/Xcode/DerivedData/Merian-bsmebnfnhwnbdncricvwvveooidw/Build/Products/Debug-iphonesimulator -L/Applications/Xcode.app/Contents/Developer/Platforms/iPhoneSimulator.platform/Developer/usr/lib -F/Users/emreerdener/Library/Developer/Xcode/DerivedData/Merian-bsmebnfnhwnbdncricvwvveooidw/Build/Intermediates.noindex/EagerLinkingTBDs/Debug-iphonesimulator -F/Users/emreerdener/Library/Developer/Xcode/DerivedData/Merian-bsmebnfnhwnbdncricvwvveooidw/Build/Products/Debug-iphonesimulator/PackageFrameworks -F/Users/emreerdener/Library/Developer/Xcode/DerivedData/Merian-bsmebnfnhwnbdncricvwvveooidw/Build/Products/Debug-iphonesimulator/PackageFrameworks -F/Users/emreerdener/Library/Developer/Xcode/DerivedData/Merian-bsmebnfnhwnbdncricvwvveooidw/Build/Products/Debug-iphonesimulator/PackageFrameworks -F/Users/emreerdener/Library/Developer/Xcode/DerivedData/Merian-bsmebnfnhwnbdncricvwvveooidw/Build/Products/Debug-iphonesimulator/PackageFrameworks -F/Users/emreerdener/Library/Developer/Xcode/DerivedData/Merian-bsmebnfnhwnbdncricvwvveooidw/Build/Products/Debug-iphonesimulator/PackageFrameworks -F/Users/emreerdener/Library/Developer/Xcode/DerivedData/Merian-bsmebnfnhwnbdncricvwvveooidw/Build/Products/Debug-iphonesimulator/PackageFrameworks -F/Users/emreerdener/Library/Developer/Xcode/DerivedData/Merian-bsmebnfnhwnbdncricvwvveooidw/Build/Products/Debug-iphonesimulator -iframework /Applications/Xcode.app/Contents/Developer/Platforms/iPhoneSimulator.platform/Developer/Library/Frameworks -iframework /Applications/Xcode.app/Contents/Developer/Platforms/iPhoneSimulator.platform/Developer/SDKs/iPhoneSimulator26.2.sdk/Developer/Library/Frameworks -filelist /Users/emreerdener/Library/Developer/Xcode/DerivedData/Merian-bsmebnfnhwnbdncricvwvveooidw/Build/Intermediates.noindex/Supabase.build/Debug-iphonesimulator/Helpers.build/Objects-normal/arm64/Helpers.LinkFileList -nostdlib -Xlinker -object_path_lto -Xlinker /Users/emreerdener/Library/Developer/Xcode/DerivedData/Merian-bsmebnfnhwnbdncricvwvveooidw/Build/Intermediates.noindex/Supabase.build/Debug-iphonesimulator/Helpers.build/Objects-normal/arm64/Helpers_lto.o -rdynamic -Xlinker -no_deduplicate -Xlinker -objc_abi_version -Xlinker 2 -Xlinker -dependency_info -Xlinker /Users/emreerdener/Library/Developer/Xcode/DerivedData/Merian-bsmebnfnhwnbdncricvwvveooidw/Build/Intermediates.noindex/Supabase.build/Debug-iphonesimulator/Helpers.build/Objects-normal/arm64/Helpers_dependency_info.dat -fobjc-link-runtime -L/Applications/Xcode.app/Contents/Developer/Toolchains/XcodeDefault.xctoolchain/usr/lib/swift/iphonesimulator -L/usr/lib/swift -Xlinker -add_ast_path -Xlinker /Users/emreerdener/Library/Developer/Xcode/DerivedData/Merian-bsmebnfnhwnbdncricvwvveooidw/Build/Intermediates.noindex/Supabase.build/Debug-iphonesimulator/Helpers.build/Objects-normal/arm64/Helpers.swiftmodule @/Users/emreerdener/Library/Developer/Xcode/DerivedData/Merian-bsmebnfnhwnbdncricvwvveooidw/Build/Intermediates.noindex/Supabase.build/Debug-iphonesimulator/Helpers.build/Objects-normal/arm64/Helpers-linker-args.resp -o /Users/emreerdener/Library/Developer/Xcode/DerivedData/Merian-bsmebnfnhwnbdncricvwvveooidw/Build/Products/Debug-iphonesimulator/Helpers.o

ExtractAppIntentsMetadata (in target 'Helpers' from project 'Supabase')
    cd /Users/emreerdener/Library/Developer/Xcode/DerivedData/Merian-bsmebnfnhwnbdncricvwvveooidw/SourcePackages/checkouts/supabase-swift
    /Applications/Xcode.app/Contents/Developer/Toolchains/XcodeDefault.xctoolchain/usr/bin/appintentsmetadataprocessor --toolchain-dir /Applications/Xcode.app/Contents/Developer/Toolchains/XcodeDefault.xctoolchain --module-name Helpers --sdk-root /Applications/Xcode.app/Contents/Developer/Platforms/iPhoneSimulator.platform/Developer/SDKs/iPhoneSimulator26.2.sdk --xcode-version 17C529 --platform-family iOS --deployment-target 13.0 --bundle-identifier supabase-swift.Helpers --output /Users/emreerdener/Library/Developer/Xcode/DerivedData/Merian-bsmebnfnhwnbdncricvwvveooidw/Build/Products/Debug-iphonesimulator/Helpers.appintents --target-triple arm64-apple-ios13.0-simulator --binary-file /Users/emreerdener/Library/Developer/Xcode/DerivedData/Merian-bsmebnfnhwnbdncricvwvveooidw/Build/Products/Debug-iphonesimulator/Helpers.o --dependency-file /Users/emreerdener/Library/Developer/Xcode/DerivedData/Merian-bsmebnfnhwnbdncricvwvveooidw/Build/Intermediates.noindex/Supabase.build/Debug-iphonesimulator/Helpers.build/Objects-normal/arm64/Helpers_dependency_info.dat --stringsdata-file /Users/emreerdener/Library/Developer/Xcode/DerivedData/Merian-bsmebnfnhwnbdncricvwvveooidw/Build/Intermediates.noindex/Supabase.build/Debug-iphonesimulator/Helpers.build/Objects-normal/arm64/ExtractedAppShortcutsMetadata.stringsdata --source-file-list /Users/emreerdener/Library/Developer/Xcode/DerivedData/Merian-bsmebnfnhwnbdncricvwvveooidw/Build/Intermediates.noindex/Supabase.build/Debug-iphonesimulator/Helpers.build/Objects-normal/arm64/Helpers.SwiftFileList --metadata-file-list /Users/emreerdener/Library/Developer/Xcode/DerivedData/Merian-bsmebnfnhwnbdncricvwvveooidw/Build/Intermediates.noindex/Supabase.build/Debug-iphonesimulator/Helpers.build/Helpers.DependencyMetadataFileList --static-metadata-file-list /Users/emreerdener/Library/Developer/Xcode/DerivedData/Merian-bsmebnfnhwnbdncricvwvveooidw/Build/Intermediates.noindex/Supabase.build/Debug-iphonesimulator/Helpers.build/Helpers.DependencyStaticMetadataFileList --swift-const-vals-list /Users/emreerdener/Library/Developer/Xcode/DerivedData/Merian-bsmebnfnhwnbdncricvwvveooidw/Build/Intermediates.noindex/Supabase.build/Debug-iphonesimulator/Helpers.build/Objects-normal/arm64/Helpers.SwiftConstValuesFileList --force --compile-time-extraction --deployment-aware-processing --validate-assistant-intents --no-app-shortcuts-localization
2026-03-10 18:12:21.471 appintentsmetadataprocessor[9890:18725110] Starting appintentsmetadataprocessor export
2026-03-10 18:12:21.627 appintentsmetadataprocessor[9890:18725110] Extracted no relevant App Intents symbols, skipping writing output

SwiftCompile normal arm64 Compiling\ AppDIContainer.swift,\ AppTelemetry.swift,\ ArchiveManager.swift,\ CameraManager.swift /Users/emreerdener/Developer/merian/Merian/Core/AppDIContainer.swift /Users/emreerdener/Developer/merian/Merian/Core/Analytics/AppTelemetry.swift /Users/emreerdener/Developer/merian/Merian/Core/Data/ArchiveManager.swift /Users/emreerdener/Developer/merian/Merian/Core/Hardware/CameraManager.swift (in target 'Merian' from project 'Merian')

SwiftCompile normal arm64 /Users/emreerdener/Developer/merian/Merian/Core/AppDIContainer.swift (in target 'Merian' from project 'Merian')
    cd /Users/emreerdener/Developer/merian
    

SwiftCompile normal arm64 /Users/emreerdener/Developer/merian/Merian/Core/Analytics/AppTelemetry.swift (in target 'Merian' from project 'Merian')
    cd /Users/emreerdener/Developer/merian
    

SwiftCompile normal arm64 /Users/emreerdener/Developer/merian/Merian/Core/Data/ArchiveManager.swift (in target 'Merian' from project 'Merian')
    cd /Users/emreerdener/Developer/merian
    

SwiftCompile normal arm64 /Users/emreerdener/Developer/merian/Merian/Core/Hardware/CameraManager.swift (in target 'Merian' from project 'Merian')
    cd /Users/emreerdener/Developer/merian
    
/Users/emreerdener/Developer/merian/Merian/Core/Hardware/CameraManager.swift:84:25: warning: 'isHighResolutionCaptureEnabled' was deprecated in iOS 16.0: Use maxPhotoDimensions instead.
            photoOutput.isHighResolutionCaptureEnabled = true
                        ^
/Users/emreerdener/Developer/merian/Merian/Core/Hardware/CameraManager.swift:262:21: warning: capture of 'device' with non-Sendable type 'AVCaptureDevice' in a '@Sendable' closure
                try device.lockForConfiguration()
                    ^
/Applications/Xcode.app/Contents/Developer/Platforms/iPhoneSimulator.platform/Developer/SDKs/iPhoneSimulator26.2.sdk/System/Library/Frameworks/AVFoundation.framework/Headers/AVCaptureDevice.h:73:12: note: class 'AVCaptureDevice' does not conform to the 'Sendable' protocol
@interface AVCaptureDevice : NSObject
           ^
/Users/emreerdener/Developer/merian/Merian/Core/Hardware/CameraManager.swift:2:1: warning: add '@preconcurrency' to suppress 'Sendable'-related warnings from module 'AVFoundation'
import AVFoundation
^
@preconcurrency 
/Users/emreerdener/Developer/merian/Merian/Core/Hardware/CameraManager.swift:319:31: warning: 'isVideoOrientationSupported' was deprecated in iOS 17.0: Use -isVideoRotationAngleSupported: instead
                if connection.isVideoOrientationSupported {
                              ^
/Users/emreerdener/Developer/merian/Merian/Core/Hardware/CameraManager.swift:320:32: warning: 'videoOrientation' was deprecated in iOS 17.0: Use -videoRotationAngle instead
                    connection.videoOrientation = .portrait
                               ^
/Users/emreerdener/Developer/merian/Merian/Core/Hardware/CameraManager.swift:323:26: warning: 'isHighResolutionPhotoEnabled' was deprecated in iOS 16.0: Use maxPhotoDimensions instead.
                settings.isHighResolutionPhotoEnabled = self.photoOutput.isHighResolutionCaptureEnabled
                         ^
/Users/emreerdener/Developer/merian/Merian/Core/Hardware/CameraManager.swift:323:74: warning: 'isHighResolutionCaptureEnabled' was deprecated in iOS 16.0: Use maxPhotoDimensions instead.
                settings.isHighResolutionPhotoEnabled = self.photoOutput.isHighResolutionCaptureEnabled
                                                                         ^

SwiftCompile normal arm64 Compiling\ HapticManager.swift,\ HardwareOrchestrator.swift,\ ImageCropperView.swift,\ InferenceEngine.swift /Users/emreerdener/Developer/merian/Merian/Core/Hardware/HapticManager.swift /Users/emreerdener/Developer/merian/Merian/Core/Hardware/HardwareOrchestrator.swift /Users/emreerdener/Developer/merian/Merian/Features/Camera/ImageCropperView.swift /Users/emreerdener/Developer/merian/Merian/Core/AI/InferenceEngine.swift (in target 'Merian' from project 'Merian')

SwiftCompile normal arm64 /Users/emreerdener/Developer/merian/Merian/Core/Hardware/HapticManager.swift (in target 'Merian' from project 'Merian')
    cd /Users/emreerdener/Developer/merian
    

SwiftCompile normal arm64 /Users/emreerdener/Developer/merian/Merian/Core/Hardware/HardwareOrchestrator.swift (in target 'Merian' from project 'Merian')
    cd /Users/emreerdener/Developer/merian
    

SwiftCompile normal arm64 /Users/emreerdener/Developer/merian/Merian/Features/Camera/ImageCropperView.swift (in target 'Merian' from project 'Merian')
    cd /Users/emreerdener/Developer/merian
    

SwiftCompile normal arm64 /Users/emreerdener/Developer/merian/Merian/Core/AI/InferenceEngine.swift (in target 'Merian' from project 'Merian')
    cd /Users/emreerdener/Developer/merian
    

SwiftCompile normal arm64 Compiling\ DeviceIdentityManager.swift,\ DiagnosticComparisonView.swift,\ GamificationManager.swift,\ GlassCircularButton.swift /Users/emreerdener/Developer/merian/Merian/Core/Security/DeviceIdentityManager.swift /Users/emreerdener/Developer/merian/Merian/Features/Insights/DiagnosticComparisonView.swift /Users/emreerdener/Developer/merian/Merian/Core/Analytics/GamificationManager.swift /Users/emreerdener/Developer/merian/Merian/UIComponents/GlassCircularButton.swift (in target 'Merian' from project 'Merian')

SwiftCompile normal arm64 /Users/emreerdener/Developer/merian/Merian/Core/Security/DeviceIdentityManager.swift (in target 'Merian' from project 'Merian')
    cd /Users/emreerdener/Developer/merian
    

SwiftCompile normal arm64 /Users/emreerdener/Developer/merian/Merian/Features/Insights/DiagnosticComparisonView.swift (in target 'Merian' from project 'Merian')
    cd /Users/emreerdener/Developer/merian
    

SwiftCompile normal arm64 /Users/emreerdener/Developer/merian/Merian/Core/Analytics/GamificationManager.swift (in target 'Merian' from project 'Merian')
    cd /Users/emreerdener/Developer/merian
    

SwiftCompile normal arm64 /Users/emreerdener/Developer/merian/Merian/UIComponents/GlassCircularButton.swift (in target 'Merian' from project 'Merian')
    cd /Users/emreerdener/Developer/merian
    

SwiftCompile normal arm64 Compiling\ CameraPreviewView.swift,\ CameraRootView.swift,\ CameraViewModel.swift,\ CircuitBreakerManager.swift /Users/emreerdener/Developer/merian/Merian/UIComponents/CameraPreviewView.swift /Users/emreerdener/Developer/merian/Merian/Features/Camera/CameraRootView.swift /Users/emreerdener/Developer/merian/Merian/Features/Camera/CameraViewModel.swift /Users/emreerdener/Developer/merian/Merian/Core/Security/CircuitBreakerManager.swift (in target 'Merian' from project 'Merian')

SwiftCompile normal arm64 /Users/emreerdener/Developer/merian/Merian/UIComponents/CameraPreviewView.swift (in target 'Merian' from project 'Merian')
    cd /Users/emreerdener/Developer/merian
    

SwiftCompile normal arm64 /Users/emreerdener/Developer/merian/Merian/Features/Camera/CameraRootView.swift (in target 'Merian' from project 'Merian')
    cd /Users/emreerdener/Developer/merian
    
/Users/emreerdener/Developer/merian/Merian/Features/Camera/CameraRootView.swift:62:61: warning: main actor-isolated property 'isGlassmorphismEnabled' can not be referenced from a nonisolated context
                                    if hardwareOrchestrator.isGlassmorphismEnabled {
                                                            ^
/Users/emreerdener/Developer/merian/Merian/Core/Hardware/HardwareOrchestrator.swift:10:20: note: property declared here
    @Published var isGlassmorphismEnabled: Bool = true
                   ^
/Users/emreerdener/Developer/merian/Merian/Features/Camera/CameraRootView.swift:73:76: warning: main actor-isolated property 'latestThumbnail' can not be referenced from a nonisolated context
                                    if let thumbnail = photoLibraryManager.latestThumbnail {
                                                                           ^
/Users/emreerdener/Developer/merian/Merian/Core/Data/PhotoLibraryManager.swift:10:20: note: property declared here
    @Published var latestThumbnail: UIImage? = nil
                   ^

SwiftCompile normal arm64 /Users/emreerdener/Developer/merian/Merian/Features/Camera/CameraViewModel.swift (in target 'Merian' from project 'Merian')
    cd /Users/emreerdener/Developer/merian
    

SwiftCompile normal arm64 /Users/emreerdener/Developer/merian/Merian/Core/Security/CircuitBreakerManager.swift (in target 'Merian' from project 'Merian')
    cd /Users/emreerdener/Developer/merian
    

SwiftEmitModule normal arm64 Emitting\ module\ for\ Merian (in target 'Merian' from project 'Merian')

EmitSwiftModule normal arm64 (in target 'Merian' from project 'Merian')
    cd /Users/emreerdener/Developer/merian
    

SwiftCompile normal arm64 Compiling\ InsightSheetView.swift,\ LifeListSearchManager.swift,\ LocalScanRecord.swift,\ MerianActionBar.swift /Users/emreerdener/Developer/merian/Merian/Features/Insights/InsightSheetView.swift /Users/emreerdener/Developer/merian/Merian/Features/LifeList/LifeListSearchManager.swift /Users/emreerdener/Developer/merian/Merian/Models/LocalScanRecord.swift /Users/emreerdener/Developer/merian/Merian/Features/Camera/MerianActionBar.swift (in target 'Merian' from project 'Merian')

SwiftCompile normal arm64 /Users/emreerdener/Developer/merian/Merian/Features/Insights/InsightSheetView.swift (in target 'Merian' from project 'Merian')
    cd /Users/emreerdener/Developer/merian
    

SwiftCompile normal arm64 /Users/emreerdener/Developer/merian/Merian/Features/LifeList/LifeListSearchManager.swift (in target 'Merian' from project 'Merian')
    cd /Users/emreerdener/Developer/merian
    

SwiftCompile normal arm64 /Users/emreerdener/Developer/merian/Merian/Models/LocalScanRecord.swift (in target 'Merian' from project 'Merian')
    cd /Users/emreerdener/Developer/merian
    

SwiftCompile normal arm64 /Users/emreerdener/Developer/merian/Merian/Features/Camera/MerianActionBar.swift (in target 'Merian' from project 'Merian')
    cd /Users/emreerdener/Developer/merian
    
/Users/emreerdener/Developer/merian/Merian/Features/Camera/MerianActionBar.swift:44:29: warning: no 'async' operations occur within 'await' expression
                            await PhotoLibraryManager.shared.saveImageToLibrary(imageData: captureData)
                            ^

SwiftCompile normal arm64 Compiling\ SupabaseManager.swift,\ SyncStateManager.swift,\ TerrariumView.swift,\ UsageManager.swift /Users/emreerdener/Developer/merian/Merian/Core/Network/SupabaseManager.swift /Users/emreerdener/Developer/merian/Merian/Core/Data/SyncStateManager.swift /Users/emreerdener/Developer/merian/Merian/Features/Profile/TerrariumView.swift /Users/emreerdener/Developer/merian/Merian/Core/Analytics/UsageManager.swift (in target 'Merian' from project 'Merian')

SwiftCompile normal arm64 /Users/emreerdener/Developer/merian/Merian/Core/Network/SupabaseManager.swift (in target 'Merian' from project 'Merian')
    cd /Users/emreerdener/Developer/merian
    
/Users/emreerdener/Developer/merian/Merian/Core/Network/SupabaseManager.swift:67:59: warning: 'sessionNotFound' is deprecated: renamed to 'sessionMissing'
            if let authError = error as? AuthError, case .sessionNotFound = authError {
                                                          ^
/Users/emreerdener/Developer/merian/Merian/Core/Network/SupabaseManager.swift:67:59: note: use 'sessionMissing' instead
            if let authError = error as? AuthError, case .sessionNotFound = authError {
                                                          ^~~~~~~~~~~~~~~
                                                          sessionMissing
/Users/emreerdener/Developer/merian/Merian/Core/Network/SupabaseManager.swift:67:59: warning: 'sessionNotFound' is deprecated: renamed to 'sessionMissing'
            if let authError = error as? AuthError, case .sessionNotFound = authError {
                                                          ^
/Users/emreerdener/Developer/merian/Merian/Core/Network/SupabaseManager.swift:67:59: note: use 'sessionMissing' instead
            if let authError = error as? AuthError, case .sessionNotFound = authError {
                                                          ^~~~~~~~~~~~~~~
                                                          sessionMissing

SwiftCompile normal arm64 /Users/emreerdener/Developer/merian/Merian/Core/Data/SyncStateManager.swift (in target 'Merian' from project 'Merian')
    cd /Users/emreerdener/Developer/merian
    

SwiftCompile normal arm64 /Users/emreerdener/Developer/merian/Merian/Features/Profile/TerrariumView.swift (in target 'Merian' from project 'Merian')
    cd /Users/emreerdener/Developer/merian
    

SwiftCompile normal arm64 /Users/emreerdener/Developer/merian/Merian/Core/Analytics/UsageManager.swift (in target 'Merian' from project 'Merian')
    cd /Users/emreerdener/Developer/merian
    

SwiftCompile normal arm64 Compiling\ ViewfinderIntelligence.swift,\ VisualEffectBlur.swift,\ GeneratedAssetSymbols.swift /Users/emreerdener/Developer/merian/Merian/Core/AI/ViewfinderIntelligence.swift /Users/emreerdener/Developer/merian/Merian/UIComponents/VisualEffectBlur.swift /Users/emreerdener/Library/Developer/Xcode/DerivedData/Merian-bsmebnfnhwnbdncricvwvveooidw/Build/Intermediates.noindex/Merian.build/Debug-iphonesimulator/Merian.build/DerivedSources/GeneratedAssetSymbols.swift (in target 'Merian' from project 'Merian')

SwiftCompile normal arm64 /Users/emreerdener/Developer/merian/Merian/Core/AI/ViewfinderIntelligence.swift (in target 'Merian' from project 'Merian')
    cd /Users/emreerdener/Developer/merian
    

SwiftCompile normal arm64 /Users/emreerdener/Developer/merian/Merian/UIComponents/VisualEffectBlur.swift (in target 'Merian' from project 'Merian')
    cd /Users/emreerdener/Developer/merian
    

SwiftCompile normal arm64 /Users/emreerdener/Library/Developer/Xcode/DerivedData/Merian-bsmebnfnhwnbdncricvwvveooidw/Build/Intermediates.noindex/Merian.build/Debug-iphonesimulator/Merian.build/DerivedSources/GeneratedAssetSymbols.swift (in target 'Merian' from project 'Merian')
    cd /Users/emreerdener/Developer/merian
    

SwiftCompile normal arm64 Compiling\ MerianApp.swift,\ MerianAppIntents.swift,\ MerianEnvironment.swift,\ MerianNetworkClient.swift /Users/emreerdener/Developer/merian/Merian/App/MerianApp.swift /Users/emreerdener/Developer/merian/Merian/Core/Intents/MerianAppIntents.swift /Users/emreerdener/Developer/merian/Merian/Configuration/MerianEnvironment.swift /Users/emreerdener/Developer/merian/Merian/Core/Network/MerianNetworkClient.swift (in target 'Merian' from project 'Merian')

SwiftCompile normal arm64 /Users/emreerdener/Developer/merian/Merian/App/MerianApp.swift (in target 'Merian' from project 'Merian')
    cd /Users/emreerdener/Developer/merian
    
/Users/emreerdener/Developer/merian/Merian/App/MerianApp.swift:23:17: warning: no 'async' operations occur within 'await' expression
                await PostHogManager.shared.configure()
                ^

SwiftCompile normal arm64 /Users/emreerdener/Developer/merian/Merian/Core/Intents/MerianAppIntents.swift (in target 'Merian' from project 'Merian')
    cd /Users/emreerdener/Developer/merian
    

SwiftCompile normal arm64 /Users/emreerdener/Developer/merian/Merian/Configuration/MerianEnvironment.swift (in target 'Merian' from project 'Merian')
    cd /Users/emreerdener/Developer/merian
    

SwiftCompile normal arm64 /Users/emreerdener/Developer/merian/Merian/Core/Network/MerianNetworkClient.swift (in target 'Merian' from project 'Merian')
    cd /Users/emreerdener/Developer/merian
    

SwiftDriverJobDiscovery normal arm64 Compiling ViewfinderIntelligence.swift, VisualEffectBlur.swift, GeneratedAssetSymbols.swift (in target 'Merian' from project 'Merian')

SwiftCompile normal arm64 Compiling\ PostHogManager.swift,\ RevenueCatManager.swift,\ ScanRepository.swift,\ SocialGuardManager.swift /Users/emreerdener/Developer/merian/Merian/Core/Analytics/PostHogManager.swift /Users/emreerdener/Developer/merian/Merian/Core/Security/RevenueCatManager.swift /Users/emreerdener/Developer/merian/Merian/Core/Data/ScanRepository.swift /Users/emreerdener/Developer/merian/Merian/Core/Security/SocialGuardManager.swift (in target 'Merian' from project 'Merian')

SwiftCompile normal arm64 /Users/emreerdener/Developer/merian/Merian/Core/Analytics/PostHogManager.swift (in target 'Merian' from project 'Merian')
    cd /Users/emreerdener/Developer/merian
    

SwiftCompile normal arm64 /Users/emreerdener/Developer/merian/Merian/Core/Security/RevenueCatManager.swift (in target 'Merian' from project 'Merian')
    cd /Users/emreerdener/Developer/merian
    

SwiftCompile normal arm64 /Users/emreerdener/Developer/merian/Merian/Core/Data/ScanRepository.swift (in target 'Merian' from project 'Merian')
    cd /Users/emreerdener/Developer/merian
    

SwiftCompile normal arm64 /Users/emreerdener/Developer/merian/Merian/Core/Security/SocialGuardManager.swift (in target 'Merian' from project 'Merian')
    cd /Users/emreerdener/Developer/merian
    
/Users/emreerdener/Developer/merian/Merian/Core/Security/SocialGuardManager.swift:53:11: warning: 'catch' block is unreachable because no errors are thrown in 'do' block
        } catch {
          ^

SwiftDriverJobDiscovery normal arm64 Compiling DeviceIdentityManager.swift, DiagnosticComparisonView.swift, GamificationManager.swift, GlassCircularButton.swift (in target 'Merian' from project 'Merian')

SwiftCompile normal arm64 Compiling\ OfflineQueueManager.swift,\ OfflineQueuedScan.swift,\ PaywallView.swift,\ PhotoLibraryManager.swift /Users/emreerdener/Developer/merian/Merian/Core/Data/OfflineQueueManager.swift /Users/emreerdener/Developer/merian/Merian/Models/OfflineQueuedScan.swift /Users/emreerdener/Developer/merian/Merian/Features/Profile/PaywallView.swift /Users/emreerdener/Developer/merian/Merian/Core/Data/PhotoLibraryManager.swift (in target 'Merian' from project 'Merian')

SwiftCompile normal arm64 /Users/emreerdener/Developer/merian/Merian/Core/Data/OfflineQueueManager.swift (in target 'Merian' from project 'Merian')
    cd /Users/emreerdener/Developer/merian
    
/Users/emreerdener/Developer/merian/Merian/Core/Data/OfflineQueueManager.swift:251:29: warning: 'inferenceTaskID' mutated after capture by sendable closure
            inferenceTaskID = UIApplication.shared.beginBackgroundTask(withName: "OfflineInference") {
                            ^
/Users/emreerdener/Developer/merian/Merian/Core/Data/OfflineQueueManager.swift:250:17: note: variable defined here
            var inferenceTaskID: UIBackgroundTaskIdentifier = .invalid
                ^
/Users/emreerdener/Developer/merian/Merian/Core/Data/OfflineQueueManager.swift:251:102: note: variable captured by sendable closure
            inferenceTaskID = UIApplication.shared.beginBackgroundTask(withName: "OfflineInference") {
                                                                                                     ^
/Users/emreerdener/Developer/merian/Merian/Core/Data/OfflineQueueManager.swift:252:56: note: capturing use
                UIApplication.shared.endBackgroundTask(inferenceTaskID)
                                                       ^
/Users/emreerdener/Developer/merian/Merian/Core/Data/OfflineQueueManager.swift:250:17: note: variable defined here
            var inferenceTaskID: UIBackgroundTaskIdentifier = .invalid
                ^
/Users/emreerdener/Developer/merian/Merian/Core/Data/OfflineQueueManager.swift:251:102: note: variable captured by sendable closure
            inferenceTaskID = UIApplication.shared.beginBackgroundTask(withName: "OfflineInference") {
                                                                                                     ^
/Users/emreerdener/Developer/merian/Merian/Core/Data/OfflineQueueManager.swift:252:56: note: capturing use
                UIApplication.shared.endBackgroundTask(inferenceTaskID)
                                                       ^

SwiftCompile normal arm64 /Users/emreerdener/Developer/merian/Merian/Models/OfflineQueuedScan.swift (in target 'Merian' from project 'Merian')
    cd /Users/emreerdener/Developer/merian
    

SwiftCompile normal arm64 /Users/emreerdener/Developer/merian/Merian/Features/Profile/PaywallView.swift (in target 'Merian' from project 'Merian')
    cd /Users/emreerdener/Developer/merian
    

SwiftCompile normal arm64 /Users/emreerdener/Developer/merian/Merian/Core/Data/PhotoLibraryManager.swift (in target 'Merian' from project 'Merian')
    cd /Users/emreerdener/Developer/merian
    

SwiftDriverJobDiscovery normal arm64 Compiling SupabaseManager.swift, SyncStateManager.swift, TerrariumView.swift, UsageManager.swift (in target 'Merian' from project 'Merian')

SwiftDriverJobDiscovery normal arm64 Emitting module for Merian (in target 'Merian' from project 'Merian')

SwiftDriver\ Compilation\ Requirements Merian normal arm64 com.apple.xcode.tools.swift.compiler (in target 'Merian' from project 'Merian')
    cd /Users/emreerdener/Developer/merian
    builtin-Swift-Compilation-Requirements -- /Applications/Xcode.app/Contents/Developer/Toolchains/XcodeDefault.xctoolchain/usr/bin/swiftc -module-name Merian -Onone -enforce-exclusivity\=checked @/Users/emreerdener/Library/Developer/Xcode/DerivedData/Merian-bsmebnfnhwnbdncricvwvveooidw/Build/Intermediates.noindex/Merian.build/Debug-iphonesimulator/Merian.build/Objects-normal/arm64/Merian.SwiftFileList -DDEBUG -Xcc -fmodule-map-file\=/Users/emreerdener/Library/Developer/Xcode/DerivedData/Merian-bsmebnfnhwnbdncricvwvveooidw/Build/Intermediates.noindex/GeneratedModuleMaps-iphonesimulator/CrashReporter.modulemap -Xcc -fmodule-map-file\=/Users/emreerdener/Library/Developer/Xcode/DerivedData/Merian-bsmebnfnhwnbdncricvwvveooidw/Build/Intermediates.noindex/GeneratedModuleMaps-iphonesimulator/phlibwebp.modulemap -Xcc -fmodule-map-file\=/Users/emreerdener/Library/Developer/Xcode/DerivedData/Merian-bsmebnfnhwnbdncricvwvveooidw/Build/Intermediates.noindex/GeneratedModuleMaps-iphonesimulator/AppAuth.modulemap -Xcc -fmodule-map-file\=/Users/emreerdener/Library/Developer/Xcode/DerivedData/Merian-bsmebnfnhwnbdncricvwvveooidw/Build/Intermediates.noindex/GeneratedModuleMaps-iphonesimulator/AppAuthCore.modulemap -Xcc -fmodule-map-file\=/Users/emreerdener/Library/Developer/Xcode/DerivedData/Merian-bsmebnfnhwnbdncricvwvveooidw/Build/Intermediates.noindex/GeneratedModuleMaps-iphonesimulator/GTMSessionFetcherCore.modulemap -Xcc -fmodule-map-file\=/Users/emreerdener/Library/Developer/Xcode/DerivedData/Merian-bsmebnfnhwnbdncricvwvveooidw/Build/Intermediates.noindex/GeneratedModuleMaps-iphonesimulator/GoogleSignIn.modulemap -enable-bare-slash-regex -enable-experimental-feature DebugDescriptionMacro -sdk /Applications/Xcode.app/Contents/Developer/Platforms/iPhoneSimulator.platform/Developer/SDKs/iPhoneSimulator26.2.sdk -target arm64-apple-ios17.0-simulator -g -module-cache-path /Users/emreerdener/Library/Developer/Xcode/DerivedData/ModuleCache.noindex -Xfrontend -serialize-debugging-options -enable-testing -index-store-path /Users/emreerdener/Library/Developer/Xcode/DerivedData/Merian-bsmebnfnhwnbdncricvwvveooidw/Index.noindex/DataStore -Xcc -D_LIBCPP_HARDENING_MODE\=_LIBCPP_HARDENING_MODE_DEBUG -swift-version 5 -I /Users/emreerdener/Library/Developer/Xcode/DerivedData/Merian-bsmebnfnhwnbdncricvwvveooidw/Build/Products/Debug-iphonesimulator -F /Users/emreerdener/Library/Developer/Xcode/DerivedData/Merian-bsmebnfnhwnbdncricvwvveooidw/Build/Products/Debug-iphonesimulator/PackageFrameworks -F /Users/emreerdener/Library/Developer/Xcode/DerivedData/Merian-bsmebnfnhwnbdncricvwvveooidw/Build/Products/Debug-iphonesimulator/PackageFrameworks -F /Users/emreerdener/Library/Developer/Xcode/DerivedData/Merian-bsmebnfnhwnbdncricvwvveooidw/Build/Products/Debug-iphonesimulator/PackageFrameworks -F /Users/emreerdener/Library/Developer/Xcode/DerivedData/Merian-bsmebnfnhwnbdncricvwvveooidw/Build/Products/Debug-iphonesimulator/PackageFrameworks -F /Users/emreerdener/Library/Developer/Xcode/DerivedData/Merian-bsmebnfnhwnbdncricvwvveooidw/Build/Products/Debug-iphonesimulator/PackageFrameworks -F /Users/emreerdener/Library/Developer/Xcode/DerivedData/Merian-bsmebnfnhwnbdncricvwvveooidw/Build/Products/Debug-iphonesimulator/PackageFrameworks -F /Users/emreerdener/Library/Developer/Xcode/DerivedData/Merian-bsmebnfnhwnbdncricvwvveooidw/Build/Products/Debug-iphonesimulator/PackageFrameworks -F /Users/emreerdener/Library/Developer/Xcode/DerivedData/Merian-bsmebnfnhwnbdncricvwvveooidw/Build/Products/Debug-iphonesimulator/PackageFrameworks -F /Users/emreerdener/Library/Developer/Xcode/DerivedData/Merian-bsmebnfnhwnbdncricvwvveooidw/Build/Products/Debug-iphonesimulator/PackageFrameworks -F /Users/emreerdener/Library/Developer/Xcode/DerivedData/Merian-bsmebnfnhwnbdncricvwvveooidw/Build/Products/Debug-iphonesimulator/PackageFrameworks -F /Users/emreerdener/Library/Developer/Xcode/DerivedData/Merian-bsmebnfnhwnbdncricvwvveooidw/Build/Products/Debug-iphonesimulator/PackageFrameworks -F /Users/emreerdener/Library/Developer/Xcode/DerivedData/Merian-bsmebnfnhwnbdncricvwvveooidw/Build/Products/Debug-iphonesimulator/PackageFrameworks -F /Users/emreerdener/Library/Developer/Xcode/DerivedData/Merian-bsmebnfnhwnbdncricvwvveooidw/Build/Products/Debug-iphonesimulator/PackageFrameworks -F /Users/emreerdener/Library/Developer/Xcode/DerivedData/Merian-bsmebnfnhwnbdncricvwvveooidw/Build/Products/Debug-iphonesimulator/PackageFrameworks -F /Users/emreerdener/Library/Developer/Xcode/DerivedData/Merian-bsmebnfnhwnbdncricvwvveooidw/Build/Products/Debug-iphonesimulator/PackageFrameworks -F /Users/emreerdener/Library/Developer/Xcode/DerivedData/Merian-bsmebnfnhwnbdncricvwvveooidw/Build/Products/Debug-iphonesimulator/PackageFrameworks -F /Users/emreerdener/Library/Developer/Xcode/DerivedData/Merian-bsmebnfnhwnbdncricvwvveooidw/Build/Products/Debug-iphonesimulator/PackageFrameworks -F /Users/emreerdener/Library/Developer/Xcode/DerivedData/Merian-bsmebnfnhwnbdncricvwvveooidw/Build/Products/Debug-iphonesimulator/PackageFrameworks -F /Users/emreerdener/Library/Developer/Xcode/DerivedData/Merian-bsmebnfnhwnbdncricvwvveooidw/Build/Products/Debug-iphonesimulator/PackageFrameworks -F /Users/emreerdener/Library/Developer/Xcode/DerivedData/Merian-bsmebnfnhwnbdncricvwvveooidw/Build/Products/Debug-iphonesimulator/PackageFrameworks -F /Users/emreerdener/Library/Developer/Xcode/DerivedData/Merian-bsmebnfnhwnbdncricvwvveooidw/Build/Products/Debug-iphonesimulator/PackageFrameworks -F /Users/emreerdener/Library/Developer/Xcode/DerivedData/Merian-bsmebnfnhwnbdncricvwvveooidw/Build/Products/Debug-iphonesimulator/PackageFrameworks -F /Users/emreerdener/Library/Developer/Xcode/DerivedData/Merian-bsmebnfnhwnbdncricvwvveooidw/Build/Products/Debug-iphonesimulator/PackageFrameworks -F /Users/emreerdener/Library/Developer/Xcode/DerivedData/Merian-bsmebnfnhwnbdncricvwvveooidw/Build/Products/Debug-iphonesimulator/PackageFrameworks -F /Users/emreerdener/Library/Developer/Xcode/DerivedData/Merian-bsmebnfnhwnbdncricvwvveooidw/Build/Products/Debug-iphonesimulator -c -j10 -enable-batch-mode -incremental -Xcc -ivfsstatcache -Xcc /Users/emreerdener/Library/Developer/Xcode/DerivedData/SDKStatCaches.noindex/iphonesimulator26.2-23C57-7d00a8b37fbd7999ea79df8ebc024bf0.sdkstatcache -output-file-map /Users/emreerdener/Library/Developer/Xcode/DerivedData/Merian-bsmebnfnhwnbdncricvwvveooidw/Build/Intermediates.noindex/Merian.build/Debug-iphonesimulator/Merian.build/Objects-normal/arm64/Merian-OutputFileMap.json -use-frontend-parseable-output -save-temps -no-color-diagnostics -explicit-module-build -module-cache-path /Users/emreerdener/Library/Developer/Xcode/DerivedData/Merian-bsmebnfnhwnbdncricvwvveooidw/Build/Intermediates.noindex/SwiftExplicitPrecompiledModules -clang-scanner-module-cache-path /Users/emreerdener/Library/Developer/Xcode/DerivedData/ModuleCache.noindex -sdk-module-cache-path /Users/emreerdener/Library/Developer/Xcode/DerivedData/ModuleCache.noindex -serialize-diagnostics -emit-dependencies -emit-module -emit-module-path /Users/emreerdener/Library/Developer/Xcode/DerivedData/Merian-bsmebnfnhwnbdncricvwvveooidw/Build/Intermediates.noindex/Merian.build/Debug-iphonesimulator/Merian.build/Objects-normal/arm64/Merian.swiftmodule -validate-clang-modules-once -clang-build-session-file /Users/emreerdener/Library/Developer/Xcode/DerivedData/ModuleCache.noindex/Session.modulevalidation -Xcc -I/Users/emreerdener/Library/Developer/Xcode/DerivedData/Merian-bsmebnfnhwnbdncricvwvveooidw/Build/Intermediates.noindex/Merian.build/Debug-iphonesimulator/Merian.build/swift-overrides.hmap -emit-const-values -Xfrontend -const-gather-protocols-file -Xfrontend /Users/emreerdener/Library/Developer/Xcode/DerivedData/Merian-bsmebnfnhwnbdncricvwvveooidw/Build/Intermediates.noindex/Merian.build/Debug-iphonesimulator/Merian.build/Objects-normal/arm64/Merian_const_extract_protocols.json -Xcc -iquote -Xcc /Users/emreerdener/Library/Developer/Xcode/DerivedData/Merian-bsmebnfnhwnbdncricvwvveooidw/Build/Intermediates.noindex/Merian.build/Debug-iphonesimulator/Merian.build/Merian-generated-files.hmap -Xcc -I/Users/emreerdener/Library/Developer/Xcode/DerivedData/Merian-bsmebnfnhwnbdncricvwvveooidw/Build/Intermediates.noindex/Merian.build/Debug-iphonesimulator/Merian.build/Merian-own-target-headers.hmap -Xcc -I/Users/emreerdener/Library/Developer/Xcode/DerivedData/Merian-bsmebnfnhwnbdncricvwvveooidw/Build/Intermediates.noindex/Merian.build/Debug-iphonesimulator/Merian.build/Merian-all-non-framework-target-headers.hmap -Xcc -ivfsoverlay -Xcc /Users/emreerdener/Library/Developer/Xcode/DerivedData/Merian-bsmebnfnhwnbdncricvwvveooidw/Build/Intermediates.noindex/Merian.build/Debug-iphonesimulator/Merian-dcaa609efe034fc516e3186519f37717-VFS-iphonesimulator/all-product-headers.yaml -Xcc -iquote -Xcc /Users/emreerdener/Library/Developer/Xcode/DerivedData/Merian-bsmebnfnhwnbdncricvwvveooidw/Build/Intermediates.noindex/Merian.build/Debug-iphonesimulator/Merian.build/Merian-project-headers.hmap -Xcc -I/Users/emreerdener/Library/Developer/Xcode/DerivedData/Merian-bsmebnfnhwnbdncricvwvveooidw/SourcePackages/checkouts/plcrashreporter/include -Xcc -I/Users/emreerdener/Library/Developer/Xcode/DerivedData/Merian-bsmebnfnhwnbdncricvwvveooidw/SourcePackages/checkouts/posthog-ios/vendor/libwebp -Xcc -I/Users/emreerdener/Library/Developer/Xcode/DerivedData/Merian-bsmebnfnhwnbdncricvwvveooidw/SourcePackages/checkouts/AppAuth-iOS/Sources/AppAuth -Xcc -I/Users/emreerdener/Library/Developer/Xcode/DerivedData/Merian-bsmebnfnhwnbdncricvwvveooidw/SourcePackages/checkouts/AppAuth-iOS/Sources/AppAuthCore -Xcc -I/Users/emreerdener/Library/Developer/Xcode/DerivedData/Merian-bsmebnfnhwnbdncricvwvveooidw/SourcePackages/checkouts/gtm-session-fetcher/Sources/Core/Public -Xcc -I/Users/emreerdener/Library/Developer/Xcode/DerivedData/Merian-bsmebnfnhwnbdncricvwvveooidw/SourcePackages/checkouts/GoogleSignIn-iOS/GoogleSignIn/Sources/Public -Xcc -I/Users/emreerdener/Library/Developer/Xcode/DerivedData/Merian-bsmebnfnhwnbdncricvwvveooidw/Build/Products/Debug-iphonesimulator/include -Xcc -I/Users/emreerdener/Library/Developer/Xcode/DerivedData/Merian-bsmebnfnhwnbdncricvwvveooidw/Build/Intermediates.noindex/Merian.build/Debug-iphonesimulator/Merian.build/DerivedSources-normal/arm64 -Xcc -I/Users/emreerdener/Library/Developer/Xcode/DerivedData/Merian-bsmebnfnhwnbdncricvwvveooidw/Build/Intermediates.noindex/Merian.build/Debug-iphonesimulator/Merian.build/DerivedSources/arm64 -Xcc -I/Users/emreerdener/Library/Developer/Xcode/DerivedData/Merian-bsmebnfnhwnbdncricvwvveooidw/Build/Intermediates.noindex/Merian.build/Debug-iphonesimulator/Merian.build/DerivedSources -Xcc -DDEBUG\=1 -emit-objc-header -emit-objc-header-path /Users/emreerdener/Library/Developer/Xcode/DerivedData/Merian-bsmebnfnhwnbdncricvwvveooidw/Build/Intermediates.noindex/Merian.build/Debug-iphonesimulator/Merian.build/Objects-normal/arm64/Merian-Swift.h -working-directory /Users/emreerdener/Developer/merian -experimental-emit-module-separately -disable-cmo

RegisterExecutionPolicyException /Users/emreerdener/Library/Developer/Xcode/DerivedData/Merian-bsmebnfnhwnbdncricvwvveooidw/Build/Products/Debug-iphonesimulator/Helpers.o (in target 'Helpers' from project 'Supabase')
    cd /Users/emreerdener/Library/Developer/Xcode/DerivedData/Merian-bsmebnfnhwnbdncricvwvveooidw/SourcePackages/checkouts/supabase-swift
    builtin-RegisterExecutionPolicyException /Users/emreerdener/Library/Developer/Xcode/DerivedData/Merian-bsmebnfnhwnbdncricvwvveooidw/Build/Products/Debug-iphonesimulator/Helpers.o

Copy /Users/emreerdener/Library/Developer/Xcode/DerivedData/Merian-bsmebnfnhwnbdncricvwvveooidw/Build/Products/Debug-iphonesimulator/Merian.swiftmodule/arm64-apple-ios-simulator.swiftmodule /Users/emreerdener/Library/Developer/Xcode/DerivedData/Merian-bsmebnfnhwnbdncricvwvveooidw/Build/Intermediates.noindex/Merian.build/Debug-iphonesimulator/Merian.build/Objects-normal/arm64/Merian.swiftmodule (in target 'Merian' from project 'Merian')
    cd /Users/emreerdener/Developer/merian
    builtin-copy -exclude .DS_Store -exclude CVS -exclude .svn -exclude .git -exclude .hg -resolve-src-symlinks -rename /Users/emreerdener/Library/Developer/Xcode/DerivedData/Merian-bsmebnfnhwnbdncricvwvveooidw/Build/Intermediates.noindex/Merian.build/Debug-iphonesimulator/Merian.build/Objects-normal/arm64/Merian.swiftmodule /Users/emreerdener/Library/Developer/Xcode/DerivedData/Merian-bsmebnfnhwnbdncricvwvveooidw/Build/Products/Debug-iphonesimulator/Merian.swiftmodule/arm64-apple-ios-simulator.swiftmodule

Copy /Users/emreerdener/Library/Developer/Xcode/DerivedData/Merian-bsmebnfnhwnbdncricvwvveooidw/Build/Products/Debug-iphonesimulator/Merian.swiftmodule/arm64-apple-ios-simulator.swiftdoc /Users/emreerdener/Library/Developer/Xcode/DerivedData/Merian-bsmebnfnhwnbdncricvwvveooidw/Build/Intermediates.noindex/Merian.build/Debug-iphonesimulator/Merian.build/Objects-normal/arm64/Merian.swiftdoc (in target 'Merian' from project 'Merian')
    cd /Users/emreerdener/Developer/merian
    builtin-copy -exclude .DS_Store -exclude CVS -exclude .svn -exclude .git -exclude .hg -resolve-src-symlinks -rename /Users/emreerdener/Library/Developer/Xcode/DerivedData/Merian-bsmebnfnhwnbdncricvwvveooidw/Build/Intermediates.noindex/Merian.build/Debug-iphonesimulator/Merian.build/Objects-normal/arm64/Merian.swiftdoc /Users/emreerdener/Library/Developer/Xcode/DerivedData/Merian-bsmebnfnhwnbdncricvwvveooidw/Build/Products/Debug-iphonesimulator/Merian.swiftmodule/arm64-apple-ios-simulator.swiftdoc

Copy /Users/emreerdener/Library/Developer/Xcode/DerivedData/Merian-bsmebnfnhwnbdncricvwvveooidw/Build/Products/Debug-iphonesimulator/Merian.swiftmodule/arm64-apple-ios-simulator.abi.json /Users/emreerdener/Library/Developer/Xcode/DerivedData/Merian-bsmebnfnhwnbdncricvwvveooidw/Build/Intermediates.noindex/Merian.build/Debug-iphonesimulator/Merian.build/Objects-normal/arm64/Merian.abi.json (in target 'Merian' from project 'Merian')
    cd /Users/emreerdener/Developer/merian
    builtin-copy -exclude .DS_Store -exclude CVS -exclude .svn -exclude .git -exclude .hg -resolve-src-symlinks -rename /Users/emreerdener/Library/Developer/Xcode/DerivedData/Merian-bsmebnfnhwnbdncricvwvveooidw/Build/Intermediates.noindex/Merian.build/Debug-iphonesimulator/Merian.build/Objects-normal/arm64/Merian.abi.json /Users/emreerdener/Library/Developer/Xcode/DerivedData/Merian-bsmebnfnhwnbdncricvwvveooidw/Build/Products/Debug-iphonesimulator/Merian.swiftmodule/arm64-apple-ios-simulator.abi.json

Copy /Users/emreerdener/Library/Developer/Xcode/DerivedData/Merian-bsmebnfnhwnbdncricvwvveooidw/Build/Products/Debug-iphonesimulator/Merian.swiftmodule/Project/arm64-apple-ios-simulator.swiftsourceinfo /Users/emreerdener/Library/Developer/Xcode/DerivedData/Merian-bsmebnfnhwnbdncricvwvveooidw/Build/Intermediates.noindex/Merian.build/Debug-iphonesimulator/Merian.build/Objects-normal/arm64/Merian.swiftsourceinfo (in target 'Merian' from project 'Merian')
    cd /Users/emreerdener/Developer/merian
    builtin-copy -exclude .DS_Store -exclude CVS -exclude .svn -exclude .git -exclude .hg -resolve-src-symlinks -rename /Users/emreerdener/Library/Developer/Xcode/DerivedData/Merian-bsmebnfnhwnbdncricvwvveooidw/Build/Intermediates.noindex/Merian.build/Debug-iphonesimulator/Merian.build/Objects-normal/arm64/Merian.swiftsourceinfo /Users/emreerdener/Library/Developer/Xcode/DerivedData/Merian-bsmebnfnhwnbdncricvwvveooidw/Build/Products/Debug-iphonesimulator/Merian.swiftmodule/Project/arm64-apple-ios-simulator.swiftsourceinfo

Ld /Users/emreerdener/Library/Developer/Xcode/DerivedData/Merian-bsmebnfnhwnbdncricvwvveooidw/Build/Products/Debug-iphonesimulator/Storage.o normal (in target 'Storage' from project 'Supabase')
    cd /Users/emreerdener/Library/Developer/Xcode/DerivedData/Merian-bsmebnfnhwnbdncricvwvveooidw/SourcePackages/checkouts/supabase-swift
    /Applications/Xcode.app/Contents/Developer/Toolchains/XcodeDefault.xctoolchain/usr/bin/clang -Xlinker -reproducible -target arm64-apple-ios13.0-simulator -r -isysroot /Applications/Xcode.app/Contents/Developer/Platforms/iPhoneSimulator.platform/Developer/SDKs/iPhoneSimulator26.2.sdk -O0 -w -L/Users/emreerdener/Library/Developer/Xcode/DerivedData/Merian-bsmebnfnhwnbdncricvwvveooidw/Build/Intermediates.noindex/EagerLinkingTBDs/Debug-iphonesimulator -L/Users/emreerdener/Library/Developer/Xcode/DerivedData/Merian-bsmebnfnhwnbdncricvwvveooidw/Build/Products/Debug-iphonesimulator -L/Applications/Xcode.app/Contents/Developer/Platforms/iPhoneSimulator.platform/Developer/usr/lib -F/Users/emreerdener/Library/Developer/Xcode/DerivedData/Merian-bsmebnfnhwnbdncricvwvveooidw/Build/Intermediates.noindex/EagerLinkingTBDs/Debug-iphonesimulator -F/Users/emreerdener/Library/Developer/Xcode/DerivedData/Merian-bsmebnfnhwnbdncricvwvveooidw/Build/Products/Debug-iphonesimulator/PackageFrameworks -F/Users/emreerdener/Library/Developer/Xcode/DerivedData/Merian-bsmebnfnhwnbdncricvwvveooidw/Build/Products/Debug-iphonesimulator/PackageFrameworks -F/Users/emreerdener/Library/Developer/Xcode/DerivedData/Merian-bsmebnfnhwnbdncricvwvveooidw/Build/Products/Debug-iphonesimulator/PackageFrameworks -F/Users/emreerdener/Library/Developer/Xcode/DerivedData/Merian-bsmebnfnhwnbdncricvwvveooidw/Build/Products/Debug-iphonesimulator/PackageFrameworks -F/Users/emreerdener/Library/Developer/Xcode/DerivedData/Merian-bsmebnfnhwnbdncricvwvveooidw/Build/Products/Debug-iphonesimulator/PackageFrameworks -F/Users/emreerdener/Library/Developer/Xcode/DerivedData/Merian-bsmebnfnhwnbdncricvwvveooidw/Build/Products/Debug-iphonesimulator/PackageFrameworks -F/Users/emreerdener/Library/Developer/Xcode/DerivedData/Merian-bsmebnfnhwnbdncricvwvveooidw/Build/Products/Debug-iphonesimulator/PackageFrameworks -F/Users/emreerdener/Library/Developer/Xcode/DerivedData/Merian-bsmebnfnhwnbdncricvwvveooidw/Build/Products/Debug-iphonesimulator -iframework /Applications/Xcode.app/Contents/Developer/Platforms/iPhoneSimulator.platform/Developer/Library/Frameworks -iframework /Applications/Xcode.app/Contents/Developer/Platforms/iPhoneSimulator.platform/Developer/SDKs/iPhoneSimulator26.2.sdk/Developer/Library/Frameworks -filelist /Users/emreerdener/Library/Developer/Xcode/DerivedData/Merian-bsmebnfnhwnbdncricvwvveooidw/Build/Intermediates.noindex/Supabase.build/Debug-iphonesimulator/Storage.build/Objects-normal/arm64/Storage.LinkFileList -nostdlib -Xlinker -object_path_lto -Xlinker /Users/emreerdener/Library/Developer/Xcode/DerivedData/Merian-bsmebnfnhwnbdncricvwvveooidw/Build/Intermediates.noindex/Supabase.build/Debug-iphonesimulator/Storage.build/Objects-normal/arm64/Storage_lto.o -rdynamic -Xlinker -no_deduplicate -Xlinker -objc_abi_version -Xlinker 2 -Xlinker -dependency_info -Xlinker /Users/emreerdener/Library/Developer/Xcode/DerivedData/Merian-bsmebnfnhwnbdncricvwvveooidw/Build/Intermediates.noindex/Supabase.build/Debug-iphonesimulator/Storage.build/Objects-normal/arm64/Storage_dependency_info.dat -fobjc-link-runtime -L/Applications/Xcode.app/Contents/Developer/Toolchains/XcodeDefault.xctoolchain/usr/lib/swift/iphonesimulator -L/usr/lib/swift -Xlinker -add_ast_path -Xlinker /Users/emreerdener/Library/Developer/Xcode/DerivedData/Merian-bsmebnfnhwnbdncricvwvveooidw/Build/Intermediates.noindex/Supabase.build/Debug-iphonesimulator/Storage.build/Objects-normal/arm64/Storage.swiftmodule @/Users/emreerdener/Library/Developer/Xcode/DerivedData/Merian-bsmebnfnhwnbdncricvwvveooidw/Build/Intermediates.noindex/Supabase.build/Debug-iphonesimulator/Storage.build/Objects-normal/arm64/Storage-linker-args.resp -o /Users/emreerdener/Library/Developer/Xcode/DerivedData/Merian-bsmebnfnhwnbdncricvwvveooidw/Build/Products/Debug-iphonesimulator/Storage.o

Ld /Users/emreerdener/Library/Developer/Xcode/DerivedData/Merian-bsmebnfnhwnbdncricvwvveooidw/Build/Products/Debug-iphonesimulator/Realtime.o normal (in target 'Realtime' from project 'Supabase')
    cd /Users/emreerdener/Library/Developer/Xcode/DerivedData/Merian-bsmebnfnhwnbdncricvwvveooidw/SourcePackages/checkouts/supabase-swift
    /Applications/Xcode.app/Contents/Developer/Toolchains/XcodeDefault.xctoolchain/usr/bin/clang -Xlinker -reproducible -target arm64-apple-ios13.0-simulator -r -isysroot /Applications/Xcode.app/Contents/Developer/Platforms/iPhoneSimulator.platform/Developer/SDKs/iPhoneSimulator26.2.sdk -O0 -w -L/Users/emreerdener/Library/Developer/Xcode/DerivedData/Merian-bsmebnfnhwnbdncricvwvveooidw/Build/Intermediates.noindex/EagerLinkingTBDs/Debug-iphonesimulator -L/Users/emreerdener/Library/Developer/Xcode/DerivedData/Merian-bsmebnfnhwnbdncricvwvveooidw/Build/Products/Debug-iphonesimulator -L/Applications/Xcode.app/Contents/Developer/Platforms/iPhoneSimulator.platform/Developer/usr/lib -F/Users/emreerdener/Library/Developer/Xcode/DerivedData/Merian-bsmebnfnhwnbdncricvwvveooidw/Build/Intermediates.noindex/EagerLinkingTBDs/Debug-iphonesimulator -F/Users/emreerdener/Library/Developer/Xcode/DerivedData/Merian-bsmebnfnhwnbdncricvwvveooidw/Build/Products/Debug-iphonesimulator/PackageFrameworks -F/Users/emreerdener/Library/Developer/Xcode/DerivedData/Merian-bsmebnfnhwnbdncricvwvveooidw/Build/Products/Debug-iphonesimulator/PackageFrameworks -F/Users/emreerdener/Library/Developer/Xcode/DerivedData/Merian-bsmebnfnhwnbdncricvwvveooidw/Build/Products/Debug-iphonesimulator/PackageFrameworks -F/Users/emreerdener/Library/Developer/Xcode/DerivedData/Merian-bsmebnfnhwnbdncricvwvveooidw/Build/Products/Debug-iphonesimulator/PackageFrameworks -F/Users/emreerdener/Library/Developer/Xcode/DerivedData/Merian-bsmebnfnhwnbdncricvwvveooidw/Build/Products/Debug-iphonesimulator/PackageFrameworks -F/Users/emreerdener/Library/Developer/Xcode/DerivedData/Merian-bsmebnfnhwnbdncricvwvveooidw/Build/Products/Debug-iphonesimulator/PackageFrameworks -F/Users/emreerdener/Library/Developer/Xcode/DerivedData/Merian-bsmebnfnhwnbdncricvwvveooidw/Build/Products/Debug-iphonesimulator/PackageFrameworks -F/Users/emreerdener/Library/Developer/Xcode/DerivedData/Merian-bsmebnfnhwnbdncricvwvveooidw/Build/Products/Debug-iphonesimulator -iframework /Applications/Xcode.app/Contents/Developer/Platforms/iPhoneSimulator.platform/Developer/Library/Frameworks -iframework /Applications/Xcode.app/Contents/Developer/Platforms/iPhoneSimulator.platform/Developer/SDKs/iPhoneSimulator26.2.sdk/Developer/Library/Frameworks -filelist /Users/emreerdener/Library/Developer/Xcode/DerivedData/Merian-bsmebnfnhwnbdncricvwvveooidw/Build/Intermediates.noindex/Supabase.build/Debug-iphonesimulator/Realtime.build/Objects-normal/arm64/Realtime.LinkFileList -nostdlib -Xlinker -object_path_lto -Xlinker /Users/emreerdener/Library/Developer/Xcode/DerivedData/Merian-bsmebnfnhwnbdncricvwvveooidw/Build/Intermediates.noindex/Supabase.build/Debug-iphonesimulator/Realtime.build/Objects-normal/arm64/Realtime_lto.o -rdynamic -Xlinker -no_deduplicate -Xlinker -objc_abi_version -Xlinker 2 -Xlinker -dependency_info -Xlinker /Users/emreerdener/Library/Developer/Xcode/DerivedData/Merian-bsmebnfnhwnbdncricvwvveooidw/Build/Intermediates.noindex/Supabase.build/Debug-iphonesimulator/Realtime.build/Objects-normal/arm64/Realtime_dependency_info.dat -fobjc-link-runtime -L/Applications/Xcode.app/Contents/Developer/Toolchains/XcodeDefault.xctoolchain/usr/lib/swift/iphonesimulator -L/usr/lib/swift -Xlinker -add_ast_path -Xlinker /Users/emreerdener/Library/Developer/Xcode/DerivedData/Merian-bsmebnfnhwnbdncricvwvveooidw/Build/Intermediates.noindex/Supabase.build/Debug-iphonesimulator/Realtime.build/Objects-normal/arm64/Realtime.swiftmodule @/Users/emreerdener/Library/Developer/Xcode/DerivedData/Merian-bsmebnfnhwnbdncricvwvveooidw/Build/Intermediates.noindex/Supabase.build/Debug-iphonesimulator/Realtime.build/Objects-normal/arm64/Realtime-linker-args.resp -o /Users/emreerdener/Library/Developer/Xcode/DerivedData/Merian-bsmebnfnhwnbdncricvwvveooidw/Build/Products/Debug-iphonesimulator/Realtime.o

SwiftDriverJobDiscovery normal arm64 Compiling CameraPreviewView.swift, CameraRootView.swift, CameraViewModel.swift, CircuitBreakerManager.swift (in target 'Merian' from project 'Merian')

Ld /Users/emreerdener/Library/Developer/Xcode/DerivedData/Merian-bsmebnfnhwnbdncricvwvveooidw/Build/Products/Debug-iphonesimulator/PostgREST.o normal (in target 'PostgREST' from project 'Supabase')
    cd /Users/emreerdener/Library/Developer/Xcode/DerivedData/Merian-bsmebnfnhwnbdncricvwvveooidw/SourcePackages/checkouts/supabase-swift
    /Applications/Xcode.app/Contents/Developer/Toolchains/XcodeDefault.xctoolchain/usr/bin/clang -Xlinker -reproducible -target arm64-apple-ios13.0-simulator -r -isysroot /Applications/Xcode.app/Contents/Developer/Platforms/iPhoneSimulator.platform/Developer/SDKs/iPhoneSimulator26.2.sdk -O0 -w -L/Users/emreerdener/Library/Developer/Xcode/DerivedData/Merian-bsmebnfnhwnbdncricvwvveooidw/Build/Intermediates.noindex/EagerLinkingTBDs/Debug-iphonesimulator -L/Users/emreerdener/Library/Developer/Xcode/DerivedData/Merian-bsmebnfnhwnbdncricvwvveooidw/Build/Products/Debug-iphonesimulator -L/Applications/Xcode.app/Contents/Developer/Platforms/iPhoneSimulator.platform/Developer/usr/lib -F/Users/emreerdener/Library/Developer/Xcode/DerivedData/Merian-bsmebnfnhwnbdncricvwvveooidw/Build/Intermediates.noindex/EagerLinkingTBDs/Debug-iphonesimulator -F/Users/emreerdener/Library/Developer/Xcode/DerivedData/Merian-bsmebnfnhwnbdncricvwvveooidw/Build/Products/Debug-iphonesimulator/PackageFrameworks -F/Users/emreerdener/Library/Developer/Xcode/DerivedData/Merian-bsmebnfnhwnbdncricvwvveooidw/Build/Products/Debug-iphonesimulator/PackageFrameworks -F/Users/emreerdener/Library/Developer/Xcode/DerivedData/Merian-bsmebnfnhwnbdncricvwvveooidw/Build/Products/Debug-iphonesimulator/PackageFrameworks -F/Users/emreerdener/Library/Developer/Xcode/DerivedData/Merian-bsmebnfnhwnbdncricvwvveooidw/Build/Products/Debug-iphonesimulator/PackageFrameworks -F/Users/emreerdener/Library/Developer/Xcode/DerivedData/Merian-bsmebnfnhwnbdncricvwvveooidw/Build/Products/Debug-iphonesimulator/PackageFrameworks -F/Users/emreerdener/Library/Developer/Xcode/DerivedData/Merian-bsmebnfnhwnbdncricvwvveooidw/Build/Products/Debug-iphonesimulator/PackageFrameworks -F/Users/emreerdener/Library/Developer/Xcode/DerivedData/Merian-bsmebnfnhwnbdncricvwvveooidw/Build/Products/Debug-iphonesimulator/PackageFrameworks -F/Users/emreerdener/Library/Developer/Xcode/DerivedData/Merian-bsmebnfnhwnbdncricvwvveooidw/Build/Products/Debug-iphonesimulator -iframework /Applications/Xcode.app/Contents/Developer/Platforms/iPhoneSimulator.platform/Developer/Library/Frameworks -iframework /Applications/Xcode.app/Contents/Developer/Platforms/iPhoneSimulator.platform/Developer/SDKs/iPhoneSimulator26.2.sdk/Developer/Library/Frameworks -filelist /Users/emreerdener/Library/Developer/Xcode/DerivedData/Merian-bsmebnfnhwnbdncricvwvveooidw/Build/Intermediates.noindex/Supabase.build/Debug-iphonesimulator/PostgREST.build/Objects-normal/arm64/PostgREST.LinkFileList -nostdlib -Xlinker -object_path_lto -Xlinker /Users/emreerdener/Library/Developer/Xcode/DerivedData/Merian-bsmebnfnhwnbdncricvwvveooidw/Build/Intermediates.noindex/Supabase.build/Debug-iphonesimulator/PostgREST.build/Objects-normal/arm64/PostgREST_lto.o -rdynamic -Xlinker -no_deduplicate -Xlinker -objc_abi_version -Xlinker 2 -Xlinker -dependency_info -Xlinker /Users/emreerdener/Library/Developer/Xcode/DerivedData/Merian-bsmebnfnhwnbdncricvwvveooidw/Build/Intermediates.noindex/Supabase.build/Debug-iphonesimulator/PostgREST.build/Objects-normal/arm64/PostgREST_dependency_info.dat -fobjc-link-runtime -L/Applications/Xcode.app/Contents/Developer/Toolchains/XcodeDefault.xctoolchain/usr/lib/swift/iphonesimulator -L/usr/lib/swift -Xlinker -add_ast_path -Xlinker /Users/emreerdener/Library/Developer/Xcode/DerivedData/Merian-bsmebnfnhwnbdncricvwvveooidw/Build/Intermediates.noindex/Supabase.build/Debug-iphonesimulator/PostgREST.build/Objects-normal/arm64/PostgREST.swiftmodule @/Users/emreerdener/Library/Developer/Xcode/DerivedData/Merian-bsmebnfnhwnbdncricvwvveooidw/Build/Intermediates.noindex/Supabase.build/Debug-iphonesimulator/PostgREST.build/Objects-normal/arm64/PostgREST-linker-args.resp -o /Users/emreerdener/Library/Developer/Xcode/DerivedData/Merian-bsmebnfnhwnbdncricvwvveooidw/Build/Products/Debug-iphonesimulator/PostgREST.o

SwiftDriverJobDiscovery normal arm64 Compiling AppDIContainer.swift, AppTelemetry.swift, ArchiveManager.swift, CameraManager.swift (in target 'Merian' from project 'Merian')

Ld /Users/emreerdener/Library/Developer/Xcode/DerivedData/Merian-bsmebnfnhwnbdncricvwvveooidw/Build/Products/Debug-iphonesimulator/Functions.o normal (in target 'Functions' from project 'Supabase')
    cd /Users/emreerdener/Library/Developer/Xcode/DerivedData/Merian-bsmebnfnhwnbdncricvwvveooidw/SourcePackages/checkouts/supabase-swift
    /Applications/Xcode.app/Contents/Developer/Toolchains/XcodeDefault.xctoolchain/usr/bin/clang -Xlinker -reproducible -target arm64-apple-ios13.0-simulator -r -isysroot /Applications/Xcode.app/Contents/Developer/Platforms/iPhoneSimulator.platform/Developer/SDKs/iPhoneSimulator26.2.sdk -O0 -w -L/Users/emreerdener/Library/Developer/Xcode/DerivedData/Merian-bsmebnfnhwnbdncricvwvveooidw/Build/Intermediates.noindex/EagerLinkingTBDs/Debug-iphonesimulator -L/Users/emreerdener/Library/Developer/Xcode/DerivedData/Merian-bsmebnfnhwnbdncricvwvveooidw/Build/Products/Debug-iphonesimulator -L/Applications/Xcode.app/Contents/Developer/Platforms/iPhoneSimulator.platform/Developer/usr/lib -F/Users/emreerdener/Library/Developer/Xcode/DerivedData/Merian-bsmebnfnhwnbdncricvwvveooidw/Build/Intermediates.noindex/EagerLinkingTBDs/Debug-iphonesimulator -F/Users/emreerdener/Library/Developer/Xcode/DerivedData/Merian-bsmebnfnhwnbdncricvwvveooidw/Build/Products/Debug-iphonesimulator/PackageFrameworks -F/Users/emreerdener/Library/Developer/Xcode/DerivedData/Merian-bsmebnfnhwnbdncricvwvveooidw/Build/Products/Debug-iphonesimulator/PackageFrameworks -F/Users/emreerdener/Library/Developer/Xcode/DerivedData/Merian-bsmebnfnhwnbdncricvwvveooidw/Build/Products/Debug-iphonesimulator/PackageFrameworks -F/Users/emreerdener/Library/Developer/Xcode/DerivedData/Merian-bsmebnfnhwnbdncricvwvveooidw/Build/Products/Debug-iphonesimulator/PackageFrameworks -F/Users/emreerdener/Library/Developer/Xcode/DerivedData/Merian-bsmebnfnhwnbdncricvwvveooidw/Build/Products/Debug-iphonesimulator/PackageFrameworks -F/Users/emreerdener/Library/Developer/Xcode/DerivedData/Merian-bsmebnfnhwnbdncricvwvveooidw/Build/Products/Debug-iphonesimulator/PackageFrameworks -F/Users/emreerdener/Library/Developer/Xcode/DerivedData/Merian-bsmebnfnhwnbdncricvwvveooidw/Build/Products/Debug-iphonesimulator/PackageFrameworks -F/Users/emreerdener/Library/Developer/Xcode/DerivedData/Merian-bsmebnfnhwnbdncricvwvveooidw/Build/Products/Debug-iphonesimulator -iframework /Applications/Xcode.app/Contents/Developer/Platforms/iPhoneSimulator.platform/Developer/Library/Frameworks -iframework /Applications/Xcode.app/Contents/Developer/Platforms/iPhoneSimulator.platform/Developer/SDKs/iPhoneSimulator26.2.sdk/Developer/Library/Frameworks -filelist /Users/emreerdener/Library/Developer/Xcode/DerivedData/Merian-bsmebnfnhwnbdncricvwvveooidw/Build/Intermediates.noindex/Supabase.build/Debug-iphonesimulator/Functions.build/Objects-normal/arm64/Functions.LinkFileList -nostdlib -Xlinker -object_path_lto -Xlinker /Users/emreerdener/Library/Developer/Xcode/DerivedData/Merian-bsmebnfnhwnbdncricvwvveooidw/Build/Intermediates.noindex/Supabase.build/Debug-iphonesimulator/Functions.build/Objects-normal/arm64/Functions_lto.o -rdynamic -Xlinker -no_deduplicate -Xlinker -objc_abi_version -Xlinker 2 -Xlinker -dependency_info -Xlinker /Users/emreerdener/Library/Developer/Xcode/DerivedData/Merian-bsmebnfnhwnbdncricvwvveooidw/Build/Intermediates.noindex/Supabase.build/Debug-iphonesimulator/Functions.build/Objects-normal/arm64/Functions_dependency_info.dat -fobjc-link-runtime -L/Applications/Xcode.app/Contents/Developer/Toolchains/XcodeDefault.xctoolchain/usr/lib/swift/iphonesimulator -L/usr/lib/swift -Xlinker -add_ast_path -Xlinker /Users/emreerdener/Library/Developer/Xcode/DerivedData/Merian-bsmebnfnhwnbdncricvwvveooidw/Build/Intermediates.noindex/Supabase.build/Debug-iphonesimulator/Functions.build/Objects-normal/arm64/Functions.swiftmodule @/Users/emreerdener/Library/Developer/Xcode/DerivedData/Merian-bsmebnfnhwnbdncricvwvveooidw/Build/Intermediates.noindex/Supabase.build/Debug-iphonesimulator/Functions.build/Objects-normal/arm64/Functions-linker-args.resp -o /Users/emreerdener/Library/Developer/Xcode/DerivedData/Merian-bsmebnfnhwnbdncricvwvveooidw/Build/Products/Debug-iphonesimulator/Functions.o

Ld /Users/emreerdener/Library/Developer/Xcode/DerivedData/Merian-bsmebnfnhwnbdncricvwvveooidw/Build/Products/Debug-iphonesimulator/Auth.o normal (in target 'Auth' from project 'Supabase')
    cd /Users/emreerdener/Library/Developer/Xcode/DerivedData/Merian-bsmebnfnhwnbdncricvwvveooidw/SourcePackages/checkouts/supabase-swift
    /Applications/Xcode.app/Contents/Developer/Toolchains/XcodeDefault.xctoolchain/usr/bin/clang -Xlinker -reproducible -target arm64-apple-ios13.0-simulator -r -isysroot /Applications/Xcode.app/Contents/Developer/Platforms/iPhoneSimulator.platform/Developer/SDKs/iPhoneSimulator26.2.sdk -O0 -w -L/Users/emreerdener/Library/Developer/Xcode/DerivedData/Merian-bsmebnfnhwnbdncricvwvveooidw/Build/Intermediates.noindex/EagerLinkingTBDs/Debug-iphonesimulator -L/Users/emreerdener/Library/Developer/Xcode/DerivedData/Merian-bsmebnfnhwnbdncricvwvveooidw/Build/Products/Debug-iphonesimulator -L/Applications/Xcode.app/Contents/Developer/Platforms/iPhoneSimulator.platform/Developer/usr/lib -F/Users/emreerdener/Library/Developer/Xcode/DerivedData/Merian-bsmebnfnhwnbdncricvwvveooidw/Build/Intermediates.noindex/EagerLinkingTBDs/Debug-iphonesimulator -F/Users/emreerdener/Library/Developer/Xcode/DerivedData/Merian-bsmebnfnhwnbdncricvwvveooidw/Build/Products/Debug-iphonesimulator/PackageFrameworks -F/Users/emreerdener/Library/Developer/Xcode/DerivedData/Merian-bsmebnfnhwnbdncricvwvveooidw/Build/Products/Debug-iphonesimulator/PackageFrameworks -F/Users/emreerdener/Library/Developer/Xcode/DerivedData/Merian-bsmebnfnhwnbdncricvwvveooidw/Build/Products/Debug-iphonesimulator/PackageFrameworks -F/Users/emreerdener/Library/Developer/Xcode/DerivedData/Merian-bsmebnfnhwnbdncricvwvveooidw/Build/Products/Debug-iphonesimulator/PackageFrameworks -F/Users/emreerdener/Library/Developer/Xcode/DerivedData/Merian-bsmebnfnhwnbdncricvwvveooidw/Build/Products/Debug-iphonesimulator/PackageFrameworks -F/Users/emreerdener/Library/Developer/Xcode/DerivedData/Merian-bsmebnfnhwnbdncricvwvveooidw/Build/Products/Debug-iphonesimulator/PackageFrameworks -F/Users/emreerdener/Library/Developer/Xcode/DerivedData/Merian-bsmebnfnhwnbdncricvwvveooidw/Build/Products/Debug-iphonesimulator/PackageFrameworks -F/Users/emreerdener/Library/Developer/Xcode/DerivedData/Merian-bsmebnfnhwnbdncricvwvveooidw/Build/Products/Debug-iphonesimulator/PackageFrameworks -F/Users/emreerdener/Library/Developer/Xcode/DerivedData/Merian-bsmebnfnhwnbdncricvwvveooidw/Build/Products/Debug-iphonesimulator -iframework /Applications/Xcode.app/Contents/Developer/Platforms/iPhoneSimulator.platform/Developer/Library/Frameworks -iframework /Applications/Xcode.app/Contents/Developer/Platforms/iPhoneSimulator.platform/Developer/SDKs/iPhoneSimulator26.2.sdk/Developer/Library/Frameworks -filelist /Users/emreerdener/Library/Developer/Xcode/DerivedData/Merian-bsmebnfnhwnbdncricvwvveooidw/Build/Intermediates.noindex/Supabase.build/Debug-iphonesimulator/Auth.build/Objects-normal/arm64/Auth.LinkFileList -nostdlib -Xlinker -object_path_lto -Xlinker /Users/emreerdener/Library/Developer/Xcode/DerivedData/Merian-bsmebnfnhwnbdncricvwvveooidw/Build/Intermediates.noindex/Supabase.build/Debug-iphonesimulator/Auth.build/Objects-normal/arm64/Auth_lto.o -rdynamic -Xlinker -no_deduplicate -Xlinker -objc_abi_version -Xlinker 2 -Xlinker -dependency_info -Xlinker /Users/emreerdener/Library/Developer/Xcode/DerivedData/Merian-bsmebnfnhwnbdncricvwvveooidw/Build/Intermediates.noindex/Supabase.build/Debug-iphonesimulator/Auth.build/Objects-normal/arm64/Auth_dependency_info.dat -fobjc-link-runtime -L/Applications/Xcode.app/Contents/Developer/Toolchains/XcodeDefault.xctoolchain/usr/lib/swift/iphonesimulator -L/usr/lib/swift -Xlinker -add_ast_path -Xlinker /Users/emreerdener/Library/Developer/Xcode/DerivedData/Merian-bsmebnfnhwnbdncricvwvveooidw/Build/Intermediates.noindex/Supabase.build/Debug-iphonesimulator/Auth.build/Objects-normal/arm64/Auth.swiftmodule @/Users/emreerdener/Library/Developer/Xcode/DerivedData/Merian-bsmebnfnhwnbdncricvwvveooidw/Build/Intermediates.noindex/Supabase.build/Debug-iphonesimulator/Auth.build/Objects-normal/arm64/Auth-linker-args.resp -o /Users/emreerdener/Library/Developer/Xcode/DerivedData/Merian-bsmebnfnhwnbdncricvwvveooidw/Build/Products/Debug-iphonesimulator/Auth.o

ExtractAppIntentsMetadata (in target 'Storage' from project 'Supabase')
    cd /Users/emreerdener/Library/Developer/Xcode/DerivedData/Merian-bsmebnfnhwnbdncricvwvveooidw/SourcePackages/checkouts/supabase-swift
    /Applications/Xcode.app/Contents/Developer/Toolchains/XcodeDefault.xctoolchain/usr/bin/appintentsmetadataprocessor --toolchain-dir /Applications/Xcode.app/Contents/Developer/Toolchains/XcodeDefault.xctoolchain --module-name Storage --sdk-root /Applications/Xcode.app/Contents/Developer/Platforms/iPhoneSimulator.platform/Developer/SDKs/iPhoneSimulator26.2.sdk --xcode-version 17C529 --platform-family iOS --deployment-target 13.0 --bundle-identifier supabase-swift.Storage --output /Users/emreerdener/Library/Developer/Xcode/DerivedData/Merian-bsmebnfnhwnbdncricvwvveooidw/Build/Products/Debug-iphonesimulator/Storage.appintents --target-triple arm64-apple-ios13.0-simulator --binary-file /Users/emreerdener/Library/Developer/Xcode/DerivedData/Merian-bsmebnfnhwnbdncricvwvveooidw/Build/Products/Debug-iphonesimulator/Storage.o --dependency-file /Users/emreerdener/Library/Developer/Xcode/DerivedData/Merian-bsmebnfnhwnbdncricvwvveooidw/Build/Intermediates.noindex/Supabase.build/Debug-iphonesimulator/Storage.build/Objects-normal/arm64/Storage_dependency_info.dat --stringsdata-file /Users/emreerdener/Library/Developer/Xcode/DerivedData/Merian-bsmebnfnhwnbdncricvwvveooidw/Build/Intermediates.noindex/Supabase.build/Debug-iphonesimulator/Storage.build/Objects-normal/arm64/ExtractedAppShortcutsMetadata.stringsdata --source-file-list /Users/emreerdener/Library/Developer/Xcode/DerivedData/Merian-bsmebnfnhwnbdncricvwvveooidw/Build/Intermediates.noindex/Supabase.build/Debug-iphonesimulator/Storage.build/Objects-normal/arm64/Storage.SwiftFileList --metadata-file-list /Users/emreerdener/Library/Developer/Xcode/DerivedData/Merian-bsmebnfnhwnbdncricvwvveooidw/Build/Intermediates.noindex/Supabase.build/Debug-iphonesimulator/Storage.build/Storage.DependencyMetadataFileList --static-metadata-file-list /Users/emreerdener/Library/Developer/Xcode/DerivedData/Merian-bsmebnfnhwnbdncricvwvveooidw/Build/Intermediates.noindex/Supabase.build/Debug-iphonesimulator/Storage.build/Storage.DependencyStaticMetadataFileList --swift-const-vals-list /Users/emreerdener/Library/Developer/Xcode/DerivedData/Merian-bsmebnfnhwnbdncricvwvveooidw/Build/Intermediates.noindex/Supabase.build/Debug-iphonesimulator/Storage.build/Objects-normal/arm64/Storage.SwiftConstValuesFileList --force --compile-time-extraction --deployment-aware-processing --validate-assistant-intents --no-app-shortcuts-localization
2026-03-10 18:12:22.775 appintentsmetadataprocessor[9926:18725292] Starting appintentsmetadataprocessor export
2026-03-10 18:12:22.934 appintentsmetadataprocessor[9926:18725292] Extracted no relevant App Intents symbols, skipping writing output

ExtractAppIntentsMetadata (in target 'PostgREST' from project 'Supabase')
    cd /Users/emreerdener/Library/Developer/Xcode/DerivedData/Merian-bsmebnfnhwnbdncricvwvveooidw/SourcePackages/checkouts/supabase-swift
    /Applications/Xcode.app/Contents/Developer/Toolchains/XcodeDefault.xctoolchain/usr/bin/appintentsmetadataprocessor --toolchain-dir /Applications/Xcode.app/Contents/Developer/Toolchains/XcodeDefault.xctoolchain --module-name PostgREST --sdk-root /Applications/Xcode.app/Contents/Developer/Platforms/iPhoneSimulator.platform/Developer/SDKs/iPhoneSimulator26.2.sdk --xcode-version 17C529 --platform-family iOS --deployment-target 13.0 --bundle-identifier supabase-swift.PostgREST --output /Users/emreerdener/Library/Developer/Xcode/DerivedData/Merian-bsmebnfnhwnbdncricvwvveooidw/Build/Products/Debug-iphonesimulator/PostgREST.appintents --target-triple arm64-apple-ios13.0-simulator --binary-file /Users/emreerdener/Library/Developer/Xcode/DerivedData/Merian-bsmebnfnhwnbdncricvwvveooidw/Build/Products/Debug-iphonesimulator/PostgREST.o --dependency-file /Users/emreerdener/Library/Developer/Xcode/DerivedData/Merian-bsmebnfnhwnbdncricvwvveooidw/Build/Intermediates.noindex/Supabase.build/Debug-iphonesimulator/PostgREST.build/Objects-normal/arm64/PostgREST_dependency_info.dat --stringsdata-file /Users/emreerdener/Library/Developer/Xcode/DerivedData/Merian-bsmebnfnhwnbdncricvwvveooidw/Build/Intermediates.noindex/Supabase.build/Debug-iphonesimulator/PostgREST.build/Objects-normal/arm64/ExtractedAppShortcutsMetadata.stringsdata --source-file-list /Users/emreerdener/Library/Developer/Xcode/DerivedData/Merian-bsmebnfnhwnbdncricvwvveooidw/Build/Intermediates.noindex/Supabase.build/Debug-iphonesimulator/PostgREST.build/Objects-normal/arm64/PostgREST.SwiftFileList --metadata-file-list /Users/emreerdener/Library/Developer/Xcode/DerivedData/Merian-bsmebnfnhwnbdncricvwvveooidw/Build/Intermediates.noindex/Supabase.build/Debug-iphonesimulator/PostgREST.build/PostgREST.DependencyMetadataFileList --static-metadata-file-list /Users/emreerdener/Library/Developer/Xcode/DerivedData/Merian-bsmebnfnhwnbdncricvwvveooidw/Build/Intermediates.noindex/Supabase.build/Debug-iphonesimulator/PostgREST.build/PostgREST.DependencyStaticMetadataFileList --swift-const-vals-list /Users/emreerdener/Library/Developer/Xcode/DerivedData/Merian-bsmebnfnhwnbdncricvwvveooidw/Build/Intermediates.noindex/Supabase.build/Debug-iphonesimulator/PostgREST.build/Objects-normal/arm64/PostgREST.SwiftConstValuesFileList --force --compile-time-extraction --deployment-aware-processing --validate-assistant-intents --no-app-shortcuts-localization
2026-03-10 18:12:22.784 appintentsmetadataprocessor[9928:18725295] Starting appintentsmetadataprocessor export
2026-03-10 18:12:22.919 appintentsmetadataprocessor[9928:18725295] Extracted no relevant App Intents symbols, skipping writing output

ExtractAppIntentsMetadata (in target 'Realtime' from project 'Supabase')
    cd /Users/emreerdener/Library/Developer/Xcode/DerivedData/Merian-bsmebnfnhwnbdncricvwvveooidw/SourcePackages/checkouts/supabase-swift
    /Applications/Xcode.app/Contents/Developer/Toolchains/XcodeDefault.xctoolchain/usr/bin/appintentsmetadataprocessor --toolchain-dir /Applications/Xcode.app/Contents/Developer/Toolchains/XcodeDefault.xctoolchain --module-name Realtime --sdk-root /Applications/Xcode.app/Contents/Developer/Platforms/iPhoneSimulator.platform/Developer/SDKs/iPhoneSimulator26.2.sdk --xcode-version 17C529 --platform-family iOS --deployment-target 13.0 --bundle-identifier supabase-swift.Realtime --output /Users/emreerdener/Library/Developer/Xcode/DerivedData/Merian-bsmebnfnhwnbdncricvwvveooidw/Build/Products/Debug-iphonesimulator/Realtime.appintents --target-triple arm64-apple-ios13.0-simulator --binary-file /Users/emreerdener/Library/Developer/Xcode/DerivedData/Merian-bsmebnfnhwnbdncricvwvveooidw/Build/Products/Debug-iphonesimulator/Realtime.o --dependency-file /Users/emreerdener/Library/Developer/Xcode/DerivedData/Merian-bsmebnfnhwnbdncricvwvveooidw/Build/Intermediates.noindex/Supabase.build/Debug-iphonesimulator/Realtime.build/Objects-normal/arm64/Realtime_dependency_info.dat --stringsdata-file /Users/emreerdener/Library/Developer/Xcode/DerivedData/Merian-bsmebnfnhwnbdncricvwvveooidw/Build/Intermediates.noindex/Supabase.build/Debug-iphonesimulator/Realtime.build/Objects-normal/arm64/ExtractedAppShortcutsMetadata.stringsdata --source-file-list /Users/emreerdener/Library/Developer/Xcode/DerivedData/Merian-bsmebnfnhwnbdncricvwvveooidw/Build/Intermediates.noindex/Supabase.build/Debug-iphonesimulator/Realtime.build/Objects-normal/arm64/Realtime.SwiftFileList --metadata-file-list /Users/emreerdener/Library/Developer/Xcode/DerivedData/Merian-bsmebnfnhwnbdncricvwvveooidw/Build/Intermediates.noindex/Supabase.build/Debug-iphonesimulator/Realtime.build/Realtime.DependencyMetadataFileList --static-metadata-file-list /Users/emreerdener/Library/Developer/Xcode/DerivedData/Merian-bsmebnfnhwnbdncricvwvveooidw/Build/Intermediates.noindex/Supabase.build/Debug-iphonesimulator/Realtime.build/Realtime.DependencyStaticMetadataFileList --swift-const-vals-list /Users/emreerdener/Library/Developer/Xcode/DerivedData/Merian-bsmebnfnhwnbdncricvwvveooidw/Build/Intermediates.noindex/Supabase.build/Debug-iphonesimulator/Realtime.build/Objects-normal/arm64/Realtime.SwiftConstValuesFileList --force --compile-time-extraction --deployment-aware-processing --validate-assistant-intents --no-app-shortcuts-localization
2026-03-10 18:12:22.831 appintentsmetadataprocessor[9929:18725313] Starting appintentsmetadataprocessor export
2026-03-10 18:12:22.971 appintentsmetadataprocessor[9929:18725313] Extracted no relevant App Intents symbols, skipping writing output

ExtractAppIntentsMetadata (in target 'Functions' from project 'Supabase')
    cd /Users/emreerdener/Library/Developer/Xcode/DerivedData/Merian-bsmebnfnhwnbdncricvwvveooidw/SourcePackages/checkouts/supabase-swift
    /Applications/Xcode.app/Contents/Developer/Toolchains/XcodeDefault.xctoolchain/usr/bin/appintentsmetadataprocessor --toolchain-dir /Applications/Xcode.app/Contents/Developer/Toolchains/XcodeDefault.xctoolchain --module-name Functions --sdk-root /Applications/Xcode.app/Contents/Developer/Platforms/iPhoneSimulator.platform/Developer/SDKs/iPhoneSimulator26.2.sdk --xcode-version 17C529 --platform-family iOS --deployment-target 13.0 --bundle-identifier supabase-swift.Functions --output /Users/emreerdener/Library/Developer/Xcode/DerivedData/Merian-bsmebnfnhwnbdncricvwvveooidw/Build/Products/Debug-iphonesimulator/Functions.appintents --target-triple arm64-apple-ios13.0-simulator --binary-file /Users/emreerdener/Library/Developer/Xcode/DerivedData/Merian-bsmebnfnhwnbdncricvwvveooidw/Build/Products/Debug-iphonesimulator/Functions.o --dependency-file /Users/emreerdener/Library/Developer/Xcode/DerivedData/Merian-bsmebnfnhwnbdncricvwvveooidw/Build/Intermediates.noindex/Supabase.build/Debug-iphonesimulator/Functions.build/Objects-normal/arm64/Functions_dependency_info.dat --stringsdata-file /Users/emreerdener/Library/Developer/Xcode/DerivedData/Merian-bsmebnfnhwnbdncricvwvveooidw/Build/Intermediates.noindex/Supabase.build/Debug-iphonesimulator/Functions.build/Objects-normal/arm64/ExtractedAppShortcutsMetadata.stringsdata --source-file-list /Users/emreerdener/Library/Developer/Xcode/DerivedData/Merian-bsmebnfnhwnbdncricvwvveooidw/Build/Intermediates.noindex/Supabase.build/Debug-iphonesimulator/Functions.build/Objects-normal/arm64/Functions.SwiftFileList --metadata-file-list /Users/emreerdener/Library/Developer/Xcode/DerivedData/Merian-bsmebnfnhwnbdncricvwvveooidw/Build/Intermediates.noindex/Supabase.build/Debug-iphonesimulator/Functions.build/Functions.DependencyMetadataFileList --static-metadata-file-list /Users/emreerdener/Library/Developer/Xcode/DerivedData/Merian-bsmebnfnhwnbdncricvwvveooidw/Build/Intermediates.noindex/Supabase.build/Debug-iphonesimulator/Functions.build/Functions.DependencyStaticMetadataFileList --swift-const-vals-list /Users/emreerdener/Library/Developer/Xcode/DerivedData/Merian-bsmebnfnhwnbdncricvwvveooidw/Build/Intermediates.noindex/Supabase.build/Debug-iphonesimulator/Functions.build/Objects-normal/arm64/Functions.SwiftConstValuesFileList --force --compile-time-extraction --deployment-aware-processing --validate-assistant-intents --no-app-shortcuts-localization
2026-03-10 18:12:22.941 appintentsmetadataprocessor[9933:18725325] Starting appintentsmetadataprocessor export
2026-03-10 18:12:23.097 appintentsmetadataprocessor[9933:18725325] Extracted no relevant App Intents symbols, skipping writing output

ExtractAppIntentsMetadata (in target 'Auth' from project 'Supabase')
    cd /Users/emreerdener/Library/Developer/Xcode/DerivedData/Merian-bsmebnfnhwnbdncricvwvveooidw/SourcePackages/checkouts/supabase-swift
    /Applications/Xcode.app/Contents/Developer/Toolchains/XcodeDefault.xctoolchain/usr/bin/appintentsmetadataprocessor --toolchain-dir /Applications/Xcode.app/Contents/Developer/Toolchains/XcodeDefault.xctoolchain --module-name Auth --sdk-root /Applications/Xcode.app/Contents/Developer/Platforms/iPhoneSimulator.platform/Developer/SDKs/iPhoneSimulator26.2.sdk --xcode-version 17C529 --platform-family iOS --deployment-target 13.0 --bundle-identifier supabase-swift.Auth --output /Users/emreerdener/Library/Developer/Xcode/DerivedData/Merian-bsmebnfnhwnbdncricvwvveooidw/Build/Products/Debug-iphonesimulator/Auth.appintents --target-triple arm64-apple-ios13.0-simulator --binary-file /Users/emreerdener/Library/Developer/Xcode/DerivedData/Merian-bsmebnfnhwnbdncricvwvveooidw/Build/Products/Debug-iphonesimulator/Auth.o --dependency-file /Users/emreerdener/Library/Developer/Xcode/DerivedData/Merian-bsmebnfnhwnbdncricvwvveooidw/Build/Intermediates.noindex/Supabase.build/Debug-iphonesimulator/Auth.build/Objects-normal/arm64/Auth_dependency_info.dat --stringsdata-file /Users/emreerdener/Library/Developer/Xcode/DerivedData/Merian-bsmebnfnhwnbdncricvwvveooidw/Build/Intermediates.noindex/Supabase.build/Debug-iphonesimulator/Auth.build/Objects-normal/arm64/ExtractedAppShortcutsMetadata.stringsdata --source-file-list /Users/emreerdener/Library/Developer/Xcode/DerivedData/Merian-bsmebnfnhwnbdncricvwvveooidw/Build/Intermediates.noindex/Supabase.build/Debug-iphonesimulator/Auth.build/Objects-normal/arm64/Auth.SwiftFileList --metadata-file-list /Users/emreerdener/Library/Developer/Xcode/DerivedData/Merian-bsmebnfnhwnbdncricvwvveooidw/Build/Intermediates.noindex/Supabase.build/Debug-iphonesimulator/Auth.build/Auth.DependencyMetadataFileList --static-metadata-file-list /Users/emreerdener/Library/Developer/Xcode/DerivedData/Merian-bsmebnfnhwnbdncricvwvveooidw/Build/Intermediates.noindex/Supabase.build/Debug-iphonesimulator/Auth.build/Auth.DependencyStaticMetadataFileList --swift-const-vals-list /Users/emreerdener/Library/Developer/Xcode/DerivedData/Merian-bsmebnfnhwnbdncricvwvveooidw/Build/Intermediates.noindex/Supabase.build/Debug-iphonesimulator/Auth.build/Objects-normal/arm64/Auth.SwiftConstValuesFileList --force --compile-time-extraction --deployment-aware-processing --validate-assistant-intents --no-app-shortcuts-localization
2026-03-10 18:12:22.961 appintentsmetadataprocessor[9934:18725327] Starting appintentsmetadataprocessor export
2026-03-10 18:12:23.107 appintentsmetadataprocessor[9934:18725327] Extracted no relevant App Intents symbols, skipping writing output

SwiftDriverJobDiscovery normal arm64 Compiling PostHogManager.swift, RevenueCatManager.swift, ScanRepository.swift, SocialGuardManager.swift (in target 'Merian' from project 'Merian')

SwiftDriverJobDiscovery normal arm64 Compiling HapticManager.swift, HardwareOrchestrator.swift, ImageCropperView.swift, InferenceEngine.swift (in target 'Merian' from project 'Merian')

SwiftDriverJobDiscovery normal arm64 Compiling MerianApp.swift, MerianAppIntents.swift, MerianEnvironment.swift, MerianNetworkClient.swift (in target 'Merian' from project 'Merian')

RegisterExecutionPolicyException /Users/emreerdener/Library/Developer/Xcode/DerivedData/Merian-bsmebnfnhwnbdncricvwvveooidw/Build/Products/Debug-iphonesimulator/Auth.o (in target 'Auth' from project 'Supabase')
    cd /Users/emreerdener/Library/Developer/Xcode/DerivedData/Merian-bsmebnfnhwnbdncricvwvveooidw/SourcePackages/checkouts/supabase-swift
    builtin-RegisterExecutionPolicyException /Users/emreerdener/Library/Developer/Xcode/DerivedData/Merian-bsmebnfnhwnbdncricvwvveooidw/Build/Products/Debug-iphonesimulator/Auth.o

RegisterExecutionPolicyException /Users/emreerdener/Library/Developer/Xcode/DerivedData/Merian-bsmebnfnhwnbdncricvwvveooidw/Build/Products/Debug-iphonesimulator/Functions.o (in target 'Functions' from project 'Supabase')
    cd /Users/emreerdener/Library/Developer/Xcode/DerivedData/Merian-bsmebnfnhwnbdncricvwvveooidw/SourcePackages/checkouts/supabase-swift
    builtin-RegisterExecutionPolicyException /Users/emreerdener/Library/Developer/Xcode/DerivedData/Merian-bsmebnfnhwnbdncricvwvveooidw/Build/Products/Debug-iphonesimulator/Functions.o

RegisterExecutionPolicyException /Users/emreerdener/Library/Developer/Xcode/DerivedData/Merian-bsmebnfnhwnbdncricvwvveooidw/Build/Products/Debug-iphonesimulator/PostgREST.o (in target 'PostgREST' from project 'Supabase')
    cd /Users/emreerdener/Library/Developer/Xcode/DerivedData/Merian-bsmebnfnhwnbdncricvwvveooidw/SourcePackages/checkouts/supabase-swift
    builtin-RegisterExecutionPolicyException /Users/emreerdener/Library/Developer/Xcode/DerivedData/Merian-bsmebnfnhwnbdncricvwvveooidw/Build/Products/Debug-iphonesimulator/PostgREST.o

RegisterExecutionPolicyException /Users/emreerdener/Library/Developer/Xcode/DerivedData/Merian-bsmebnfnhwnbdncricvwvveooidw/Build/Products/Debug-iphonesimulator/Realtime.o (in target 'Realtime' from project 'Supabase')
    cd /Users/emreerdener/Library/Developer/Xcode/DerivedData/Merian-bsmebnfnhwnbdncricvwvveooidw/SourcePackages/checkouts/supabase-swift
    builtin-RegisterExecutionPolicyException /Users/emreerdener/Library/Developer/Xcode/DerivedData/Merian-bsmebnfnhwnbdncricvwvveooidw/Build/Products/Debug-iphonesimulator/Realtime.o

RegisterExecutionPolicyException /Users/emreerdener/Library/Developer/Xcode/DerivedData/Merian-bsmebnfnhwnbdncricvwvveooidw/Build/Products/Debug-iphonesimulator/Storage.o (in target 'Storage' from project 'Supabase')
    cd /Users/emreerdener/Library/Developer/Xcode/DerivedData/Merian-bsmebnfnhwnbdncricvwvveooidw/SourcePackages/checkouts/supabase-swift
    builtin-RegisterExecutionPolicyException /Users/emreerdener/Library/Developer/Xcode/DerivedData/Merian-bsmebnfnhwnbdncricvwvveooidw/Build/Products/Debug-iphonesimulator/Storage.o

Ld /Users/emreerdener/Library/Developer/Xcode/DerivedData/Merian-bsmebnfnhwnbdncricvwvveooidw/Build/Products/Debug-iphonesimulator/Supabase.o normal (in target 'Supabase' from project 'Supabase')
    cd /Users/emreerdener/Library/Developer/Xcode/DerivedData/Merian-bsmebnfnhwnbdncricvwvveooidw/SourcePackages/checkouts/supabase-swift
    /Applications/Xcode.app/Contents/Developer/Toolchains/XcodeDefault.xctoolchain/usr/bin/clang -Xlinker -reproducible -target arm64-apple-ios13.0-simulator -r -isysroot /Applications/Xcode.app/Contents/Developer/Platforms/iPhoneSimulator.platform/Developer/SDKs/iPhoneSimulator26.2.sdk -O0 -w -L/Users/emreerdener/Library/Developer/Xcode/DerivedData/Merian-bsmebnfnhwnbdncricvwvveooidw/Build/Intermediates.noindex/EagerLinkingTBDs/Debug-iphonesimulator -L/Users/emreerdener/Library/Developer/Xcode/DerivedData/Merian-bsmebnfnhwnbdncricvwvveooidw/Build/Products/Debug-iphonesimulator -L/Applications/Xcode.app/Contents/Developer/Platforms/iPhoneSimulator.platform/Developer/usr/lib -F/Users/emreerdener/Library/Developer/Xcode/DerivedData/Merian-bsmebnfnhwnbdncricvwvveooidw/Build/Intermediates.noindex/EagerLinkingTBDs/Debug-iphonesimulator -F/Users/emreerdener/Library/Developer/Xcode/DerivedData/Merian-bsmebnfnhwnbdncricvwvveooidw/Build/Products/Debug-iphonesimulator/PackageFrameworks -F/Users/emreerdener/Library/Developer/Xcode/DerivedData/Merian-bsmebnfnhwnbdncricvwvveooidw/Build/Products/Debug-iphonesimulator/PackageFrameworks -F/Users/emreerdener/Library/Developer/Xcode/DerivedData/Merian-bsmebnfnhwnbdncricvwvveooidw/Build/Products/Debug-iphonesimulator/PackageFrameworks -F/Users/emreerdener/Library/Developer/Xcode/DerivedData/Merian-bsmebnfnhwnbdncricvwvveooidw/Build/Products/Debug-iphonesimulator/PackageFrameworks -F/Users/emreerdener/Library/Developer/Xcode/DerivedData/Merian-bsmebnfnhwnbdncricvwvveooidw/Build/Products/Debug-iphonesimulator/PackageFrameworks -F/Users/emreerdener/Library/Developer/Xcode/DerivedData/Merian-bsmebnfnhwnbdncricvwvveooidw/Build/Products/Debug-iphonesimulator/PackageFrameworks -F/Users/emreerdener/Library/Developer/Xcode/DerivedData/Merian-bsmebnfnhwnbdncricvwvveooidw/Build/Products/Debug-iphonesimulator/PackageFrameworks -F/Users/emreerdener/Library/Developer/Xcode/DerivedData/Merian-bsmebnfnhwnbdncricvwvveooidw/Build/Products/Debug-iphonesimulator/PackageFrameworks -F/Users/emreerdener/Library/Developer/Xcode/DerivedData/Merian-bsmebnfnhwnbdncricvwvveooidw/Build/Products/Debug-iphonesimulator/PackageFrameworks -F/Users/emreerdener/Library/Developer/Xcode/DerivedData/Merian-bsmebnfnhwnbdncricvwvveooidw/Build/Products/Debug-iphonesimulator/PackageFrameworks -F/Users/emreerdener/Library/Developer/Xcode/DerivedData/Merian-bsmebnfnhwnbdncricvwvveooidw/Build/Products/Debug-iphonesimulator/PackageFrameworks -F/Users/emreerdener/Library/Developer/Xcode/DerivedData/Merian-bsmebnfnhwnbdncricvwvveooidw/Build/Products/Debug-iphonesimulator/PackageFrameworks -F/Users/emreerdener/Library/Developer/Xcode/DerivedData/Merian-bsmebnfnhwnbdncricvwvveooidw/Build/Products/Debug-iphonesimulator/PackageFrameworks -F/Users/emreerdener/Library/Developer/Xcode/DerivedData/Merian-bsmebnfnhwnbdncricvwvveooidw/Build/Products/Debug-iphonesimulator -iframework /Applications/Xcode.app/Contents/Developer/Platforms/iPhoneSimulator.platform/Developer/Library/Frameworks -iframework /Applications/Xcode.app/Contents/Developer/Platforms/iPhoneSimulator.platform/Developer/SDKs/iPhoneSimulator26.2.sdk/Developer/Library/Frameworks -filelist /Users/emreerdener/Library/Developer/Xcode/DerivedData/Merian-bsmebnfnhwnbdncricvwvveooidw/Build/Intermediates.noindex/Supabase.build/Debug-iphonesimulator/Supabase.build/Objects-normal/arm64/Supabase.LinkFileList -nostdlib -Xlinker -object_path_lto -Xlinker /Users/emreerdener/Library/Developer/Xcode/DerivedData/Merian-bsmebnfnhwnbdncricvwvveooidw/Build/Intermediates.noindex/Supabase.build/Debug-iphonesimulator/Supabase.build/Objects-normal/arm64/Supabase_lto.o -rdynamic -Xlinker -no_deduplicate -Xlinker -objc_abi_version -Xlinker 2 -Xlinker -dependency_info -Xlinker /Users/emreerdener/Library/Developer/Xcode/DerivedData/Merian-bsmebnfnhwnbdncricvwvveooidw/Build/Intermediates.noindex/Supabase.build/Debug-iphonesimulator/Supabase.build/Objects-normal/arm64/Supabase_dependency_info.dat -fobjc-link-runtime -L/Applications/Xcode.app/Contents/Developer/Toolchains/XcodeDefault.xctoolchain/usr/lib/swift/iphonesimulator -L/usr/lib/swift -Xlinker -add_ast_path -Xlinker /Users/emreerdener/Library/Developer/Xcode/DerivedData/Merian-bsmebnfnhwnbdncricvwvveooidw/Build/Intermediates.noindex/Supabase.build/Debug-iphonesimulator/Supabase.build/Objects-normal/arm64/Supabase.swiftmodule @/Users/emreerdener/Library/Developer/Xcode/DerivedData/Merian-bsmebnfnhwnbdncricvwvveooidw/Build/Intermediates.noindex/Supabase.build/Debug-iphonesimulator/Supabase.build/Objects-normal/arm64/Supabase-linker-args.resp -o /Users/emreerdener/Library/Developer/Xcode/DerivedData/Merian-bsmebnfnhwnbdncricvwvveooidw/Build/Products/Debug-iphonesimulator/Supabase.o

ExtractAppIntentsMetadata (in target 'Supabase' from project 'Supabase')
    cd /Users/emreerdener/Library/Developer/Xcode/DerivedData/Merian-bsmebnfnhwnbdncricvwvveooidw/SourcePackages/checkouts/supabase-swift
    /Applications/Xcode.app/Contents/Developer/Toolchains/XcodeDefault.xctoolchain/usr/bin/appintentsmetadataprocessor --toolchain-dir /Applications/Xcode.app/Contents/Developer/Toolchains/XcodeDefault.xctoolchain --module-name Supabase --sdk-root /Applications/Xcode.app/Contents/Developer/Platforms/iPhoneSimulator.platform/Developer/SDKs/iPhoneSimulator26.2.sdk --xcode-version 17C529 --platform-family iOS --deployment-target 13.0 --bundle-identifier supabase-swift.Supabase --output /Users/emreerdener/Library/Developer/Xcode/DerivedData/Merian-bsmebnfnhwnbdncricvwvveooidw/Build/Products/Debug-iphonesimulator/Supabase.appintents --target-triple arm64-apple-ios13.0-simulator --binary-file /Users/emreerdener/Library/Developer/Xcode/DerivedData/Merian-bsmebnfnhwnbdncricvwvveooidw/Build/Products/Debug-iphonesimulator/Supabase.o --dependency-file /Users/emreerdener/Library/Developer/Xcode/DerivedData/Merian-bsmebnfnhwnbdncricvwvveooidw/Build/Intermediates.noindex/Supabase.build/Debug-iphonesimulator/Supabase.build/Objects-normal/arm64/Supabase_dependency_info.dat --stringsdata-file /Users/emreerdener/Library/Developer/Xcode/DerivedData/Merian-bsmebnfnhwnbdncricvwvveooidw/Build/Intermediates.noindex/Supabase.build/Debug-iphonesimulator/Supabase.build/Objects-normal/arm64/ExtractedAppShortcutsMetadata.stringsdata --source-file-list /Users/emreerdener/Library/Developer/Xcode/DerivedData/Merian-bsmebnfnhwnbdncricvwvveooidw/Build/Intermediates.noindex/Supabase.build/Debug-iphonesimulator/Supabase.build/Objects-normal/arm64/Supabase.SwiftFileList --metadata-file-list /Users/emreerdener/Library/Developer/Xcode/DerivedData/Merian-bsmebnfnhwnbdncricvwvveooidw/Build/Intermediates.noindex/Supabase.build/Debug-iphonesimulator/Supabase.build/Supabase.DependencyMetadataFileList --static-metadata-file-list /Users/emreerdener/Library/Developer/Xcode/DerivedData/Merian-bsmebnfnhwnbdncricvwvveooidw/Build/Intermediates.noindex/Supabase.build/Debug-iphonesimulator/Supabase.build/Supabase.DependencyStaticMetadataFileList --swift-const-vals-list /Users/emreerdener/Library/Developer/Xcode/DerivedData/Merian-bsmebnfnhwnbdncricvwvveooidw/Build/Intermediates.noindex/Supabase.build/Debug-iphonesimulator/Supabase.build/Objects-normal/arm64/Supabase.SwiftConstValuesFileList --force --compile-time-extraction --deployment-aware-processing --validate-assistant-intents --no-app-shortcuts-localization
2026-03-10 18:12:23.215 appintentsmetadataprocessor[9937:18725355] Starting appintentsmetadataprocessor export
2026-03-10 18:12:23.338 appintentsmetadataprocessor[9937:18725355] Extracted no relevant App Intents symbols, skipping writing output

RegisterExecutionPolicyException /Users/emreerdener/Library/Developer/Xcode/DerivedData/Merian-bsmebnfnhwnbdncricvwvveooidw/Build/Products/Debug-iphonesimulator/Supabase.o (in target 'Supabase' from project 'Supabase')
    cd /Users/emreerdener/Library/Developer/Xcode/DerivedData/Merian-bsmebnfnhwnbdncricvwvveooidw/SourcePackages/checkouts/supabase-swift
    builtin-RegisterExecutionPolicyException /Users/emreerdener/Library/Developer/Xcode/DerivedData/Merian-bsmebnfnhwnbdncricvwvveooidw/Build/Products/Debug-iphonesimulator/Supabase.o

SwiftDriverJobDiscovery normal arm64 Compiling OfflineQueueManager.swift, OfflineQueuedScan.swift, PaywallView.swift, PhotoLibraryManager.swift (in target 'Merian' from project 'Merian')

LinkAssetCatalog /Users/emreerdener/Developer/merian/Merian/Assets.xcassets (in target 'Merian' from project 'Merian')
    cd /Users/emreerdener/Developer/merian
    builtin-linkAssetCatalog --thinned /Users/emreerdener/Library/Developer/Xcode/DerivedData/Merian-bsmebnfnhwnbdncricvwvveooidw/Build/Intermediates.noindex/Merian.build/Debug-iphonesimulator/Merian.build/assetcatalog_output/thinned --thinned-dependencies /Users/emreerdener/Library/Developer/Xcode/DerivedData/Merian-bsmebnfnhwnbdncricvwvveooidw/Build/Intermediates.noindex/Merian.build/Debug-iphonesimulator/Merian.build/assetcatalog_dependencies_thinned --thinned-info-plist-content /Users/emreerdener/Library/Developer/Xcode/DerivedData/Merian-bsmebnfnhwnbdncricvwvveooidw/Build/Intermediates.noindex/Merian.build/Debug-iphonesimulator/Merian.build/assetcatalog_generated_info.plist_thinned --unthinned /Users/emreerdener/Library/Developer/Xcode/DerivedData/Merian-bsmebnfnhwnbdncricvwvveooidw/Build/Intermediates.noindex/Merian.build/Debug-iphonesimulator/Merian.build/assetcatalog_output/unthinned --unthinned-dependencies /Users/emreerdener/Library/Developer/Xcode/DerivedData/Merian-bsmebnfnhwnbdncricvwvveooidw/Build/Intermediates.noindex/Merian.build/Debug-iphonesimulator/Merian.build/assetcatalog_dependencies_unthinned --unthinned-info-plist-content /Users/emreerdener/Library/Developer/Xcode/DerivedData/Merian-bsmebnfnhwnbdncricvwvveooidw/Build/Intermediates.noindex/Merian.build/Debug-iphonesimulator/Merian.build/assetcatalog_generated_info.plist_unthinned --output /Users/emreerdener/Library/Developer/Xcode/DerivedData/Merian-bsmebnfnhwnbdncricvwvveooidw/Build/Products/Debug-iphonesimulator/Merian.app --plist-output /Users/emreerdener/Library/Developer/Xcode/DerivedData/Merian-bsmebnfnhwnbdncricvwvveooidw/Build/Intermediates.noindex/Merian.build/Debug-iphonesimulator/Merian.build/assetcatalog_generated_info.plist
note: Emplaced /Users/emreerdener/Library/Developer/Xcode/DerivedData/Merian-bsmebnfnhwnbdncricvwvveooidw/Build/Products/Debug-iphonesimulator/Merian.app/Assets.car (in target 'Merian' from project 'Merian')
note: Emplaced /Users/emreerdener/Library/Developer/Xcode/DerivedData/Merian-bsmebnfnhwnbdncricvwvveooidw/Build/Products/Debug-iphonesimulator/Merian.app/AppIcon76x76@2x~ipad.png (in target 'Merian' from project 'Merian')
note: Emplaced /Users/emreerdener/Library/Developer/Xcode/DerivedData/Merian-bsmebnfnhwnbdncricvwvveooidw/Build/Products/Debug-iphonesimulator/Merian.app/AppIcon60x60@2x.png (in target 'Merian' from project 'Merian')

SwiftDriverJobDiscovery normal arm64 Compiling InsightSheetView.swift, LifeListSearchManager.swift, LocalScanRecord.swift, MerianActionBar.swift (in target 'Merian' from project 'Merian')

SwiftDriver\ Compilation Merian normal arm64 com.apple.xcode.tools.swift.compiler (in target 'Merian' from project 'Merian')
    cd /Users/emreerdener/Developer/merian
    builtin-Swift-Compilation -- /Applications/Xcode.app/Contents/Developer/Toolchains/XcodeDefault.xctoolchain/usr/bin/swiftc -module-name Merian -Onone -enforce-exclusivity\=checked @/Users/emreerdener/Library/Developer/Xcode/DerivedData/Merian-bsmebnfnhwnbdncricvwvveooidw/Build/Intermediates.noindex/Merian.build/Debug-iphonesimulator/Merian.build/Objects-normal/arm64/Merian.SwiftFileList -DDEBUG -Xcc -fmodule-map-file\=/Users/emreerdener/Library/Developer/Xcode/DerivedData/Merian-bsmebnfnhwnbdncricvwvveooidw/Build/Intermediates.noindex/GeneratedModuleMaps-iphonesimulator/CrashReporter.modulemap -Xcc -fmodule-map-file\=/Users/emreerdener/Library/Developer/Xcode/DerivedData/Merian-bsmebnfnhwnbdncricvwvveooidw/Build/Intermediates.noindex/GeneratedModuleMaps-iphonesimulator/phlibwebp.modulemap -Xcc -fmodule-map-file\=/Users/emreerdener/Library/Developer/Xcode/DerivedData/Merian-bsmebnfnhwnbdncricvwvveooidw/Build/Intermediates.noindex/GeneratedModuleMaps-iphonesimulator/AppAuth.modulemap -Xcc -fmodule-map-file\=/Users/emreerdener/Library/Developer/Xcode/DerivedData/Merian-bsmebnfnhwnbdncricvwvveooidw/Build/Intermediates.noindex/GeneratedModuleMaps-iphonesimulator/AppAuthCore.modulemap -Xcc -fmodule-map-file\=/Users/emreerdener/Library/Developer/Xcode/DerivedData/Merian-bsmebnfnhwnbdncricvwvveooidw/Build/Intermediates.noindex/GeneratedModuleMaps-iphonesimulator/GTMSessionFetcherCore.modulemap -Xcc -fmodule-map-file\=/Users/emreerdener/Library/Developer/Xcode/DerivedData/Merian-bsmebnfnhwnbdncricvwvveooidw/Build/Intermediates.noindex/GeneratedModuleMaps-iphonesimulator/GoogleSignIn.modulemap -enable-bare-slash-regex -enable-experimental-feature DebugDescriptionMacro -sdk /Applications/Xcode.app/Contents/Developer/Platforms/iPhoneSimulator.platform/Developer/SDKs/iPhoneSimulator26.2.sdk -target arm64-apple-ios17.0-simulator -g -module-cache-path /Users/emreerdener/Library/Developer/Xcode/DerivedData/ModuleCache.noindex -Xfrontend -serialize-debugging-options -enable-testing -index-store-path /Users/emreerdener/Library/Developer/Xcode/DerivedData/Merian-bsmebnfnhwnbdncricvwvveooidw/Index.noindex/DataStore -Xcc -D_LIBCPP_HARDENING_MODE\=_LIBCPP_HARDENING_MODE_DEBUG -swift-version 5 -I /Users/emreerdener/Library/Developer/Xcode/DerivedData/Merian-bsmebnfnhwnbdncricvwvveooidw/Build/Products/Debug-iphonesimulator -F /Users/emreerdener/Library/Developer/Xcode/DerivedData/Merian-bsmebnfnhwnbdncricvwvveooidw/Build/Products/Debug-iphonesimulator/PackageFrameworks -F /Users/emreerdener/Library/Developer/Xcode/DerivedData/Merian-bsmebnfnhwnbdncricvwvveooidw/Build/Products/Debug-iphonesimulator/PackageFrameworks -F /Users/emreerdener/Library/Developer/Xcode/DerivedData/Merian-bsmebnfnhwnbdncricvwvveooidw/Build/Products/Debug-iphonesimulator/PackageFrameworks -F /Users/emreerdener/Library/Developer/Xcode/DerivedData/Merian-bsmebnfnhwnbdncricvwvveooidw/Build/Products/Debug-iphonesimulator/PackageFrameworks -F /Users/emreerdener/Library/Developer/Xcode/DerivedData/Merian-bsmebnfnhwnbdncricvwvveooidw/Build/Products/Debug-iphonesimulator/PackageFrameworks -F /Users/emreerdener/Library/Developer/Xcode/DerivedData/Merian-bsmebnfnhwnbdncricvwvveooidw/Build/Products/Debug-iphonesimulator/PackageFrameworks -F /Users/emreerdener/Library/Developer/Xcode/DerivedData/Merian-bsmebnfnhwnbdncricvwvveooidw/Build/Products/Debug-iphonesimulator/PackageFrameworks -F /Users/emreerdener/Library/Developer/Xcode/DerivedData/Merian-bsmebnfnhwnbdncricvwvveooidw/Build/Products/Debug-iphonesimulator/PackageFrameworks -F /Users/emreerdener/Library/Developer/Xcode/DerivedData/Merian-bsmebnfnhwnbdncricvwvveooidw/Build/Products/Debug-iphonesimulator/PackageFrameworks -F /Users/emreerdener/Library/Developer/Xcode/DerivedData/Merian-bsmebnfnhwnbdncricvwvveooidw/Build/Products/Debug-iphonesimulator/PackageFrameworks -F /Users/emreerdener/Library/Developer/Xcode/DerivedData/Merian-bsmebnfnhwnbdncricvwvveooidw/Build/Products/Debug-iphonesimulator/PackageFrameworks -F /Users/emreerdener/Library/Developer/Xcode/DerivedData/Merian-bsmebnfnhwnbdncricvwvveooidw/Build/Products/Debug-iphonesimulator/PackageFrameworks -F /Users/emreerdener/Library/Developer/Xcode/DerivedData/Merian-bsmebnfnhwnbdncricvwvveooidw/Build/Products/Debug-iphonesimulator/PackageFrameworks -F /Users/emreerdener/Library/Developer/Xcode/DerivedData/Merian-bsmebnfnhwnbdncricvwvveooidw/Build/Products/Debug-iphonesimulator/PackageFrameworks -F /Users/emreerdener/Library/Developer/Xcode/DerivedData/Merian-bsmebnfnhwnbdncricvwvveooidw/Build/Products/Debug-iphonesimulator/PackageFrameworks -F /Users/emreerdener/Library/Developer/Xcode/DerivedData/Merian-bsmebnfnhwnbdncricvwvveooidw/Build/Products/Debug-iphonesimulator/PackageFrameworks -F /Users/emreerdener/Library/Developer/Xcode/DerivedData/Merian-bsmebnfnhwnbdncricvwvveooidw/Build/Products/Debug-iphonesimulator/PackageFrameworks -F /Users/emreerdener/Library/Developer/Xcode/DerivedData/Merian-bsmebnfnhwnbdncricvwvveooidw/Build/Products/Debug-iphonesimulator/PackageFrameworks -F /Users/emreerdener/Library/Developer/Xcode/DerivedData/Merian-bsmebnfnhwnbdncricvwvveooidw/Build/Products/Debug-iphonesimulator/PackageFrameworks -F /Users/emreerdener/Library/Developer/Xcode/DerivedData/Merian-bsmebnfnhwnbdncricvwvveooidw/Build/Products/Debug-iphonesimulator/PackageFrameworks -F /Users/emreerdener/Library/Developer/Xcode/DerivedData/Merian-bsmebnfnhwnbdncricvwvveooidw/Build/Products/Debug-iphonesimulator/PackageFrameworks -F /Users/emreerdener/Library/Developer/Xcode/DerivedData/Merian-bsmebnfnhwnbdncricvwvveooidw/Build/Products/Debug-iphonesimulator/PackageFrameworks -F /Users/emreerdener/Library/Developer/Xcode/DerivedData/Merian-bsmebnfnhwnbdncricvwvveooidw/Build/Products/Debug-iphonesimulator/PackageFrameworks -F /Users/emreerdener/Library/Developer/Xcode/DerivedData/Merian-bsmebnfnhwnbdncricvwvveooidw/Build/Products/Debug-iphonesimulator/PackageFrameworks -F /Users/emreerdener/Library/Developer/Xcode/DerivedData/Merian-bsmebnfnhwnbdncricvwvveooidw/Build/Products/Debug-iphonesimulator -c -j10 -enable-batch-mode -incremental -Xcc -ivfsstatcache -Xcc /Users/emreerdener/Library/Developer/Xcode/DerivedData/SDKStatCaches.noindex/iphonesimulator26.2-23C57-7d00a8b37fbd7999ea79df8ebc024bf0.sdkstatcache -output-file-map /Users/emreerdener/Library/Developer/Xcode/DerivedData/Merian-bsmebnfnhwnbdncricvwvveooidw/Build/Intermediates.noindex/Merian.build/Debug-iphonesimulator/Merian.build/Objects-normal/arm64/Merian-OutputFileMap.json -use-frontend-parseable-output -save-temps -no-color-diagnostics -explicit-module-build -module-cache-path /Users/emreerdener/Library/Developer/Xcode/DerivedData/Merian-bsmebnfnhwnbdncricvwvveooidw/Build/Intermediates.noindex/SwiftExplicitPrecompiledModules -clang-scanner-module-cache-path /Users/emreerdener/Library/Developer/Xcode/DerivedData/ModuleCache.noindex -sdk-module-cache-path /Users/emreerdener/Library/Developer/Xcode/DerivedData/ModuleCache.noindex -serialize-diagnostics -emit-dependencies -emit-module -emit-module-path /Users/emreerdener/Library/Developer/Xcode/DerivedData/Merian-bsmebnfnhwnbdncricvwvveooidw/Build/Intermediates.noindex/Merian.build/Debug-iphonesimulator/Merian.build/Objects-normal/arm64/Merian.swiftmodule -validate-clang-modules-once -clang-build-session-file /Users/emreerdener/Library/Developer/Xcode/DerivedData/ModuleCache.noindex/Session.modulevalidation -Xcc -I/Users/emreerdener/Library/Developer/Xcode/DerivedData/Merian-bsmebnfnhwnbdncricvwvveooidw/Build/Intermediates.noindex/Merian.build/Debug-iphonesimulator/Merian.build/swift-overrides.hmap -emit-const-values -Xfrontend -const-gather-protocols-file -Xfrontend /Users/emreerdener/Library/Developer/Xcode/DerivedData/Merian-bsmebnfnhwnbdncricvwvveooidw/Build/Intermediates.noindex/Merian.build/Debug-iphonesimulator/Merian.build/Objects-normal/arm64/Merian_const_extract_protocols.json -Xcc -iquote -Xcc /Users/emreerdener/Library/Developer/Xcode/DerivedData/Merian-bsmebnfnhwnbdncricvwvveooidw/Build/Intermediates.noindex/Merian.build/Debug-iphonesimulator/Merian.build/Merian-generated-files.hmap -Xcc -I/Users/emreerdener/Library/Developer/Xcode/DerivedData/Merian-bsmebnfnhwnbdncricvwvveooidw/Build/Intermediates.noindex/Merian.build/Debug-iphonesimulator/Merian.build/Merian-own-target-headers.hmap -Xcc -I/Users/emreerdener/Library/Developer/Xcode/DerivedData/Merian-bsmebnfnhwnbdncricvwvveooidw/Build/Intermediates.noindex/Merian.build/Debug-iphonesimulator/Merian.build/Merian-all-non-framework-target-headers.hmap -Xcc -ivfsoverlay -Xcc /Users/emreerdener/Library/Developer/Xcode/DerivedData/Merian-bsmebnfnhwnbdncricvwvveooidw/Build/Intermediates.noindex/Merian.build/Debug-iphonesimulator/Merian-dcaa609efe034fc516e3186519f37717-VFS-iphonesimulator/all-product-headers.yaml -Xcc -iquote -Xcc /Users/emreerdener/Library/Developer/Xcode/DerivedData/Merian-bsmebnfnhwnbdncricvwvveooidw/Build/Intermediates.noindex/Merian.build/Debug-iphonesimulator/Merian.build/Merian-project-headers.hmap -Xcc -I/Users/emreerdener/Library/Developer/Xcode/DerivedData/Merian-bsmebnfnhwnbdncricvwvveooidw/SourcePackages/checkouts/plcrashreporter/include -Xcc -I/Users/emreerdener/Library/Developer/Xcode/DerivedData/Merian-bsmebnfnhwnbdncricvwvveooidw/SourcePackages/checkouts/posthog-ios/vendor/libwebp -Xcc -I/Users/emreerdener/Library/Developer/Xcode/DerivedData/Merian-bsmebnfnhwnbdncricvwvveooidw/SourcePackages/checkouts/AppAuth-iOS/Sources/AppAuth -Xcc -I/Users/emreerdener/Library/Developer/Xcode/DerivedData/Merian-bsmebnfnhwnbdncricvwvveooidw/SourcePackages/checkouts/AppAuth-iOS/Sources/AppAuthCore -Xcc -I/Users/emreerdener/Library/Developer/Xcode/DerivedData/Merian-bsmebnfnhwnbdncricvwvveooidw/SourcePackages/checkouts/gtm-session-fetcher/Sources/Core/Public -Xcc -I/Users/emreerdener/Library/Developer/Xcode/DerivedData/Merian-bsmebnfnhwnbdncricvwvveooidw/SourcePackages/checkouts/GoogleSignIn-iOS/GoogleSignIn/Sources/Public -Xcc -I/Users/emreerdener/Library/Developer/Xcode/DerivedData/Merian-bsmebnfnhwnbdncricvwvveooidw/Build/Products/Debug-iphonesimulator/include -Xcc -I/Users/emreerdener/Library/Developer/Xcode/DerivedData/Merian-bsmebnfnhwnbdncricvwvveooidw/Build/Intermediates.noindex/Merian.build/Debug-iphonesimulator/Merian.build/DerivedSources-normal/arm64 -Xcc -I/Users/emreerdener/Library/Developer/Xcode/DerivedData/Merian-bsmebnfnhwnbdncricvwvveooidw/Build/Intermediates.noindex/Merian.build/Debug-iphonesimulator/Merian.build/DerivedSources/arm64 -Xcc -I/Users/emreerdener/Library/Developer/Xcode/DerivedData/Merian-bsmebnfnhwnbdncricvwvveooidw/Build/Intermediates.noindex/Merian.build/Debug-iphonesimulator/Merian.build/DerivedSources -Xcc -DDEBUG\=1 -emit-objc-header -emit-objc-header-path /Users/emreerdener/Library/Developer/Xcode/DerivedData/Merian-bsmebnfnhwnbdncricvwvveooidw/Build/Intermediates.noindex/Merian.build/Debug-iphonesimulator/Merian.build/Objects-normal/arm64/Merian-Swift.h -working-directory /Users/emreerdener/Developer/merian -experimental-emit-module-separately -disable-cmo

LinkAssetCatalog /Users/emreerdener/Developer/merian/MerianWatch/Assets.xcassets (in target 'MerianWatch' from project 'Merian')
    cd /Users/emreerdener/Developer/merian
    builtin-linkAssetCatalog --thinned /Users/emreerdener/Library/Developer/Xcode/DerivedData/Merian-bsmebnfnhwnbdncricvwvveooidw/Build/Intermediates.noindex/Merian.build/Debug-watchsimulator/MerianWatch.build/assetcatalog_output/thinned --thinned-dependencies /Users/emreerdener/Library/Developer/Xcode/DerivedData/Merian-bsmebnfnhwnbdncricvwvveooidw/Build/Intermediates.noindex/Merian.build/Debug-watchsimulator/MerianWatch.build/assetcatalog_dependencies_thinned --thinned-info-plist-content /Users/emreerdener/Library/Developer/Xcode/DerivedData/Merian-bsmebnfnhwnbdncricvwvveooidw/Build/Intermediates.noindex/Merian.build/Debug-watchsimulator/MerianWatch.build/assetcatalog_generated_info.plist_thinned --unthinned /Users/emreerdener/Library/Developer/Xcode/DerivedData/Merian-bsmebnfnhwnbdncricvwvveooidw/Build/Intermediates.noindex/Merian.build/Debug-watchsimulator/MerianWatch.build/assetcatalog_output/unthinned --unthinned-dependencies /Users/emreerdener/Library/Developer/Xcode/DerivedData/Merian-bsmebnfnhwnbdncricvwvveooidw/Build/Intermediates.noindex/Merian.build/Debug-watchsimulator/MerianWatch.build/assetcatalog_dependencies_unthinned --unthinned-info-plist-content /Users/emreerdener/Library/Developer/Xcode/DerivedData/Merian-bsmebnfnhwnbdncricvwvveooidw/Build/Intermediates.noindex/Merian.build/Debug-watchsimulator/MerianWatch.build/assetcatalog_generated_info.plist_unthinned --output /Users/emreerdener/Library/Developer/Xcode/DerivedData/Merian-bsmebnfnhwnbdncricvwvveooidw/Build/Products/Debug-watchsimulator/MerianWatch.app --plist-output /Users/emreerdener/Library/Developer/Xcode/DerivedData/Merian-bsmebnfnhwnbdncricvwvveooidw/Build/Intermediates.noindex/Merian.build/Debug-watchsimulator/MerianWatch.build/assetcatalog_generated_info.plist
note: Emplaced /Users/emreerdener/Library/Developer/Xcode/DerivedData/Merian-bsmebnfnhwnbdncricvwvveooidw/Build/Products/Debug-watchsimulator/MerianWatch.app/Assets.car (in target 'MerianWatch' from project 'Merian')

ProcessInfoPlistFile /Users/emreerdener/Library/Developer/Xcode/DerivedData/Merian-bsmebnfnhwnbdncricvwvveooidw/Build/Products/Debug-watchsimulator/MerianWatch.app/Info.plist /Users/emreerdener/Library/Developer/Xcode/DerivedData/Merian-bsmebnfnhwnbdncricvwvveooidw/Build/Intermediates.noindex/Merian.build/Debug-watchsimulator/MerianWatch.build/empty-MerianWatch.plist (in target 'MerianWatch' from project 'Merian')
    cd /Users/emreerdener/Developer/merian
    builtin-infoPlistUtility /Users/emreerdener/Library/Developer/Xcode/DerivedData/Merian-bsmebnfnhwnbdncricvwvveooidw/Build/Intermediates.noindex/Merian.build/Debug-watchsimulator/MerianWatch.build/empty-MerianWatch.plist -producttype com.apple.product-type.application -genpkginfo /Users/emreerdener/Library/Developer/Xcode/DerivedData/Merian-bsmebnfnhwnbdncricvwvveooidw/Build/Products/Debug-watchsimulator/MerianWatch.app/PkgInfo -expandbuildsettings -format binary -platform watchsimulator -additionalcontentfile /Users/emreerdener/Library/Developer/Xcode/DerivedData/Merian-bsmebnfnhwnbdncricvwvveooidw/Build/Intermediates.noindex/Merian.build/Debug-watchsimulator/MerianWatch.build/assetcatalog_generated_info.plist -o /Users/emreerdener/Library/Developer/Xcode/DerivedData/Merian-bsmebnfnhwnbdncricvwvveooidw/Build/Products/Debug-watchsimulator/MerianWatch.app/Info.plist

ExtractAppIntentsMetadata (in target 'MerianWatch' from project 'Merian')
    cd /Users/emreerdener/Developer/merian
    /Applications/Xcode.app/Contents/Developer/Toolchains/XcodeDefault.xctoolchain/usr/bin/appintentsmetadataprocessor --toolchain-dir /Applications/Xcode.app/Contents/Developer/Toolchains/XcodeDefault.xctoolchain --module-name MerianWatch --sdk-root /Applications/Xcode.app/Contents/Developer/Platforms/WatchSimulator.platform/Developer/SDKs/WatchSimulator26.2.sdk --xcode-version 17C529 --platform-family watchOS --deployment-target 10.0 --bundle-identifier app.merian.Merian.watchkitapp --output /Users/emreerdener/Library/Developer/Xcode/DerivedData/Merian-bsmebnfnhwnbdncricvwvveooidw/Build/Products/Debug-watchsimulator/MerianWatch.app --target-triple arm64-apple-watchos10.0-simulator --target-triple x86_64-apple-watchos10.0-simulator --binary-file /Users/emreerdener/Library/Developer/Xcode/DerivedData/Merian-bsmebnfnhwnbdncricvwvveooidw/Build/Products/Debug-watchsimulator/MerianWatch.app/MerianWatch --dependency-file /Users/emreerdener/Library/Developer/Xcode/DerivedData/Merian-bsmebnfnhwnbdncricvwvveooidw/Build/Intermediates.noindex/Merian.build/Debug-watchsimulator/MerianWatch.build/Objects-normal/arm64/MerianWatch_dependency_info.dat --dependency-file /Users/emreerdener/Library/Developer/Xcode/DerivedData/Merian-bsmebnfnhwnbdncricvwvveooidw/Build/Intermediates.noindex/Merian.build/Debug-watchsimulator/MerianWatch.build/Objects-normal/x86_64/MerianWatch_dependency_info.dat --stringsdata-file /Users/emreerdener/Library/Developer/Xcode/DerivedData/Merian-bsmebnfnhwnbdncricvwvveooidw/Build/Intermediates.noindex/Merian.build/Debug-watchsimulator/MerianWatch.build/Objects-normal/arm64/ExtractedAppShortcutsMetadata.stringsdata --stringsdata-file /Users/emreerdener/Library/Developer/Xcode/DerivedData/Merian-bsmebnfnhwnbdncricvwvveooidw/Build/Intermediates.noindex/Merian.build/Debug-watchsimulator/MerianWatch.build/Objects-normal/x86_64/ExtractedAppShortcutsMetadata.stringsdata --source-file-list /Users/emreerdener/Library/Developer/Xcode/DerivedData/Merian-bsmebnfnhwnbdncricvwvveooidw/Build/Intermediates.noindex/Merian.build/Debug-watchsimulator/MerianWatch.build/Objects-normal/arm64/MerianWatch.SwiftFileList --source-file-list /Users/emreerdener/Library/Developer/Xcode/DerivedData/Merian-bsmebnfnhwnbdncricvwvveooidw/Build/Intermediates.noindex/Merian.build/Debug-watchsimulator/MerianWatch.build/Objects-normal/x86_64/MerianWatch.SwiftFileList --metadata-file-list /Users/emreerdener/Library/Developer/Xcode/DerivedData/Merian-bsmebnfnhwnbdncricvwvveooidw/Build/Intermediates.noindex/Merian.build/Debug-watchsimulator/MerianWatch.build/MerianWatch.DependencyMetadataFileList --static-metadata-file-list /Users/emreerdener/Library/Developer/Xcode/DerivedData/Merian-bsmebnfnhwnbdncricvwvveooidw/Build/Intermediates.noindex/Merian.build/Debug-watchsimulator/MerianWatch.build/MerianWatch.DependencyStaticMetadataFileList --swift-const-vals-list /Users/emreerdener/Library/Developer/Xcode/DerivedData/Merian-bsmebnfnhwnbdncricvwvveooidw/Build/Intermediates.noindex/Merian.build/Debug-watchsimulator/MerianWatch.build/Objects-normal/arm64/MerianWatch.SwiftConstValuesFileList --swift-const-vals-list /Users/emreerdener/Library/Developer/Xcode/DerivedData/Merian-bsmebnfnhwnbdncricvwvveooidw/Build/Intermediates.noindex/Merian.build/Debug-watchsimulator/MerianWatch.build/Objects-normal/x86_64/MerianWatch.SwiftConstValuesFileList --compile-time-extraction --deployment-aware-processing --validate-assistant-intents --no-app-shortcuts-localization
2026-03-10 18:12:24.678 appintentsmetadataprocessor[9946:18725502] Starting appintentsmetadataprocessor export
2026-03-10 18:12:24.680 appintentsmetadataprocessor[9946:18725502] warning: Metadata extraction skipped. No AppIntents.framework dependency found.

CopySwiftLibs /Users/emreerdener/Library/Developer/Xcode/DerivedData/Merian-bsmebnfnhwnbdncricvwvveooidw/Build/Products/Debug-watchsimulator/MerianWatch.app (in target 'MerianWatch' from project 'Merian')
    cd /Users/emreerdener/Developer/merian
    builtin-swiftStdLibTool --copy --verbose --sign - --scan-executable /Users/emreerdener/Library/Developer/Xcode/DerivedData/Merian-bsmebnfnhwnbdncricvwvveooidw/Build/Products/Debug-watchsimulator/MerianWatch.app/MerianWatch.debug.dylib --scan-folder /Users/emreerdener/Library/Developer/Xcode/DerivedData/Merian-bsmebnfnhwnbdncricvwvveooidw/Build/Products/Debug-watchsimulator/MerianWatch.app/Frameworks --scan-folder /Users/emreerdener/Library/Developer/Xcode/DerivedData/Merian-bsmebnfnhwnbdncricvwvveooidw/Build/Products/Debug-watchsimulator/MerianWatch.app/PlugIns --scan-folder /Users/emreerdener/Library/Developer/Xcode/DerivedData/Merian-bsmebnfnhwnbdncricvwvveooidw/Build/Products/Debug-watchsimulator/MerianWatch.app/SystemExtensions --scan-folder /Users/emreerdener/Library/Developer/Xcode/DerivedData/Merian-bsmebnfnhwnbdncricvwvveooidw/Build/Products/Debug-watchsimulator/MerianWatch.app/Extensions --platform watchsimulator --toolchain /Applications/Xcode.app/Contents/Developer/Toolchains/XcodeDefault.xctoolchain --destination /Users/emreerdener/Library/Developer/Xcode/DerivedData/Merian-bsmebnfnhwnbdncricvwvveooidw/Build/Products/Debug-watchsimulator/MerianWatch.app/Frameworks --strip-bitcode --strip-bitcode-tool /Applications/Xcode.app/Contents/Developer/Toolchains/XcodeDefault.xctoolchain/usr/bin/bitcode_strip --emit-dependency-info /Users/emreerdener/Library/Developer/Xcode/DerivedData/Merian-bsmebnfnhwnbdncricvwvveooidw/Build/Intermediates.noindex/Merian.build/Debug-watchsimulator/MerianWatch.build/SwiftStdLibToolInputDependencies.dep --filter-for-swift-os --back-deploy-swift-span

CodeSign /Users/emreerdener/Library/Developer/Xcode/DerivedData/Merian-bsmebnfnhwnbdncricvwvveooidw/Build/Products/Debug-watchsimulator/MerianWatch.app/MerianWatch.debug.dylib (in target 'MerianWatch' from project 'Merian')
    cd /Users/emreerdener/Developer/merian
    
    Signing Identity:     "Sign to Run Locally"
    
    /usr/bin/codesign --force --sign - --timestamp\=none --generate-entitlement-der /Users/emreerdener/Library/Developer/Xcode/DerivedData/Merian-bsmebnfnhwnbdncricvwvveooidw/Build/Products/Debug-watchsimulator/MerianWatch.app/MerianWatch.debug.dylib

CodeSign /Users/emreerdener/Library/Developer/Xcode/DerivedData/Merian-bsmebnfnhwnbdncricvwvveooidw/Build/Products/Debug-watchsimulator/MerianWatch.app/__preview.dylib (in target 'MerianWatch' from project 'Merian')
    cd /Users/emreerdener/Developer/merian
    
    Signing Identity:     "Sign to Run Locally"
    
    /usr/bin/codesign --force --sign - --timestamp\=none --generate-entitlement-der /Users/emreerdener/Library/Developer/Xcode/DerivedData/Merian-bsmebnfnhwnbdncricvwvveooidw/Build/Products/Debug-watchsimulator/MerianWatch.app/__preview.dylib

CodeSign /Users/emreerdener/Library/Developer/Xcode/DerivedData/Merian-bsmebnfnhwnbdncricvwvveooidw/Build/Products/Debug-watchsimulator/MerianWatch.app (in target 'MerianWatch' from project 'Merian')
    cd /Users/emreerdener/Developer/merian
    
    Signing Identity:     "Sign to Run Locally"
    
    /usr/bin/codesign --force --sign - --timestamp\=none --generate-entitlement-der /Users/emreerdener/Library/Developer/Xcode/DerivedData/Merian-bsmebnfnhwnbdncricvwvveooidw/Build/Products/Debug-watchsimulator/MerianWatch.app

Validate /Users/emreerdener/Library/Developer/Xcode/DerivedData/Merian-bsmebnfnhwnbdncricvwvveooidw/Build/Products/Debug-watchsimulator/MerianWatch.app (in target 'MerianWatch' from project 'Merian')
    cd /Users/emreerdener/Developer/merian
    builtin-validationUtility /Users/emreerdener/Library/Developer/Xcode/DerivedData/Merian-bsmebnfnhwnbdncricvwvveooidw/Build/Products/Debug-watchsimulator/MerianWatch.app -shallow-bundle -infoplist-subpath Info.plist

Ld /Users/emreerdener/Library/Developer/Xcode/DerivedData/Merian-bsmebnfnhwnbdncricvwvveooidw/Build/Products/Debug-iphonesimulator/Merian.app/__preview.dylib normal (in target 'Merian' from project 'Merian')
    cd /Users/emreerdener/Developer/merian
    /Applications/Xcode.app/Contents/Developer/Toolchains/XcodeDefault.xctoolchain/usr/bin/clang -Xlinker -reproducible -target arm64-apple-ios17.0-simulator -dynamiclib -isysroot /Applications/Xcode.app/Contents/Developer/Platforms/iPhoneSimulator.platform/Developer/SDKs/iPhoneSimulator26.2.sdk -O0 -L/Users/emreerdener/Library/Developer/Xcode/DerivedData/Merian-bsmebnfnhwnbdncricvwvveooidw/Build/Products/Debug-iphonesimulator -F/Users/emreerdener/Library/Developer/Xcode/DerivedData/Merian-bsmebnfnhwnbdncricvwvveooidw/Build/Products/Debug-iphonesimulator/PackageFrameworks -F/Users/emreerdener/Library/Developer/Xcode/DerivedData/Merian-bsmebnfnhwnbdncricvwvveooidw/Build/Products/Debug-iphonesimulator/PackageFrameworks -F/Users/emreerdener/Library/Developer/Xcode/DerivedData/Merian-bsmebnfnhwnbdncricvwvveooidw/Build/Products/Debug-iphonesimulator/PackageFrameworks -F/Users/emreerdener/Library/Developer/Xcode/DerivedData/Merian-bsmebnfnhwnbdncricvwvveooidw/Build/Products/Debug-iphonesimulator/PackageFrameworks -F/Users/emreerdener/Library/Developer/Xcode/DerivedData/Merian-bsmebnfnhwnbdncricvwvveooidw/Build/Products/Debug-iphonesimulator/PackageFrameworks -F/Users/emreerdener/Library/Developer/Xcode/DerivedData/Merian-bsmebnfnhwnbdncricvwvveooidw/Build/Products/Debug-iphonesimulator/PackageFrameworks -F/Users/emreerdener/Library/Developer/Xcode/DerivedData/Merian-bsmebnfnhwnbdncricvwvveooidw/Build/Products/Debug-iphonesimulator/PackageFrameworks -F/Users/emreerdener/Library/Developer/Xcode/DerivedData/Merian-bsmebnfnhwnbdncricvwvveooidw/Build/Products/Debug-iphonesimulator/PackageFrameworks -F/Users/emreerdener/Library/Developer/Xcode/DerivedData/Merian-bsmebnfnhwnbdncricvwvveooidw/Build/Products/Debug-iphonesimulator/PackageFrameworks -F/Users/emreerdener/Library/Developer/Xcode/DerivedData/Merian-bsmebnfnhwnbdncricvwvveooidw/Build/Products/Debug-iphonesimulator/PackageFrameworks -F/Users/emreerdener/Library/Developer/Xcode/DerivedData/Merian-bsmebnfnhwnbdncricvwvveooidw/Build/Products/Debug-iphonesimulator/PackageFrameworks -F/Users/emreerdener/Library/Developer/Xcode/DerivedData/Merian-bsmebnfnhwnbdncricvwvveooidw/Build/Products/Debug-iphonesimulator/PackageFrameworks -F/Users/emreerdener/Library/Developer/Xcode/DerivedData/Merian-bsmebnfnhwnbdncricvwvveooidw/Build/Products/Debug-iphonesimulator/PackageFrameworks -F/Users/emreerdener/Library/Developer/Xcode/DerivedData/Merian-bsmebnfnhwnbdncricvwvveooidw/Build/Products/Debug-iphonesimulator/PackageFrameworks -F/Users/emreerdener/Library/Developer/Xcode/DerivedData/Merian-bsmebnfnhwnbdncricvwvveooidw/Build/Products/Debug-iphonesimulator/PackageFrameworks -F/Users/emreerdener/Library/Developer/Xcode/DerivedData/Merian-bsmebnfnhwnbdncricvwvveooidw/Build/Products/Debug-iphonesimulator/PackageFrameworks -F/Users/emreerdener/Library/Developer/Xcode/DerivedData/Merian-bsmebnfnhwnbdncricvwvveooidw/Build/Products/Debug-iphonesimulator/PackageFrameworks -F/Users/emreerdener/Library/Developer/Xcode/DerivedData/Merian-bsmebnfnhwnbdncricvwvveooidw/Build/Products/Debug-iphonesimulator/PackageFrameworks -F/Users/emreerdener/Library/Developer/Xcode/DerivedData/Merian-bsmebnfnhwnbdncricvwvveooidw/Build/Products/Debug-iphonesimulator/PackageFrameworks -F/Users/emreerdener/Library/Developer/Xcode/DerivedData/Merian-bsmebnfnhwnbdncricvwvveooidw/Build/Products/Debug-iphonesimulator/PackageFrameworks -F/Users/emreerdener/Library/Developer/Xcode/DerivedData/Merian-bsmebnfnhwnbdncricvwvveooidw/Build/Products/Debug-iphonesimulator/PackageFrameworks -F/Users/emreerdener/Library/Developer/Xcode/DerivedData/Merian-bsmebnfnhwnbdncricvwvveooidw/Build/Products/Debug-iphonesimulator/PackageFrameworks -F/Users/emreerdener/Library/Developer/Xcode/DerivedData/Merian-bsmebnfnhwnbdncricvwvveooidw/Build/Products/Debug-iphonesimulator/PackageFrameworks -F/Users/emreerdener/Library/Developer/Xcode/DerivedData/Merian-bsmebnfnhwnbdncricvwvveooidw/Build/Products/Debug-iphonesimulator/PackageFrameworks -F/Users/emreerdener/Library/Developer/Xcode/DerivedData/Merian-bsmebnfnhwnbdncricvwvveooidw/Build/Products/Debug-iphonesimulator -install_name @rpath/Merian.debug.dylib -dead_strip -rdynamic -Xlinker -no_deduplicate -Xlinker -objc_abi_version -Xlinker 2 -Xlinker -dependency_info -Xlinker /Users/emreerdener/Library/Developer/Xcode/DerivedData/Merian-bsmebnfnhwnbdncricvwvveooidw/Build/Intermediates.noindex/Merian.build/Debug-iphonesimulator/Merian.build/Objects-normal/arm64/Merian_dependency_info.dat -Xlinker -sectcreate -Xlinker __TEXT -Xlinker __entitlements -Xlinker /Users/emreerdener/Library/Developer/Xcode/DerivedData/Merian-bsmebnfnhwnbdncricvwvveooidw/Build/Intermediates.noindex/Merian.build/Debug-iphonesimulator/Merian.build/Merian.app-Simulated.xcent -Xlinker -sectcreate -Xlinker __TEXT -Xlinker __ents_der -Xlinker /Users/emreerdener/Library/Developer/Xcode/DerivedData/Merian-bsmebnfnhwnbdncricvwvveooidw/Build/Intermediates.noindex/Merian.build/Debug-iphonesimulator/Merian.build/Merian.app-Simulated.xcent.der -Xlinker -no_adhoc_codesign -o /Users/emreerdener/Library/Developer/Xcode/DerivedData/Merian-bsmebnfnhwnbdncricvwvveooidw/Build/Products/Debug-iphonesimulator/Merian.app/__preview.dylib

Ld /Users/emreerdener/Library/Developer/Xcode/DerivedData/Merian-bsmebnfnhwnbdncricvwvveooidw/Build/Products/Debug-iphonesimulator/Merian.app/Merian.debug.dylib normal (in target 'Merian' from project 'Merian')
    cd /Users/emreerdener/Developer/merian
    /Applications/Xcode.app/Contents/Developer/Toolchains/XcodeDefault.xctoolchain/usr/bin/clang -Xlinker -reproducible -target arm64-apple-ios17.0-simulator -dynamiclib -isysroot /Applications/Xcode.app/Contents/Developer/Platforms/iPhoneSimulator.platform/Developer/SDKs/iPhoneSimulator26.2.sdk -O0 -L/Users/emreerdener/Library/Developer/Xcode/DerivedData/Merian-bsmebnfnhwnbdncricvwvveooidw/Build/Intermediates.noindex/EagerLinkingTBDs/Debug-iphonesimulator -L/Users/emreerdener/Library/Developer/Xcode/DerivedData/Merian-bsmebnfnhwnbdncricvwvveooidw/Build/Products/Debug-iphonesimulator -F/Users/emreerdener/Library/Developer/Xcode/DerivedData/Merian-bsmebnfnhwnbdncricvwvveooidw/Build/Intermediates.noindex/EagerLinkingTBDs/Debug-iphonesimulator -F/Users/emreerdener/Library/Developer/Xcode/DerivedData/Merian-bsmebnfnhwnbdncricvwvveooidw/Build/Products/Debug-iphonesimulator/PackageFrameworks -F/Users/emreerdener/Library/Developer/Xcode/DerivedData/Merian-bsmebnfnhwnbdncricvwvveooidw/Build/Products/Debug-iphonesimulator/PackageFrameworks -F/Users/emreerdener/Library/Developer/Xcode/DerivedData/Merian-bsmebnfnhwnbdncricvwvveooidw/Build/Products/Debug-iphonesimulator/PackageFrameworks -F/Users/emreerdener/Library/Developer/Xcode/DerivedData/Merian-bsmebnfnhwnbdncricvwvveooidw/Build/Products/Debug-iphonesimulator/PackageFrameworks -F/Users/emreerdener/Library/Developer/Xcode/DerivedData/Merian-bsmebnfnhwnbdncricvwvveooidw/Build/Products/Debug-iphonesimulator/PackageFrameworks -F/Users/emreerdener/Library/Developer/Xcode/DerivedData/Merian-bsmebnfnhwnbdncricvwvveooidw/Build/Products/Debug-iphonesimulator/PackageFrameworks -F/Users/emreerdener/Library/Developer/Xcode/DerivedData/Merian-bsmebnfnhwnbdncricvwvveooidw/Build/Products/Debug-iphonesimulator/PackageFrameworks -F/Users/emreerdener/Library/Developer/Xcode/DerivedData/Merian-bsmebnfnhwnbdncricvwvveooidw/Build/Products/Debug-iphonesimulator/PackageFrameworks -F/Users/emreerdener/Library/Developer/Xcode/DerivedData/Merian-bsmebnfnhwnbdncricvwvveooidw/Build/Products/Debug-iphonesimulator/PackageFrameworks -F/Users/emreerdener/Library/Developer/Xcode/DerivedData/Merian-bsmebnfnhwnbdncricvwvveooidw/Build/Products/Debug-iphonesimulator/PackageFrameworks -F/Users/emreerdener/Library/Developer/Xcode/DerivedData/Merian-bsmebnfnhwnbdncricvwvveooidw/Build/Products/Debug-iphonesimulator/PackageFrameworks -F/Users/emreerdener/Library/Developer/Xcode/DerivedData/Merian-bsmebnfnhwnbdncricvwvveooidw/Build/Products/Debug-iphonesimulator/PackageFrameworks -F/Users/emreerdener/Library/Developer/Xcode/DerivedData/Merian-bsmebnfnhwnbdncricvwvveooidw/Build/Products/Debug-iphonesimulator/PackageFrameworks -F/Users/emreerdener/Library/Developer/Xcode/DerivedData/Merian-bsmebnfnhwnbdncricvwvveooidw/Build/Products/Debug-iphonesimulator/PackageFrameworks -F/Users/emreerdener/Library/Developer/Xcode/DerivedData/Merian-bsmebnfnhwnbdncricvwvveooidw/Build/Products/Debug-iphonesimulator/PackageFrameworks -F/Users/emreerdener/Library/Developer/Xcode/DerivedData/Merian-bsmebnfnhwnbdncricvwvveooidw/Build/Products/Debug-iphonesimulator/PackageFrameworks -F/Users/emreerdener/Library/Developer/Xcode/DerivedData/Merian-bsmebnfnhwnbdncricvwvveooidw/Build/Products/Debug-iphonesimulator/PackageFrameworks -F/Users/emreerdener/Library/Developer/Xcode/DerivedData/Merian-bsmebnfnhwnbdncricvwvveooidw/Build/Products/Debug-iphonesimulator/PackageFrameworks -F/Users/emreerdener/Library/Developer/Xcode/DerivedData/Merian-bsmebnfnhwnbdncricvwvveooidw/Build/Products/Debug-iphonesimulator/PackageFrameworks -F/Users/emreerdener/Library/Developer/Xcode/DerivedData/Merian-bsmebnfnhwnbdncricvwvveooidw/Build/Products/Debug-iphonesimulator/PackageFrameworks -F/Users/emreerdener/Library/Developer/Xcode/DerivedData/Merian-bsmebnfnhwnbdncricvwvveooidw/Build/Products/Debug-iphonesimulator/PackageFrameworks -F/Users/emreerdener/Library/Developer/Xcode/DerivedData/Merian-bsmebnfnhwnbdncricvwvveooidw/Build/Products/Debug-iphonesimulator/PackageFrameworks -F/Users/emreerdener/Library/Developer/Xcode/DerivedData/Merian-bsmebnfnhwnbdncricvwvveooidw/Build/Products/Debug-iphonesimulator/PackageFrameworks -F/Users/emreerdener/Library/Developer/Xcode/DerivedData/Merian-bsmebnfnhwnbdncricvwvveooidw/Build/Products/Debug-iphonesimulator/PackageFrameworks -F/Users/emreerdener/Library/Developer/Xcode/DerivedData/Merian-bsmebnfnhwnbdncricvwvveooidw/Build/Products/Debug-iphonesimulator -filelist /Users/emreerdener/Library/Developer/Xcode/DerivedData/Merian-bsmebnfnhwnbdncricvwvveooidw/Build/Intermediates.noindex/Merian.build/Debug-iphonesimulator/Merian.build/Objects-normal/arm64/Merian.LinkFileList -install_name @rpath/Merian.debug.dylib -Xlinker -rpath -Xlinker /usr/lib/swift -Xlinker -rpath -Xlinker /Users/emreerdener/Library/Developer/Xcode/DerivedData/Merian-bsmebnfnhwnbdncricvwvveooidw/Build/Products/Debug-iphonesimulator/PackageFrameworks -Xlinker -rpath -Xlinker @executable_path/Frameworks -dead_strip -Xlinker -object_path_lto -Xlinker /Users/emreerdener/Library/Developer/Xcode/DerivedData/Merian-bsmebnfnhwnbdncricvwvveooidw/Build/Intermediates.noindex/Merian.build/Debug-iphonesimulator/Merian.build/Objects-normal/arm64/Merian_lto.o -rdynamic -Xlinker -no_deduplicate -Xlinker -objc_abi_version -Xlinker 2 -Xlinker -dependency_info -Xlinker /Users/emreerdener/Library/Developer/Xcode/DerivedData/Merian-bsmebnfnhwnbdncricvwvveooidw/Build/Intermediates.noindex/Merian.build/Debug-iphonesimulator/Merian.build/Objects-normal/arm64/Merian_dependency_info.dat -fobjc-link-runtime -L/Applications/Xcode.app/Contents/Developer/Toolchains/XcodeDefault.xctoolchain/usr/lib/swift/iphonesimulator -L/usr/lib/swift -Xlinker -add_ast_path -Xlinker /Users/emreerdener/Library/Developer/Xcode/DerivedData/Merian-bsmebnfnhwnbdncricvwvveooidw/Build/Intermediates.noindex/Merian.build/Debug-iphonesimulator/Merian.build/Objects-normal/arm64/Merian.swiftmodule @/Users/emreerdener/Library/Developer/Xcode/DerivedData/Merian-bsmebnfnhwnbdncricvwvveooidw/Build/Intermediates.noindex/Merian.build/Debug-iphonesimulator/Merian.build/Objects-normal/arm64/Merian-linker-args.resp -Wl,-no_warn_duplicate_libraries -lc++ -Wl,-no_warn_duplicate_libraries -Wl,-no_warn_duplicate_libraries -Wl,-no_warn_duplicate_libraries -Wl,-no_warn_duplicate_libraries -Wl,-no_warn_duplicate_libraries -Wl,-no_warn_duplicate_libraries -Wl,-no_warn_duplicate_libraries -Wl,-no_warn_duplicate_libraries -Wl,-no_warn_duplicate_libraries -Wl,-no_warn_duplicate_libraries -Wl,-no_warn_duplicate_libraries -Wl,-no_warn_duplicate_libraries -Wl,-no_warn_duplicate_libraries -Wl,-no_warn_duplicate_libraries -Wl,-no_warn_duplicate_libraries -Wl,-no_warn_duplicate_libraries -Wl,-no_warn_duplicate_libraries -Wl,-no_warn_duplicate_libraries -Wl,-no_warn_duplicate_libraries -Wl,-no_warn_duplicate_libraries -Wl,-no_warn_duplicate_libraries -Wl,-no_warn_duplicate_libraries -Wl,-no_warn_duplicate_libraries -framework CoreGraphics -framework CoreText -framework Foundation -framework LocalAuthentication -framework Security -framework UIKit -framework Security -framework Foundation -Xlinker -alias -Xlinker _main -Xlinker ___debug_main_executable_dylib_entry_point -framework RiveRuntime -Xlinker -no_adhoc_codesign -o /Users/emreerdener/Library/Developer/Xcode/DerivedData/Merian-bsmebnfnhwnbdncricvwvveooidw/Build/Products/Debug-iphonesimulator/Merian.app/Merian.debug.dylib -Xlinker -add_ast_path -Xlinker /Users/emreerdener/Library/Developer/Xcode/DerivedData/Merian-bsmebnfnhwnbdncricvwvveooidw/Build/Intermediates.noindex/RevenueCat.build/Debug-iphonesimulator/RevenueCat.build/Objects-normal/arm64/RevenueCat.swiftmodule @/Users/emreerdener/Library/Developer/Xcode/DerivedData/Merian-bsmebnfnhwnbdncricvwvveooidw/Build/Intermediates.noindex/RevenueCat.build/Debug-iphonesimulator/RevenueCat.build/Objects-normal/arm64/RevenueCat-linker-args.resp -Xlinker -add_ast_path -Xlinker /Users/emreerdener/Library/Developer/Xcode/DerivedData/Merian-bsmebnfnhwnbdncricvwvveooidw/Build/Intermediates.noindex/PostHog.build/Debug-iphonesimulator/PostHog.build/Objects-normal/arm64/PostHog.swiftmodule @/Users/emreerdener/Library/Developer/Xcode/DerivedData/Merian-bsmebnfnhwnbdncricvwvveooidw/Build/Intermediates.noindex/PostHog.build/Debug-iphonesimulator/PostHog.build/Objects-normal/arm64/PostHog-linker-args.resp -Xlinker -add_ast_path -Xlinker /Users/emreerdener/Library/Developer/Xcode/DerivedData/Merian-bsmebnfnhwnbdncricvwvveooidw/Build/Intermediates.noindex/Supabase.build/Debug-iphonesimulator/Supabase.build/Objects-normal/arm64/Supabase.swiftmodule @/Users/emreerdener/Library/Developer/Xcode/DerivedData/Merian-bsmebnfnhwnbdncricvwvveooidw/Build/Intermediates.noindex/Supabase.build/Debug-iphonesimulator/Supabase.build/Objects-normal/arm64/Supabase-linker-args.resp -Xlinker -add_ast_path -Xlinker /Users/emreerdener/Library/Developer/Xcode/DerivedData/Merian-bsmebnfnhwnbdncricvwvveooidw/Build/Intermediates.noindex/Supabase.build/Debug-iphonesimulator/Functions.build/Objects-normal/arm64/Functions.swiftmodule @/Users/emreerdener/Library/Developer/Xcode/DerivedData/Merian-bsmebnfnhwnbdncricvwvveooidw/Build/Intermediates.noindex/Supabase.build/Debug-iphonesimulator/Functions.build/Objects-normal/arm64/Functions-linker-args.resp -Xlinker -add_ast_path -Xlinker /Users/emreerdener/Library/Developer/Xcode/DerivedData/Merian-bsmebnfnhwnbdncricvwvveooidw/Build/Intermediates.noindex/Supabase.build/Debug-iphonesimulator/PostgREST.build/Objects-normal/arm64/PostgREST.swiftmodule @/Users/emreerdener/Library/Developer/Xcode/DerivedData/Merian-bsmebnfnhwnbdncricvwvveooidw/Build/Intermediates.noindex/Supabase.build/Debug-iphonesimulator/PostgREST.build/Objects-normal/arm64/PostgREST-linker-args.resp -Xlinker -add_ast_path -Xlinker /Users/emreerdener/Library/Developer/Xcode/DerivedData/Merian-bsmebnfnhwnbdncricvwvveooidw/Build/Intermediates.noindex/Supabase.build/Debug-iphonesimulator/Auth.build/Objects-normal/arm64/Auth.swiftmodule @/Users/emreerdener/Library/Developer/Xcode/DerivedData/Merian-bsmebnfnhwnbdncricvwvveooidw/Build/Intermediates.noindex/Supabase.build/Debug-iphonesimulator/Auth.build/Objects-normal/arm64/Auth-linker-args.resp -Xlinker -add_ast_path -Xlinker /Users/emreerdener/Library/Developer/Xcode/DerivedData/Merian-bsmebnfnhwnbdncricvwvveooidw/Build/Intermediates.noindex/Supabase.build/Debug-iphonesimulator/Realtime.build/Objects-normal/arm64/Realtime.swiftmodule @/Users/emreerdener/Library/Developer/Xcode/DerivedData/Merian-bsmebnfnhwnbdncricvwvveooidw/Build/Intermediates.noindex/Supabase.build/Debug-iphonesimulator/Realtime.build/Objects-normal/arm64/Realtime-linker-args.resp -Xlinker -add_ast_path -Xlinker /Users/emreerdener/Library/Developer/Xcode/DerivedData/Merian-bsmebnfnhwnbdncricvwvveooidw/Build/Intermediates.noindex/Supabase.build/Debug-iphonesimulator/Storage.build/Objects-normal/arm64/Storage.swiftmodule @/Users/emreerdener/Library/Developer/Xcode/DerivedData/Merian-bsmebnfnhwnbdncricvwvveooidw/Build/Intermediates.noindex/Supabase.build/Debug-iphonesimulator/Storage.build/Objects-normal/arm64/Storage-linker-args.resp -Xlinker -add_ast_path -Xlinker /Users/emreerdener/Library/Developer/Xcode/DerivedData/Merian-bsmebnfnhwnbdncricvwvveooidw/Build/Intermediates.noindex/swift-concurrency-extras.build/Debug-iphonesimulator/ConcurrencyExtras.build/Objects-normal/arm64/ConcurrencyExtras.swiftmodule @/Users/emreerdener/Library/Developer/Xcode/DerivedData/Merian-bsmebnfnhwnbdncricvwvveooidw/Build/Intermediates.noindex/swift-concurrency-extras.build/Debug-iphonesimulator/ConcurrencyExtras.build/Objects-normal/arm64/ConcurrencyExtras-linker-args.resp -Xlinker -add_ast_path -Xlinker /Users/emreerdener/Library/Developer/Xcode/DerivedData/Merian-bsmebnfnhwnbdncricvwvveooidw/Build/Intermediates.noindex/swift-http-types.build/Debug-iphonesimulator/HTTPTypes.build/Objects-normal/arm64/HTTPTypes.swiftmodule @/Users/emreerdener/Library/Developer/Xcode/DerivedData/Merian-bsmebnfnhwnbdncricvwvveooidw/Build/Intermediates.noindex/swift-http-types.build/Debug-iphonesimulator/HTTPTypes.build/Objects-normal/arm64/HTTPTypes-linker-args.resp -Xlinker -add_ast_path -Xlinker /Users/emreerdener/Library/Developer/Xcode/DerivedData/Merian-bsmebnfnhwnbdncricvwvveooidw/Build/Intermediates.noindex/swift-clocks.build/Debug-iphonesimulator/Clocks.build/Objects-normal/arm64/Clocks.swiftmodule @/Users/emreerdener/Library/Developer/Xcode/DerivedData/Merian-bsmebnfnhwnbdncricvwvveooidw/Build/Intermediates.noindex/swift-clocks.build/Debug-iphonesimulator/Clocks.build/Objects-normal/arm64/Clocks-linker-args.resp -Xlinker -add_ast_path -Xlinker /Users/emreerdener/Library/Developer/Xcode/DerivedData/Merian-bsmebnfnhwnbdncricvwvveooidw/Build/Intermediates.noindex/xctest-dynamic-overlay.build/Debug-iphonesimulator/IssueReporting.build/Objects-normal/arm64/IssueReporting.swiftmodule @/Users/emreerdener/Library/Developer/Xcode/DerivedData/Merian-bsmebnfnhwnbdncricvwvveooidw/Build/Intermediates.noindex/xctest-dynamic-overlay.build/Debug-iphonesimulator/IssueReporting.build/Objects-normal/arm64/IssueReporting-linker-args.resp -Xlinker -add_ast_path -Xlinker /Users/emreerdener/Library/Developer/Xcode/DerivedData/Merian-bsmebnfnhwnbdncricvwvveooidw/Build/Intermediates.noindex/xctest-dynamic-overlay.build/Debug-iphonesimulator/IssueReportingPackageSupport.build/Objects-normal/arm64/IssueReportingPackageSupport.swiftmodule @/Users/emreerdener/Library/Developer/Xcode/DerivedData/Merian-bsmebnfnhwnbdncricvwvveooidw/Build/Intermediates.noindex/xctest-dynamic-overlay.build/Debug-iphonesimulator/IssueReportingPackageSupport.build/Objects-normal/arm64/IssueReportingPackageSupport-linker-args.resp -Xlinker -add_ast_path -Xlinker /Users/emreerdener/Library/Developer/Xcode/DerivedData/Merian-bsmebnfnhwnbdncricvwvveooidw/Build/Intermediates.noindex/xctest-dynamic-overlay.build/Debug-iphonesimulator/XCTestDynamicOverlay.build/Objects-normal/arm64/XCTestDynamicOverlay.swiftmodule @/Users/emreerdener/Library/Developer/Xcode/DerivedData/Merian-bsmebnfnhwnbdncricvwvveooidw/Build/Intermediates.noindex/xctest-dynamic-overlay.build/Debug-iphonesimulator/XCTestDynamicOverlay.build/Objects-normal/arm64/XCTestDynamicOverlay-linker-args.resp -Xlinker -add_ast_path -Xlinker /Users/emreerdener/Library/Developer/Xcode/DerivedData/Merian-bsmebnfnhwnbdncricvwvveooidw/Build/Intermediates.noindex/Supabase.build/Debug-iphonesimulator/Helpers.build/Objects-normal/arm64/Helpers.swiftmodule @/Users/emreerdener/Library/Developer/Xcode/DerivedData/Merian-bsmebnfnhwnbdncricvwvveooidw/Build/Intermediates.noindex/Supabase.build/Debug-iphonesimulator/Helpers.build/Objects-normal/arm64/Helpers-linker-args.resp -Xlinker -add_ast_path -Xlinker /Users/emreerdener/Library/Developer/Xcode/DerivedData/Merian-bsmebnfnhwnbdncricvwvveooidw/Build/Intermediates.noindex/swift-crypto.build/Debug-iphonesimulator/Crypto.build/Objects-normal/arm64/Crypto.swiftmodule @/Users/emreerdener/Library/Developer/Xcode/DerivedData/Merian-bsmebnfnhwnbdncricvwvveooidw/Build/Intermediates.noindex/swift-crypto.build/Debug-iphonesimulator/Crypto.build/Objects-normal/arm64/Crypto-linker-args.resp -Xlinker -add_ast_path -Xlinker /Users/emreerdener/Library/Developer/Xcode/DerivedData/Merian-bsmebnfnhwnbdncricvwvveooidw/Build/Intermediates.noindex/TelemetryClient.build/Debug-iphonesimulator/TelemetryClient.build/Objects-normal/arm64/TelemetryClient.swiftmodule @/Users/emreerdener/Library/Developer/Xcode/DerivedData/Merian-bsmebnfnhwnbdncricvwvveooidw/Build/Intermediates.noindex/TelemetryClient.build/Debug-iphonesimulator/TelemetryClient.build/Objects-normal/arm64/TelemetryClient-linker-args.resp -Xlinker -add_ast_path -Xlinker /Users/emreerdener/Library/Developer/Xcode/DerivedData/Merian-bsmebnfnhwnbdncricvwvveooidw/Build/Intermediates.noindex/GTMAppAuth.build/Debug-iphonesimulator/GTMAppAuth.build/Objects-normal/arm64/GTMAppAuth.swiftmodule @/Users/emreerdener/Library/Developer/Xcode/DerivedData/Merian-bsmebnfnhwnbdncricvwvveooidw/Build/Intermediates.noindex/GTMAppAuth.build/Debug-iphonesimulator/GTMAppAuth.build/Objects-normal/arm64/GTMAppAuth-linker-args.resp

ConstructStubExecutorLinkFileList /Users/emreerdener/Library/Developer/Xcode/DerivedData/Merian-bsmebnfnhwnbdncricvwvveooidw/Build/Intermediates.noindex/Merian.build/Debug-iphonesimulator/Merian.build/Merian-ExecutorLinkFileList-normal-arm64.txt (in target 'Merian' from project 'Merian')
    cd /Users/emreerdener/Developer/merian
    construct-stub-executor-link-file-list /Users/emreerdener/Library/Developer/Xcode/DerivedData/Merian-bsmebnfnhwnbdncricvwvveooidw/Build/Products/Debug-iphonesimulator/Merian.app/Merian.debug.dylib /Applications/Xcode.app/Contents/Developer/Platforms/iPhoneSimulator.platform/Developer/usr/lib/libPreviewsJITStubExecutor_no_swift_entry_point.a /Applications/Xcode.app/Contents/Developer/Platforms/iPhoneSimulator.platform/Developer/usr/lib/libPreviewsJITStubExecutor.a --output /Users/emreerdener/Library/Developer/Xcode/DerivedData/Merian-bsmebnfnhwnbdncricvwvveooidw/Build/Intermediates.noindex/Merian.build/Debug-iphonesimulator/Merian.build/Merian-ExecutorLinkFileList-normal-arm64.txt
note: Using stub executor library with Swift entry point. (in target 'Merian' from project 'Merian')

Ld /Users/emreerdener/Library/Developer/Xcode/DerivedData/Merian-bsmebnfnhwnbdncricvwvveooidw/Build/Products/Debug-iphonesimulator/Merian.app/Merian normal (in target 'Merian' from project 'Merian')
    cd /Users/emreerdener/Developer/merian
    /Applications/Xcode.app/Contents/Developer/Toolchains/XcodeDefault.xctoolchain/usr/bin/clang -Xlinker -reproducible -target arm64-apple-ios17.0-simulator -isysroot /Applications/Xcode.app/Contents/Developer/Platforms/iPhoneSimulator.platform/Developer/SDKs/iPhoneSimulator26.2.sdk -O0 -L/Users/emreerdener/Library/Developer/Xcode/DerivedData/Merian-bsmebnfnhwnbdncricvwvveooidw/Build/Products/Debug-iphonesimulator -F/Users/emreerdener/Library/Developer/Xcode/DerivedData/Merian-bsmebnfnhwnbdncricvwvveooidw/Build/Products/Debug-iphonesimulator/PackageFrameworks -F/Users/emreerdener/Library/Developer/Xcode/DerivedData/Merian-bsmebnfnhwnbdncricvwvveooidw/Build/Products/Debug-iphonesimulator/PackageFrameworks -F/Users/emreerdener/Library/Developer/Xcode/DerivedData/Merian-bsmebnfnhwnbdncricvwvveooidw/Build/Products/Debug-iphonesimulator/PackageFrameworks -F/Users/emreerdener/Library/Developer/Xcode/DerivedData/Merian-bsmebnfnhwnbdncricvwvveooidw/Build/Products/Debug-iphonesimulator/PackageFrameworks -F/Users/emreerdener/Library/Developer/Xcode/DerivedData/Merian-bsmebnfnhwnbdncricvwvveooidw/Build/Products/Debug-iphonesimulator/PackageFrameworks -F/Users/emreerdener/Library/Developer/Xcode/DerivedData/Merian-bsmebnfnhwnbdncricvwvveooidw/Build/Products/Debug-iphonesimulator/PackageFrameworks -F/Users/emreerdener/Library/Developer/Xcode/DerivedData/Merian-bsmebnfnhwnbdncricvwvveooidw/Build/Products/Debug-iphonesimulator/PackageFrameworks -F/Users/emreerdener/Library/Developer/Xcode/DerivedData/Merian-bsmebnfnhwnbdncricvwvveooidw/Build/Products/Debug-iphonesimulator/PackageFrameworks -F/Users/emreerdener/Library/Developer/Xcode/DerivedData/Merian-bsmebnfnhwnbdncricvwvveooidw/Build/Products/Debug-iphonesimulator/PackageFrameworks -F/Users/emreerdener/Library/Developer/Xcode/DerivedData/Merian-bsmebnfnhwnbdncricvwvveooidw/Build/Products/Debug-iphonesimulator/PackageFrameworks -F/Users/emreerdener/Library/Developer/Xcode/DerivedData/Merian-bsmebnfnhwnbdncricvwvveooidw/Build/Products/Debug-iphonesimulator/PackageFrameworks -F/Users/emreerdener/Library/Developer/Xcode/DerivedData/Merian-bsmebnfnhwnbdncricvwvveooidw/Build/Products/Debug-iphonesimulator/PackageFrameworks -F/Users/emreerdener/Library/Developer/Xcode/DerivedData/Merian-bsmebnfnhwnbdncricvwvveooidw/Build/Products/Debug-iphonesimulator/PackageFrameworks -F/Users/emreerdener/Library/Developer/Xcode/DerivedData/Merian-bsmebnfnhwnbdncricvwvveooidw/Build/Products/Debug-iphonesimulator/PackageFrameworks -F/Users/emreerdener/Library/Developer/Xcode/DerivedData/Merian-bsmebnfnhwnbdncricvwvveooidw/Build/Products/Debug-iphonesimulator/PackageFrameworks -F/Users/emreerdener/Library/Developer/Xcode/DerivedData/Merian-bsmebnfnhwnbdncricvwvveooidw/Build/Products/Debug-iphonesimulator/PackageFrameworks -F/Users/emreerdener/Library/Developer/Xcode/DerivedData/Merian-bsmebnfnhwnbdncricvwvveooidw/Build/Products/Debug-iphonesimulator/PackageFrameworks -F/Users/emreerdener/Library/Developer/Xcode/DerivedData/Merian-bsmebnfnhwnbdncricvwvveooidw/Build/Products/Debug-iphonesimulator/PackageFrameworks -F/Users/emreerdener/Library/Developer/Xcode/DerivedData/Merian-bsmebnfnhwnbdncricvwvveooidw/Build/Products/Debug-iphonesimulator/PackageFrameworks -F/Users/emreerdener/Library/Developer/Xcode/DerivedData/Merian-bsmebnfnhwnbdncricvwvveooidw/Build/Products/Debug-iphonesimulator/PackageFrameworks -F/Users/emreerdener/Library/Developer/Xcode/DerivedData/Merian-bsmebnfnhwnbdncricvwvveooidw/Build/Products/Debug-iphonesimulator/PackageFrameworks -F/Users/emreerdener/Library/Developer/Xcode/DerivedData/Merian-bsmebnfnhwnbdncricvwvveooidw/Build/Products/Debug-iphonesimulator/PackageFrameworks -F/Users/emreerdener/Library/Developer/Xcode/DerivedData/Merian-bsmebnfnhwnbdncricvwvveooidw/Build/Products/Debug-iphonesimulator/PackageFrameworks -F/Users/emreerdener/Library/Developer/Xcode/DerivedData/Merian-bsmebnfnhwnbdncricvwvveooidw/Build/Products/Debug-iphonesimulator/PackageFrameworks -F/Users/emreerdener/Library/Developer/Xcode/DerivedData/Merian-bsmebnfnhwnbdncricvwvveooidw/Build/Products/Debug-iphonesimulator -Xlinker -rpath -Xlinker @executable_path -Xlinker -rpath -Xlinker /Users/emreerdener/Library/Developer/Xcode/DerivedData/Merian-bsmebnfnhwnbdncricvwvveooidw/Build/Products/Debug-iphonesimulator/PackageFrameworks -Xlinker -rpath -Xlinker @executable_path/Frameworks -rdynamic -Xlinker -no_deduplicate -Xlinker -objc_abi_version -Xlinker 2 -e ___debug_blank_executor_main -Xlinker -sectcreate -Xlinker __TEXT -Xlinker __debug_dylib -Xlinker /Users/emreerdener/Library/Developer/Xcode/DerivedData/Merian-bsmebnfnhwnbdncricvwvveooidw/Build/Intermediates.noindex/Merian.build/Debug-iphonesimulator/Merian.build/Merian-DebugDylibPath-normal-arm64.txt -Xlinker -sectcreate -Xlinker __TEXT -Xlinker __debug_instlnm -Xlinker /Users/emreerdener/Library/Developer/Xcode/DerivedData/Merian-bsmebnfnhwnbdncricvwvveooidw/Build/Intermediates.noindex/Merian.build/Debug-iphonesimulator/Merian.build/Merian-DebugDylibInstallName-normal-arm64.txt -Xlinker -filelist -Xlinker /Users/emreerdener/Library/Developer/Xcode/DerivedData/Merian-bsmebnfnhwnbdncricvwvveooidw/Build/Intermediates.noindex/Merian.build/Debug-iphonesimulator/Merian.build/Merian-ExecutorLinkFileList-normal-arm64.txt -Xlinker -sectcreate -Xlinker __TEXT -Xlinker __entitlements -Xlinker /Users/emreerdener/Library/Developer/Xcode/DerivedData/Merian-bsmebnfnhwnbdncricvwvveooidw/Build/Intermediates.noindex/Merian.build/Debug-iphonesimulator/Merian.build/Merian.app-Simulated.xcent -Xlinker -sectcreate -Xlinker __TEXT -Xlinker __ents_der -Xlinker /Users/emreerdener/Library/Developer/Xcode/DerivedData/Merian-bsmebnfnhwnbdncricvwvveooidw/Build/Intermediates.noindex/Merian.build/Debug-iphonesimulator/Merian.build/Merian.app-Simulated.xcent.der /Users/emreerdener/Library/Developer/Xcode/DerivedData/Merian-bsmebnfnhwnbdncricvwvveooidw/Build/Products/Debug-iphonesimulator/Merian.app/Merian.debug.dylib -Xlinker -no_adhoc_codesign -o /Users/emreerdener/Library/Developer/Xcode/DerivedData/Merian-bsmebnfnhwnbdncricvwvveooidw/Build/Products/Debug-iphonesimulator/Merian.app/Merian

Copy /Users/emreerdener/Library/Developer/Xcode/DerivedData/Merian-bsmebnfnhwnbdncricvwvveooidw/Build/Products/Debug-iphonesimulator/Merian.app/Watch/MerianWatch.app /Users/emreerdener/Library/Developer/Xcode/DerivedData/Merian-bsmebnfnhwnbdncricvwvveooidw/Build/Products/Debug-watchsimulator/MerianWatch.app (in target 'Merian' from project 'Merian')
    cd /Users/emreerdener/Developer/merian
    builtin-copy -exclude .DS_Store -exclude CVS -exclude .svn -exclude .git -exclude .hg -exclude Headers -exclude PrivateHeaders -exclude Modules -exclude \*.tbd -resolve-src-symlinks -remove-static-executable /Users/emreerdener/Library/Developer/Xcode/DerivedData/Merian-bsmebnfnhwnbdncricvwvveooidw/Build/Products/Debug-watchsimulator/MerianWatch.app /Users/emreerdener/Library/Developer/Xcode/DerivedData/Merian-bsmebnfnhwnbdncricvwvveooidw/Build/Products/Debug-iphonesimulator/Merian.app/Watch

ExtractAppIntentsMetadata (in target 'Merian' from project 'Merian')
    cd /Users/emreerdener/Developer/merian
    /Applications/Xcode.app/Contents/Developer/Toolchains/XcodeDefault.xctoolchain/usr/bin/appintentsmetadataprocessor --toolchain-dir /Applications/Xcode.app/Contents/Developer/Toolchains/XcodeDefault.xctoolchain --module-name Merian --sdk-root /Applications/Xcode.app/Contents/Developer/Platforms/iPhoneSimulator.platform/Developer/SDKs/iPhoneSimulator26.2.sdk --xcode-version 17C529 --platform-family iOS --deployment-target 17.0 --bundle-identifier app.merian.Merian --output /Users/emreerdener/Library/Developer/Xcode/DerivedData/Merian-bsmebnfnhwnbdncricvwvveooidw/Build/Products/Debug-iphonesimulator/Merian.app --target-triple arm64-apple-ios17.0-simulator --binary-file /Users/emreerdener/Library/Developer/Xcode/DerivedData/Merian-bsmebnfnhwnbdncricvwvveooidw/Build/Products/Debug-iphonesimulator/Merian.app/Merian --dependency-file /Users/emreerdener/Library/Developer/Xcode/DerivedData/Merian-bsmebnfnhwnbdncricvwvveooidw/Build/Intermediates.noindex/Merian.build/Debug-iphonesimulator/Merian.build/Objects-normal/arm64/Merian_dependency_info.dat --stringsdata-file /Users/emreerdener/Library/Developer/Xcode/DerivedData/Merian-bsmebnfnhwnbdncricvwvveooidw/Build/Intermediates.noindex/Merian.build/Debug-iphonesimulator/Merian.build/Objects-normal/arm64/ExtractedAppShortcutsMetadata.stringsdata --source-file-list /Users/emreerdener/Library/Developer/Xcode/DerivedData/Merian-bsmebnfnhwnbdncricvwvveooidw/Build/Intermediates.noindex/Merian.build/Debug-iphonesimulator/Merian.build/Objects-normal/arm64/Merian.SwiftFileList --metadata-file-list /Users/emreerdener/Library/Developer/Xcode/DerivedData/Merian-bsmebnfnhwnbdncricvwvveooidw/Build/Intermediates.noindex/Merian.build/Debug-iphonesimulator/Merian.build/Merian.DependencyMetadataFileList --static-metadata-file-list /Users/emreerdener/Library/Developer/Xcode/DerivedData/Merian-bsmebnfnhwnbdncricvwvveooidw/Build/Intermediates.noindex/Merian.build/Debug-iphonesimulator/Merian.build/Merian.DependencyStaticMetadataFileList --swift-const-vals-list /Users/emreerdener/Library/Developer/Xcode/DerivedData/Merian-bsmebnfnhwnbdncricvwvveooidw/Build/Intermediates.noindex/Merian.build/Debug-iphonesimulator/Merian.build/Objects-normal/arm64/Merian.SwiftConstValuesFileList --compile-time-extraction --deployment-aware-processing --validate-assistant-intents --no-app-shortcuts-localization
2026-03-10 18:12:25.153 appintentsmetadataprocessor[9957:18725566] Starting appintentsmetadataprocessor export
2026-03-10 18:12:25.282 appintentsmetadataprocessor[9957:18725566] Writing Metadata.appintents
2026-03-10 18:12:25.282 appintentsmetadataprocessor[9957:18725566] Metadata root: /Users/emreerdener/Library/Developer/Xcode/DerivedData/Merian-bsmebnfnhwnbdncricvwvveooidw/Build/Products/Debug-iphonesimulator/Merian.app/Metadata.appintents

ProcessInfoPlistFile /Users/emreerdener/Library/Developer/Xcode/DerivedData/Merian-bsmebnfnhwnbdncricvwvveooidw/Build/Products/Debug-iphonesimulator/Merian.app/Info.plist /Users/emreerdener/Developer/merian/Merian/Configuration/Info.plist (in target 'Merian' from project 'Merian')
    cd /Users/emreerdener/Developer/merian
    builtin-infoPlistUtility /Users/emreerdener/Developer/merian/Merian/Configuration/Info.plist -producttype com.apple.product-type.application -genpkginfo /Users/emreerdener/Library/Developer/Xcode/DerivedData/Merian-bsmebnfnhwnbdncricvwvveooidw/Build/Products/Debug-iphonesimulator/Merian.app/PkgInfo -expandbuildsettings -format binary -platform iphonesimulator -additionalcontentfile /Users/emreerdener/Library/Developer/Xcode/DerivedData/Merian-bsmebnfnhwnbdncricvwvveooidw/Build/Intermediates.noindex/Merian.build/Debug-iphonesimulator/Merian.build/LaunchScreen-SBPartialInfo.plist -additionalcontentfile /Users/emreerdener/Library/Developer/Xcode/DerivedData/Merian-bsmebnfnhwnbdncricvwvveooidw/Build/Intermediates.noindex/Merian.build/Debug-iphonesimulator/Merian.build/assetcatalog_generated_info.plist -scanforprivacyfile /Users/emreerdener/Library/Developer/Xcode/DerivedData/Merian-bsmebnfnhwnbdncricvwvveooidw/Build/Products/Debug-iphonesimulator/Merian.app/AppAuth_AppAuth.bundle -scanforprivacyfile /Users/emreerdener/Library/Developer/Xcode/DerivedData/Merian-bsmebnfnhwnbdncricvwvveooidw/Build/Products/Debug-iphonesimulator/Merian.app/AppAuth_AppAuthCore.bundle -scanforprivacyfile /Users/emreerdener/Library/Developer/Xcode/DerivedData/Merian-bsmebnfnhwnbdncricvwvveooidw/Build/Products/Debug-iphonesimulator/Merian.app/Frameworks/RiveRuntime.framework -scanforprivacyfile /Users/emreerdener/Library/Developer/Xcode/DerivedData/Merian-bsmebnfnhwnbdncricvwvveooidw/Build/Products/Debug-iphonesimulator/Merian.app/GTMAppAuth_GTMAppAuth.bundle -scanforprivacyfile /Users/emreerdener/Library/Developer/Xcode/DerivedData/Merian-bsmebnfnhwnbdncricvwvveooidw/Build/Products/Debug-iphonesimulator/Merian.app/GTMSessionFetcher_GTMSessionFetcherCore.bundle -scanforprivacyfile /Users/emreerdener/Library/Developer/Xcode/DerivedData/Merian-bsmebnfnhwnbdncricvwvveooidw/Build/Products/Debug-iphonesimulator/Merian.app/GoogleSignIn_GoogleSignIn.bundle -scanforprivacyfile /Users/emreerdener/Library/Developer/Xcode/DerivedData/Merian-bsmebnfnhwnbdncricvwvveooidw/Build/Products/Debug-iphonesimulator/Merian.app/PLCrashReporter_CrashReporter.bundle -scanforprivacyfile /Users/emreerdener/Library/Developer/Xcode/DerivedData/Merian-bsmebnfnhwnbdncricvwvveooidw/Build/Products/Debug-iphonesimulator/Merian.app/PostHog_PostHog.bundle -scanforprivacyfile /Users/emreerdener/Library/Developer/Xcode/DerivedData/Merian-bsmebnfnhwnbdncricvwvveooidw/Build/Products/Debug-iphonesimulator/Merian.app/RevenueCat_RevenueCat.bundle -scanforprivacyfile /Users/emreerdener/Library/Developer/Xcode/DerivedData/Merian-bsmebnfnhwnbdncricvwvveooidw/Build/Products/Debug-iphonesimulator/Merian.app/TelemetryClient_TelemetryClient.bundle -scanforprivacyfile /Users/emreerdener/Library/Developer/Xcode/DerivedData/Merian-bsmebnfnhwnbdncricvwvveooidw/Build/Products/Debug-iphonesimulator/Merian.app/Watch/MerianWatch.app -scanforprivacyfile /Users/emreerdener/Library/Developer/Xcode/DerivedData/Merian-bsmebnfnhwnbdncricvwvveooidw/Build/Products/Debug-iphonesimulator/Merian.app/swift-crypto_Crypto.bundle -o /Users/emreerdener/Library/Developer/Xcode/DerivedData/Merian-bsmebnfnhwnbdncricvwvveooidw/Build/Products/Debug-iphonesimulator/Merian.app/Info.plist

CopySwiftLibs /Users/emreerdener/Library/Developer/Xcode/DerivedData/Merian-bsmebnfnhwnbdncricvwvveooidw/Build/Products/Debug-iphonesimulator/Merian.app (in target 'Merian' from project 'Merian')
    cd /Users/emreerdener/Developer/merian
    builtin-swiftStdLibTool --copy --verbose --sign - --scan-executable /Users/emreerdener/Library/Developer/Xcode/DerivedData/Merian-bsmebnfnhwnbdncricvwvveooidw/Build/Products/Debug-iphonesimulator/Merian.app/Merian.debug.dylib --scan-folder /Users/emreerdener/Library/Developer/Xcode/DerivedData/Merian-bsmebnfnhwnbdncricvwvveooidw/Build/Products/Debug-iphonesimulator/Merian.app/Frameworks --scan-folder /Users/emreerdener/Library/Developer/Xcode/DerivedData/Merian-bsmebnfnhwnbdncricvwvveooidw/Build/Products/Debug-iphonesimulator/Merian.app/PlugIns --scan-folder /Users/emreerdener/Library/Developer/Xcode/DerivedData/Merian-bsmebnfnhwnbdncricvwvveooidw/Build/Products/Debug-iphonesimulator/Merian.app/SystemExtensions --scan-folder /Users/emreerdener/Library/Developer/Xcode/DerivedData/Merian-bsmebnfnhwnbdncricvwvveooidw/Build/Products/Debug-iphonesimulator/Merian.app/Extensions --platform iphonesimulator --toolchain /Applications/Xcode.app/Contents/Developer/Toolchains/XcodeDefault.xctoolchain --destination /Users/emreerdener/Library/Developer/Xcode/DerivedData/Merian-bsmebnfnhwnbdncricvwvveooidw/Build/Products/Debug-iphonesimulator/Merian.app/Frameworks --strip-bitcode --strip-bitcode-tool /Applications/Xcode.app/Contents/Developer/Toolchains/XcodeDefault.xctoolchain/usr/bin/bitcode_strip --emit-dependency-info /Users/emreerdener/Library/Developer/Xcode/DerivedData/Merian-bsmebnfnhwnbdncricvwvveooidw/Build/Intermediates.noindex/Merian.build/Debug-iphonesimulator/Merian.build/SwiftStdLibToolInputDependencies.dep --filter-for-swift-os --back-deploy-swift-span

CodeSign /Users/emreerdener/Library/Developer/Xcode/DerivedData/Merian-bsmebnfnhwnbdncricvwvveooidw/Build/Products/Debug-iphonesimulator/Merian.app/Merian.debug.dylib (in target 'Merian' from project 'Merian')
    cd /Users/emreerdener/Developer/merian
    
    Signing Identity:     "Sign to Run Locally"
    
    /usr/bin/codesign --force --sign - --timestamp\=none --generate-entitlement-der /Users/emreerdener/Library/Developer/Xcode/DerivedData/Merian-bsmebnfnhwnbdncricvwvveooidw/Build/Products/Debug-iphonesimulator/Merian.app/Merian.debug.dylib

CodeSign /Users/emreerdener/Library/Developer/Xcode/DerivedData/Merian-bsmebnfnhwnbdncricvwvveooidw/Build/Products/Debug-iphonesimulator/Merian.app/__preview.dylib (in target 'Merian' from project 'Merian')
    cd /Users/emreerdener/Developer/merian
    
    Signing Identity:     "Sign to Run Locally"
    
    /usr/bin/codesign --force --sign - --timestamp\=none --generate-entitlement-der /Users/emreerdener/Library/Developer/Xcode/DerivedData/Merian-bsmebnfnhwnbdncricvwvveooidw/Build/Products/Debug-iphonesimulator/Merian.app/__preview.dylib

CodeSign /Users/emreerdener/Library/Developer/Xcode/DerivedData/Merian-bsmebnfnhwnbdncricvwvveooidw/Build/Products/Debug-iphonesimulator/Merian.app (in target 'Merian' from project 'Merian')
    cd /Users/emreerdener/Developer/merian
    
    Signing Identity:     "Sign to Run Locally"
    
    /usr/bin/codesign --force --sign - --entitlements /Users/emreerdener/Library/Developer/Xcode/DerivedData/Merian-bsmebnfnhwnbdncricvwvveooidw/Build/Intermediates.noindex/Merian.build/Debug-iphonesimulator/Merian.build/Merian.app.xcent --timestamp\=none --generate-entitlement-der /Users/emreerdener/Library/Developer/Xcode/DerivedData/Merian-bsmebnfnhwnbdncricvwvveooidw/Build/Products/Debug-iphonesimulator/Merian.app

Validate /Users/emreerdener/Library/Developer/Xcode/DerivedData/Merian-bsmebnfnhwnbdncricvwvveooidw/Build/Products/Debug-iphonesimulator/Merian.app (in target 'Merian' from project 'Merian')
    cd /Users/emreerdener/Developer/merian
    builtin-validationUtility /Users/emreerdener/Library/Developer/Xcode/DerivedData/Merian-bsmebnfnhwnbdncricvwvveooidw/Build/Products/Debug-iphonesimulator/Merian.app -shallow-bundle -infoplist-subpath Info.plist

ValidateEmbeddedBinary /Users/emreerdener/Library/Developer/Xcode/DerivedData/Merian-bsmebnfnhwnbdncricvwvveooidw/Build/Products/Debug-iphonesimulator/Merian.app/Watch/MerianWatch.app (in target 'Merian' from project 'Merian')
    cd /Users/emreerdener/Developer/merian
    /Applications/Xcode.app/Contents/Developer/usr/bin/embeddedBinaryValidationUtility /Users/emreerdener/Library/Developer/Xcode/DerivedData/Merian-bsmebnfnhwnbdncricvwvveooidw/Build/Products/Debug-iphonesimulator/Merian.app/Watch/MerianWatch.app -signing-cert - -info-plist-path /Users/emreerdener/Library/Developer/Xcode/DerivedData/Merian-bsmebnfnhwnbdncricvwvveooidw/Build/Products/Debug-iphonesimulator/Merian.app/Info.plist

** BUILD SUCCEEDED **

