Command line invocation:
    /Applications/Xcode.app/Contents/Developer/usr/bin/xcodebuild build -project Merian.xcodeproj -scheme Merian -destination generic/platform=iOS

Resolve Package Graph


Resolved source packages:
  AppCheck: https://github.com/google/app-check.git @ 11.2.0
  GoogleUtilities: https://github.com/google/GoogleUtilities.git @ 8.1.0
  swift-asn1: https://github.com/apple/swift-asn1.git @ 1.5.1
  swift-http-types: https://github.com/apple/swift-http-types.git @ 1.5.1
  GoogleSignIn: https://github.com/google/GoogleSignIn-iOS.git @ 9.1.0
  Supabase: https://github.com/supabase-community/supabase-swift.git @ 2.41.1
  swift-concurrency-extras: https://github.com/pointfreeco/swift-concurrency-extras @ 1.3.2
  AppAuth: https://github.com/openid/AppAuth-iOS.git @ 2.0.0
  swift-clocks: https://github.com/pointfreeco/swift-clocks @ 1.0.6
  PostHog: https://github.com/PostHog/posthog-ios.git @ 3.47.0
  RiveRuntime: https://github.com/rive-app/rive-ios.git @ 6.16.0
  xctest-dynamic-overlay: https://github.com/pointfreeco/xctest-dynamic-overlay @ 1.9.0
  swift-crypto: https://github.com/apple/swift-crypto.git @ 4.2.0
  PLCrashReporter: https://github.com/microsoft/plcrashreporter.git @ 1.12.2
  Promises: https://github.com/google/promises.git @ 2.4.0
  TelemetryClient: https://github.com/TelemetryDeck/SwiftClient.git @ 1.5.1
  GTMSessionFetcher: https://github.com/google/gtm-session-fetcher.git @ 3.5.0
  RevenueCat: https://github.com/RevenueCat/purchases-ios.git @ 5.64.0
  GTMAppAuth: https://github.com/google/GTMAppAuth.git @ 5.0.0

ComputePackagePrebuildTargetDependencyGraph

Prepare packages

CreateBuildRequest

SendProjectDescription

CreateBuildOperation

ComputeTargetDependencyGraph
note: Building targets in dependency order
note: Target dependency graph (67 targets)
    Target 'Merian' in project 'Merian'
        ➜ Explicit dependency on target 'MerianWatch' in project 'Merian'
        ➜ Explicit dependency on target 'RevenueCat' in project 'RevenueCat'
        ➜ Explicit dependency on target 'PostHog' in project 'PostHog'
        ➜ Explicit dependency on target 'Supabase' in project 'Supabase'
        ➜ Explicit dependency on target 'TelemetryClient' in project 'TelemetryClient'
        ➜ Explicit dependency on target 'RiveRuntime' in project 'RiveRuntime'
        ➜ Explicit dependency on target 'GoogleSignIn' in project 'GoogleSignIn'
    Target 'GoogleSignIn' in project 'GoogleSignIn'
        ➜ Explicit dependency on target 'GoogleSignIn' in project 'GoogleSignIn'
        ➜ Explicit dependency on target 'GoogleSignIn_GoogleSignIn' in project 'GoogleSignIn'
        ➜ Explicit dependency on target 'AppAuth' in project 'AppAuth'
        ➜ Explicit dependency on target 'AppAuthCore' in project 'AppAuth'
        ➜ Explicit dependency on target 'AppCheckCore' in project 'AppCheck'
        ➜ Explicit dependency on target 'GTMAppAuth' in project 'GTMAppAuth'
        ➜ Explicit dependency on target 'GTMSessionFetcherCore' in project 'GTMSessionFetcher'
    Target 'GoogleSignIn' in project 'GoogleSignIn'
        ➜ Explicit dependency on target 'GoogleSignIn_GoogleSignIn' in project 'GoogleSignIn'
        ➜ Explicit dependency on target 'AppAuth' in project 'AppAuth'
        ➜ Explicit dependency on target 'AppAuthCore' in project 'AppAuth'
        ➜ Explicit dependency on target 'AppCheckCore' in project 'AppCheck'
        ➜ Explicit dependency on target 'GTMAppAuth' in project 'GTMAppAuth'
        ➜ Explicit dependency on target 'GTMSessionFetcherCore' in project 'GTMSessionFetcher'
    Target 'GTMAppAuth' in project 'GTMAppAuth'
        ➜ Explicit dependency on target 'GTMAppAuth' in project 'GTMAppAuth'
        ➜ Explicit dependency on target 'GTMAppAuth_GTMAppAuth' in project 'GTMAppAuth'
        ➜ Explicit dependency on target 'GTMSessionFetcherCore' in project 'GTMSessionFetcher'
        ➜ Explicit dependency on target 'AppAuthCore' in project 'AppAuth'
    Target 'GTMAppAuth' in project 'GTMAppAuth'
        ➜ Explicit dependency on target 'GTMAppAuth_GTMAppAuth' in project 'GTMAppAuth'
        ➜ Explicit dependency on target 'GTMSessionFetcherCore' in project 'GTMSessionFetcher'
        ➜ Explicit dependency on target 'AppAuthCore' in project 'AppAuth'
    Target 'GTMSessionFetcherCore' in project 'GTMSessionFetcher'
        ➜ Explicit dependency on target 'GTMSessionFetcherCore' in project 'GTMSessionFetcher'
        ➜ Explicit dependency on target 'GTMSessionFetcher_GTMSessionFetcherCore' in project 'GTMSessionFetcher'
    Target 'GTMSessionFetcherCore' in project 'GTMSessionFetcher'
        ➜ Explicit dependency on target 'GTMSessionFetcher_GTMSessionFetcherCore' in project 'GTMSessionFetcher'
    Target 'GTMSessionFetcher_GTMSessionFetcherCore' in project 'GTMSessionFetcher' (no dependencies)
    Target 'GTMAppAuth_GTMAppAuth' in project 'GTMAppAuth' (no dependencies)
    Target 'AppCheckCore' in project 'AppCheck'
        ➜ Explicit dependency on target 'AppCheckCore' in project 'AppCheck'
        ➜ Explicit dependency on target 'FBLPromises' in project 'Promises'
        ➜ Explicit dependency on target 'GULEnvironment' in project 'GoogleUtilities'
        ➜ Explicit dependency on target 'GULUserDefaults' in project 'GoogleUtilities'
    Target 'AppCheckCore' in project 'AppCheck'
        ➜ Explicit dependency on target 'FBLPromises' in project 'Promises'
        ➜ Explicit dependency on target 'GULEnvironment' in project 'GoogleUtilities'
        ➜ Explicit dependency on target 'GULUserDefaults' in project 'GoogleUtilities'
    Target 'GULUserDefaults' in project 'GoogleUtilities'
        ➜ Explicit dependency on target 'GoogleUtilities-UserDefaults' in project 'GoogleUtilities'
        ➜ Explicit dependency on target 'GoogleUtilities_GoogleUtilities-UserDefaults' in project 'GoogleUtilities'
        ➜ Explicit dependency on target 'third-party-IsAppEncrypted' in project 'GoogleUtilities'
        ➜ Explicit dependency on target 'GoogleUtilities-Environment' in project 'GoogleUtilities'
        ➜ Explicit dependency on target 'GoogleUtilities-Logger' in project 'GoogleUtilities'
    Target 'GoogleUtilities-UserDefaults' in project 'GoogleUtilities'
        ➜ Explicit dependency on target 'GoogleUtilities_GoogleUtilities-UserDefaults' in project 'GoogleUtilities'
        ➜ Explicit dependency on target 'third-party-IsAppEncrypted' in project 'GoogleUtilities'
        ➜ Explicit dependency on target 'GoogleUtilities-Environment' in project 'GoogleUtilities'
        ➜ Explicit dependency on target 'GoogleUtilities-Logger' in project 'GoogleUtilities'
    Target 'GoogleUtilities-Logger' in project 'GoogleUtilities'
        ➜ Explicit dependency on target 'GoogleUtilities_GoogleUtilities-Logger' in project 'GoogleUtilities'
        ➜ Explicit dependency on target 'third-party-IsAppEncrypted' in project 'GoogleUtilities'
        ➜ Explicit dependency on target 'GoogleUtilities-Environment' in project 'GoogleUtilities'
    Target 'GoogleUtilities_GoogleUtilities-Logger' in project 'GoogleUtilities' (no dependencies)
    Target 'GoogleUtilities_GoogleUtilities-UserDefaults' in project 'GoogleUtilities' (no dependencies)
    Target 'GULEnvironment' in project 'GoogleUtilities'
        ➜ Explicit dependency on target 'GoogleUtilities-Environment' in project 'GoogleUtilities'
        ➜ Explicit dependency on target 'GoogleUtilities_GoogleUtilities-Environment' in project 'GoogleUtilities'
        ➜ Explicit dependency on target 'third-party-IsAppEncrypted' in project 'GoogleUtilities'
    Target 'GoogleUtilities-Environment' in project 'GoogleUtilities'
        ➜ Explicit dependency on target 'GoogleUtilities_GoogleUtilities-Environment' in project 'GoogleUtilities'
        ➜ Explicit dependency on target 'third-party-IsAppEncrypted' in project 'GoogleUtilities'
    Target 'third-party-IsAppEncrypted' in project 'GoogleUtilities' (no dependencies)
    Target 'GoogleUtilities_GoogleUtilities-Environment' in project 'GoogleUtilities' (no dependencies)
    Target 'FBLPromises' in project 'Promises'
        ➜ Explicit dependency on target 'FBLPromises' in project 'Promises'
        ➜ Explicit dependency on target 'Promises_FBLPromises' in project 'Promises'
    Target 'FBLPromises' in project 'Promises'
        ➜ Explicit dependency on target 'Promises_FBLPromises' in project 'Promises'
    Target 'Promises_FBLPromises' in project 'Promises' (no dependencies)
    Target 'AppAuthCore' in project 'AppAuth'
        ➜ Explicit dependency on target 'AppAuthCore' in project 'AppAuth'
        ➜ Explicit dependency on target 'AppAuth_AppAuthCore' in project 'AppAuth'
    Target 'AppAuth' in project 'AppAuth'
        ➜ Explicit dependency on target 'AppAuth' in project 'AppAuth'
        ➜ Explicit dependency on target 'AppAuth_AppAuth' in project 'AppAuth'
        ➜ Explicit dependency on target 'AppAuthCore' in project 'AppAuth'
    Target 'AppAuth' in project 'AppAuth'
        ➜ Explicit dependency on target 'AppAuth_AppAuth' in project 'AppAuth'
        ➜ Explicit dependency on target 'AppAuthCore' in project 'AppAuth'
    Target 'AppAuthCore' in project 'AppAuth'
        ➜ Explicit dependency on target 'AppAuth_AppAuthCore' in project 'AppAuth'
    Target 'AppAuth_AppAuthCore' in project 'AppAuth' (no dependencies)
    Target 'AppAuth_AppAuth' in project 'AppAuth' (no dependencies)
    Target 'GoogleSignIn_GoogleSignIn' in project 'GoogleSignIn' (no dependencies)
    Target 'RiveRuntime' in project 'RiveRuntime' (no dependencies)
    Target 'TelemetryClient' in project 'TelemetryClient'
        ➜ Explicit dependency on target 'TelemetryClient' in project 'TelemetryClient'
        ➜ Explicit dependency on target 'TelemetryClient_TelemetryClient' in project 'TelemetryClient'
    Target 'TelemetryClient' in project 'TelemetryClient'
        ➜ Explicit dependency on target 'TelemetryClient_TelemetryClient' in project 'TelemetryClient'
    Target 'TelemetryClient_TelemetryClient' in project 'TelemetryClient' (no dependencies)
    Target 'Supabase' in project 'Supabase'
        ➜ Explicit dependency on target 'Supabase' in project 'Supabase'
        ➜ Explicit dependency on target 'Functions' in project 'Supabase'
        ➜ Explicit dependency on target 'PostgREST' in project 'Supabase'
        ➜ Explicit dependency on target 'Auth' in project 'Supabase'
        ➜ Explicit dependency on target 'Realtime' in project 'Supabase'
        ➜ Explicit dependency on target 'Storage' in project 'Supabase'
        ➜ Explicit dependency on target 'Helpers' in project 'Supabase'
        ➜ Explicit dependency on target 'ConcurrencyExtras' in project 'swift-concurrency-extras'
        ➜ Explicit dependency on target 'HTTPTypes' in project 'swift-http-types'
        ➜ Explicit dependency on target 'Clocks' in project 'swift-clocks'
        ➜ Explicit dependency on target 'XCTestDynamicOverlay' in project 'xctest-dynamic-overlay'
        ➜ Explicit dependency on target 'Crypto' in project 'swift-crypto'
        ➜ Explicit dependency on target 'IssueReporting' in project 'xctest-dynamic-overlay'
    Target 'Supabase' in project 'Supabase'
        ➜ Explicit dependency on target 'Helpers' in project 'Supabase'
        ➜ Explicit dependency on target 'Auth' in project 'Supabase'
        ➜ Explicit dependency on target 'Functions' in project 'Supabase'
        ➜ Explicit dependency on target 'PostgREST' in project 'Supabase'
        ➜ Explicit dependency on target 'Realtime' in project 'Supabase'
        ➜ Explicit dependency on target 'Storage' in project 'Supabase'
        ➜ Explicit dependency on target 'ConcurrencyExtras' in project 'swift-concurrency-extras'
        ➜ Explicit dependency on target 'HTTPTypes' in project 'swift-http-types'
        ➜ Explicit dependency on target 'Clocks' in project 'swift-clocks'
        ➜ Explicit dependency on target 'XCTestDynamicOverlay' in project 'xctest-dynamic-overlay'
        ➜ Explicit dependency on target 'Crypto' in project 'swift-crypto'
        ➜ Explicit dependency on target 'IssueReporting' in project 'xctest-dynamic-overlay'
    Target 'Storage' in project 'Supabase'
        ➜ Explicit dependency on target 'Helpers' in project 'Supabase'
        ➜ Explicit dependency on target 'ConcurrencyExtras' in project 'swift-concurrency-extras'
        ➜ Explicit dependency on target 'HTTPTypes' in project 'swift-http-types'
        ➜ Explicit dependency on target 'Clocks' in project 'swift-clocks'
        ➜ Explicit dependency on target 'XCTestDynamicOverlay' in project 'xctest-dynamic-overlay'
    Target 'Realtime' in project 'Supabase'
        ➜ Explicit dependency on target 'Helpers' in project 'Supabase'
        ➜ Explicit dependency on target 'ConcurrencyExtras' in project 'swift-concurrency-extras'
        ➜ Explicit dependency on target 'HTTPTypes' in project 'swift-http-types'
        ➜ Explicit dependency on target 'Clocks' in project 'swift-clocks'
        ➜ Explicit dependency on target 'XCTestDynamicOverlay' in project 'xctest-dynamic-overlay'
        ➜ Explicit dependency on target 'IssueReporting' in project 'xctest-dynamic-overlay'
    Target 'PostgREST' in project 'Supabase'
        ➜ Explicit dependency on target 'Helpers' in project 'Supabase'
        ➜ Explicit dependency on target 'ConcurrencyExtras' in project 'swift-concurrency-extras'
        ➜ Explicit dependency on target 'HTTPTypes' in project 'swift-http-types'
        ➜ Explicit dependency on target 'Clocks' in project 'swift-clocks'
        ➜ Explicit dependency on target 'XCTestDynamicOverlay' in project 'xctest-dynamic-overlay'
    Target 'Functions' in project 'Supabase'
        ➜ Explicit dependency on target 'Helpers' in project 'Supabase'
        ➜ Explicit dependency on target 'ConcurrencyExtras' in project 'swift-concurrency-extras'
        ➜ Explicit dependency on target 'HTTPTypes' in project 'swift-http-types'
        ➜ Explicit dependency on target 'Clocks' in project 'swift-clocks'
        ➜ Explicit dependency on target 'XCTestDynamicOverlay' in project 'xctest-dynamic-overlay'
    Target 'Auth' in project 'Supabase'
        ➜ Explicit dependency on target 'Helpers' in project 'Supabase'
        ➜ Explicit dependency on target 'ConcurrencyExtras' in project 'swift-concurrency-extras'
        ➜ Explicit dependency on target 'HTTPTypes' in project 'swift-http-types'
        ➜ Explicit dependency on target 'Clocks' in project 'swift-clocks'
        ➜ Explicit dependency on target 'XCTestDynamicOverlay' in project 'xctest-dynamic-overlay'
        ➜ Explicit dependency on target 'Crypto' in project 'swift-crypto'
    Target 'Crypto' in project 'swift-crypto'
        ➜ Explicit dependency on target 'Crypto' in project 'swift-crypto'
        ➜ Explicit dependency on target 'swift-crypto_Crypto' in project 'swift-crypto'
    Target 'Crypto' in project 'swift-crypto'
        ➜ Explicit dependency on target 'swift-crypto_Crypto' in project 'swift-crypto'
    Target 'swift-crypto_Crypto' in project 'swift-crypto' (no dependencies)
    Target 'Helpers' in project 'Supabase'
        ➜ Explicit dependency on target 'ConcurrencyExtras' in project 'swift-concurrency-extras'
        ➜ Explicit dependency on target 'HTTPTypes' in project 'swift-http-types'
        ➜ Explicit dependency on target 'Clocks' in project 'swift-clocks'
        ➜ Explicit dependency on target 'XCTestDynamicOverlay' in project 'xctest-dynamic-overlay'
    Target 'XCTestDynamicOverlay' in project 'xctest-dynamic-overlay'
        ➜ Explicit dependency on target 'XCTestDynamicOverlay' in project 'xctest-dynamic-overlay'
        ➜ Explicit dependency on target 'IssueReportingPackageSupport' in project 'xctest-dynamic-overlay'
        ➜ Explicit dependency on target 'IssueReporting' in project 'xctest-dynamic-overlay'
    Target 'XCTestDynamicOverlay' in project 'xctest-dynamic-overlay'
        ➜ Explicit dependency on target 'IssueReportingPackageSupport' in project 'xctest-dynamic-overlay'
        ➜ Explicit dependency on target 'IssueReporting' in project 'xctest-dynamic-overlay'
    Target 'Clocks' in project 'swift-clocks'
        ➜ Explicit dependency on target 'Clocks' in project 'swift-clocks'
        ➜ Explicit dependency on target 'ConcurrencyExtras' in project 'swift-concurrency-extras'
        ➜ Explicit dependency on target 'IssueReporting' in project 'xctest-dynamic-overlay'
    Target 'Clocks' in project 'swift-clocks'
        ➜ Explicit dependency on target 'ConcurrencyExtras' in project 'swift-concurrency-extras'
        ➜ Explicit dependency on target 'IssueReporting' in project 'xctest-dynamic-overlay'
    Target 'IssueReporting' in project 'xctest-dynamic-overlay'
        ➜ Explicit dependency on target 'IssueReporting' in project 'xctest-dynamic-overlay'
        ➜ Explicit dependency on target 'IssueReportingPackageSupport' in project 'xctest-dynamic-overlay'
    Target 'IssueReporting' in project 'xctest-dynamic-overlay'
        ➜ Explicit dependency on target 'IssueReportingPackageSupport' in project 'xctest-dynamic-overlay'
    Target 'IssueReportingPackageSupport' in project 'xctest-dynamic-overlay' (no dependencies)
    Target 'HTTPTypes' in project 'swift-http-types'
        ➜ Explicit dependency on target 'HTTPTypes' in project 'swift-http-types'
    Target 'HTTPTypes' in project 'swift-http-types' (no dependencies)
    Target 'ConcurrencyExtras' in project 'swift-concurrency-extras'
        ➜ Explicit dependency on target 'ConcurrencyExtras' in project 'swift-concurrency-extras'
    Target 'ConcurrencyExtras' in project 'swift-concurrency-extras' (no dependencies)
    Target 'PostHog' in project 'PostHog'
        ➜ Explicit dependency on target 'PostHog' in project 'PostHog'
        ➜ Explicit dependency on target 'PostHog_PostHog' in project 'PostHog'
        ➜ Explicit dependency on target 'phlibwebp' in project 'PostHog'
        ➜ Explicit dependency on target 'CrashReporter' in project 'PLCrashReporter'
    Target 'PostHog' in project 'PostHog'
        ➜ Explicit dependency on target 'PostHog_PostHog' in project 'PostHog'
        ➜ Explicit dependency on target 'phlibwebp' in project 'PostHog'
        ➜ Explicit dependency on target 'CrashReporter' in project 'PLCrashReporter'
    Target 'CrashReporter' in project 'PLCrashReporter'
        ➜ Explicit dependency on target 'CrashReporter' in project 'PLCrashReporter'
        ➜ Explicit dependency on target 'PLCrashReporter_CrashReporter' in project 'PLCrashReporter'
    Target 'CrashReporter' in project 'PLCrashReporter'
        ➜ Explicit dependency on target 'PLCrashReporter_CrashReporter' in project 'PLCrashReporter'
    Target 'PLCrashReporter_CrashReporter' in project 'PLCrashReporter' (no dependencies)
    Target 'phlibwebp' in project 'PostHog' (no dependencies)
    Target 'PostHog_PostHog' in project 'PostHog' (no dependencies)
    Target 'RevenueCat' in project 'RevenueCat'
        ➜ Explicit dependency on target 'RevenueCat' in project 'RevenueCat'
        ➜ Explicit dependency on target 'RevenueCat_RevenueCat' in project 'RevenueCat'
    Target 'RevenueCat' in project 'RevenueCat'
        ➜ Explicit dependency on target 'RevenueCat_RevenueCat' in project 'RevenueCat'
    Target 'RevenueCat_RevenueCat' in project 'RevenueCat' (no dependencies)
    Target 'MerianWatch' in project 'Merian' (no dependencies)

GatherProvisioningInputs

CreateBuildDescription

ClangStatCache /Applications/Xcode.app/Contents/Developer/Toolchains/XcodeDefault.xctoolchain/usr/bin/clang-stat-cache /Applications/Xcode.app/Contents/Developer/Platforms/iPhoneOS.platform/Developer/SDKs/iPhoneOS26.2.sdk /Users/emreerdener/Library/Developer/Xcode/DerivedData/SDKStatCaches.noindex/iphoneos26.2-23C57-3794476bd08197c3e2abd9bb477ef7f7.sdkstatcache
    cd /Users/emreerdener/Developer/merian/Merian.xcodeproj
    /Applications/Xcode.app/Contents/Developer/Toolchains/XcodeDefault.xctoolchain/usr/bin/clang-stat-cache /Applications/Xcode.app/Contents/Developer/Platforms/iPhoneOS.platform/Developer/SDKs/iPhoneOS26.2.sdk -o /Users/emreerdener/Library/Developer/Xcode/DerivedData/SDKStatCaches.noindex/iphoneos26.2-23C57-3794476bd08197c3e2abd9bb477ef7f7.sdkstatcache

ClangStatCache /Applications/Xcode.app/Contents/Developer/Toolchains/XcodeDefault.xctoolchain/usr/bin/clang-stat-cache /Applications/Xcode.app/Contents/Developer/Platforms/WatchOS.platform/Developer/SDKs/WatchOS26.2.sdk /Users/emreerdener/Library/Developer/Xcode/DerivedData/SDKStatCaches.noindex/watchos26.2-23S303-1abbb35d52aede1f27e3564e4e5a82d7.sdkstatcache
    cd /Users/emreerdener/Developer/merian/Merian.xcodeproj
    /Applications/Xcode.app/Contents/Developer/Toolchains/XcodeDefault.xctoolchain/usr/bin/clang-stat-cache /Applications/Xcode.app/Contents/Developer/Platforms/WatchOS.platform/Developer/SDKs/WatchOS26.2.sdk -o /Users/emreerdener/Library/Developer/Xcode/DerivedData/SDKStatCaches.noindex/watchos26.2-23S303-1abbb35d52aede1f27e3564e4e5a82d7.sdkstatcache

SwiftDriver Merian normal arm64 com.apple.xcode.tools.swift.compiler (in target 'Merian' from project 'Merian')
    cd /Users/emreerdener/Developer/merian
    builtin-SwiftDriver -- /Applications/Xcode.app/Contents/Developer/Toolchains/XcodeDefault.xctoolchain/usr/bin/swiftc -module-name Merian -Onone -enforce-exclusivity\=checked @/Users/emreerdener/Library/Developer/Xcode/DerivedData/Merian-bsmebnfnhwnbdncricvwvveooidw/Build/Intermediates.noindex/Merian.build/Debug-iphoneos/Merian.build/Objects-normal/arm64/Merian.SwiftFileList -DDEBUG -Xcc -fmodule-map-file\=/Users/emreerdener/Library/Developer/Xcode/DerivedData/Merian-bsmebnfnhwnbdncricvwvveooidw/Build/Intermediates.noindex/GeneratedModuleMaps-iphoneos/CrashReporter.modulemap -Xcc -fmodule-map-file\=/Users/emreerdener/Library/Developer/Xcode/DerivedData/Merian-bsmebnfnhwnbdncricvwvveooidw/Build/Intermediates.noindex/GeneratedModuleMaps-iphoneos/phlibwebp.modulemap -Xcc -fmodule-map-file\=/Users/emreerdener/Library/Developer/Xcode/DerivedData/Merian-bsmebnfnhwnbdncricvwvveooidw/Build/Intermediates.noindex/GeneratedModuleMaps-iphoneos/AppAuth.modulemap -Xcc -fmodule-map-file\=/Users/emreerdener/Library/Developer/Xcode/DerivedData/Merian-bsmebnfnhwnbdncricvwvveooidw/Build/Intermediates.noindex/GeneratedModuleMaps-iphoneos/AppAuthCore.modulemap -Xcc -fmodule-map-file\=/Users/emreerdener/Library/Developer/Xcode/DerivedData/Merian-bsmebnfnhwnbdncricvwvveooidw/Build/Intermediates.noindex/GeneratedModuleMaps-iphoneos/GoogleUtilities-Logger.modulemap -Xcc -fmodule-map-file\=/Users/emreerdener/Library/Developer/Xcode/DerivedData/Merian-bsmebnfnhwnbdncricvwvveooidw/Build/Intermediates.noindex/GeneratedModuleMaps-iphoneos/GoogleUtilities-Environment.modulemap -Xcc -fmodule-map-file\=/Users/emreerdener/Library/Developer/Xcode/DerivedData/Merian-bsmebnfnhwnbdncricvwvveooidw/Build/Intermediates.noindex/GeneratedModuleMaps-iphoneos/third-party-IsAppEncrypted.modulemap -Xcc -fmodule-map-file\=/Users/emreerdener/Library/Developer/Xcode/DerivedData/Merian-bsmebnfnhwnbdncricvwvveooidw/Build/Intermediates.noindex/GeneratedModuleMaps-iphoneos/GoogleUtilities-UserDefaults.modulemap -Xcc -fmodule-map-file\=/Users/emreerdener/Library/Developer/Xcode/DerivedData/Merian-bsmebnfnhwnbdncricvwvveooidw/Build/Intermediates.noindex/GeneratedModuleMaps-iphoneos/AppCheckCore.modulemap -Xcc -fmodule-map-file\=/Users/emreerdener/Library/Developer/Xcode/DerivedData/Merian-bsmebnfnhwnbdncricvwvveooidw/Build/Intermediates.noindex/GeneratedModuleMaps-iphoneos/GTMSessionFetcherCore.modulemap -Xcc -fmodule-map-file\=/Users/emreerdener/Library/Developer/Xcode/DerivedData/Merian-bsmebnfnhwnbdncricvwvveooidw/Build/Intermediates.noindex/GeneratedModuleMaps-iphoneos/GoogleSignIn.modulemap -enable-bare-slash-regex -enable-experimental-feature DebugDescriptionMacro -sdk /Applications/Xcode.app/Contents/Developer/Platforms/iPhoneOS.platform/Developer/SDKs/iPhoneOS26.2.sdk -target arm64-apple-ios17.2 -g -module-cache-path /Users/emreerdener/Library/Developer/Xcode/DerivedData/ModuleCache.noindex -Xfrontend -serialize-debugging-options -enable-testing -index-store-path /Users/emreerdener/Library/Developer/Xcode/DerivedData/Merian-bsmebnfnhwnbdncricvwvveooidw/Index.noindex/DataStore -Xcc -D_LIBCPP_HARDENING_MODE\=_LIBCPP_HARDENING_MODE_DEBUG -swift-version 5 -I /Users/emreerdener/Library/Developer/Xcode/DerivedData/Merian-bsmebnfnhwnbdncricvwvveooidw/Build/Products/Debug-iphoneos -F /Users/emreerdener/Library/Developer/Xcode/DerivedData/Merian-bsmebnfnhwnbdncricvwvveooidw/Build/Products/Debug-iphoneos/PackageFrameworks -F /Users/emreerdener/Library/Developer/Xcode/DerivedData/Merian-bsmebnfnhwnbdncricvwvveooidw/Build/Products/Debug-iphoneos/PackageFrameworks -F /Users/emreerdener/Library/Developer/Xcode/DerivedData/Merian-bsmebnfnhwnbdncricvwvveooidw/Build/Products/Debug-iphoneos/PackageFrameworks -F /Users/emreerdener/Library/Developer/Xcode/DerivedData/Merian-bsmebnfnhwnbdncricvwvveooidw/Build/Products/Debug-iphoneos/PackageFrameworks -F /Users/emreerdener/Library/Developer/Xcode/DerivedData/Merian-bsmebnfnhwnbdncricvwvveooidw/Build/Products/Debug-iphoneos/PackageFrameworks -F /Users/emreerdener/Library/Developer/Xcode/DerivedData/Merian-bsmebnfnhwnbdncricvwvveooidw/Build/Products/Debug-iphoneos/PackageFrameworks -F /Users/emreerdener/Library/Developer/Xcode/DerivedData/Merian-bsmebnfnhwnbdncricvwvveooidw/Build/Products/Debug-iphoneos/PackageFrameworks -F /Users/emreerdener/Library/Developer/Xcode/DerivedData/Merian-bsmebnfnhwnbdncricvwvveooidw/Build/Products/Debug-iphoneos/PackageFrameworks -F /Users/emreerdener/Library/Developer/Xcode/DerivedData/Merian-bsmebnfnhwnbdncricvwvveooidw/Build/Products/Debug-iphoneos/PackageFrameworks -F /Users/emreerdener/Library/Developer/Xcode/DerivedData/Merian-bsmebnfnhwnbdncricvwvveooidw/Build/Products/Debug-iphoneos/PackageFrameworks -F /Users/emreerdener/Library/Developer/Xcode/DerivedData/Merian-bsmebnfnhwnbdncricvwvveooidw/Build/Products/Debug-iphoneos/PackageFrameworks -F /Users/emreerdener/Library/Developer/Xcode/DerivedData/Merian-bsmebnfnhwnbdncricvwvveooidw/Build/Products/Debug-iphoneos/PackageFrameworks -F /Users/emreerdener/Library/Developer/Xcode/DerivedData/Merian-bsmebnfnhwnbdncricvwvveooidw/Build/Products/Debug-iphoneos/PackageFrameworks -F /Users/emreerdener/Library/Developer/Xcode/DerivedData/Merian-bsmebnfnhwnbdncricvwvveooidw/Build/Products/Debug-iphoneos/PackageFrameworks -F /Users/emreerdener/Library/Developer/Xcode/DerivedData/Merian-bsmebnfnhwnbdncricvwvveooidw/Build/Products/Debug-iphoneos/PackageFrameworks -F /Users/emreerdener/Library/Developer/Xcode/DerivedData/Merian-bsmebnfnhwnbdncricvwvveooidw/Build/Products/Debug-iphoneos/PackageFrameworks -F /Users/emreerdener/Library/Developer/Xcode/DerivedData/Merian-bsmebnfnhwnbdncricvwvveooidw/Build/Products/Debug-iphoneos/PackageFrameworks -F /Users/emreerdener/Library/Developer/Xcode/DerivedData/Merian-bsmebnfnhwnbdncricvwvveooidw/Build/Products/Debug-iphoneos/PackageFrameworks -F /Users/emreerdener/Library/Developer/Xcode/DerivedData/Merian-bsmebnfnhwnbdncricvwvveooidw/Build/Products/Debug-iphoneos/PackageFrameworks -F /Users/emreerdener/Library/Developer/Xcode/DerivedData/Merian-bsmebnfnhwnbdncricvwvveooidw/Build/Products/Debug-iphoneos/PackageFrameworks -F /Users/emreerdener/Library/Developer/Xcode/DerivedData/Merian-bsmebnfnhwnbdncricvwvveooidw/Build/Products/Debug-iphoneos/PackageFrameworks -F /Users/emreerdener/Library/Developer/Xcode/DerivedData/Merian-bsmebnfnhwnbdncricvwvveooidw/Build/Products/Debug-iphoneos/PackageFrameworks -F /Users/emreerdener/Library/Developer/Xcode/DerivedData/Merian-bsmebnfnhwnbdncricvwvveooidw/Build/Products/Debug-iphoneos/PackageFrameworks -F /Users/emreerdener/Library/Developer/Xcode/DerivedData/Merian-bsmebnfnhwnbdncricvwvveooidw/Build/Products/Debug-iphoneos/PackageFrameworks -F /Users/emreerdener/Library/Developer/Xcode/DerivedData/Merian-bsmebnfnhwnbdncricvwvveooidw/Build/Products/Debug-iphoneos/PackageFrameworks -F /Users/emreerdener/Library/Developer/Xcode/DerivedData/Merian-bsmebnfnhwnbdncricvwvveooidw/Build/Products/Debug-iphoneos/PackageFrameworks -F /Users/emreerdener/Library/Developer/Xcode/DerivedData/Merian-bsmebnfnhwnbdncricvwvveooidw/Build/Products/Debug-iphoneos/PackageFrameworks -F /Users/emreerdener/Library/Developer/Xcode/DerivedData/Merian-bsmebnfnhwnbdncricvwvveooidw/Build/Products/Debug-iphoneos/PackageFrameworks -F /Users/emreerdener/Library/Developer/Xcode/DerivedData/Merian-bsmebnfnhwnbdncricvwvveooidw/Build/Products/Debug-iphoneos/PackageFrameworks -F /Users/emreerdener/Library/Developer/Xcode/DerivedData/Merian-bsmebnfnhwnbdncricvwvveooidw/Build/Products/Debug-iphoneos/PackageFrameworks -F /Users/emreerdener/Library/Developer/Xcode/DerivedData/Merian-bsmebnfnhwnbdncricvwvveooidw/Build/Products/Debug-iphoneos -c -j10 -enable-batch-mode -incremental -Xcc -ivfsstatcache -Xcc /Users/emreerdener/Library/Developer/Xcode/DerivedData/SDKStatCaches.noindex/iphoneos26.2-23C57-3794476bd08197c3e2abd9bb477ef7f7.sdkstatcache -output-file-map /Users/emreerdener/Library/Developer/Xcode/DerivedData/Merian-bsmebnfnhwnbdncricvwvveooidw/Build/Intermediates.noindex/Merian.build/Debug-iphoneos/Merian.build/Objects-normal/arm64/Merian-OutputFileMap.json -use-frontend-parseable-output -save-temps -no-color-diagnostics -explicit-module-build -module-cache-path /Users/emreerdener/Library/Developer/Xcode/DerivedData/Merian-bsmebnfnhwnbdncricvwvveooidw/Build/Intermediates.noindex/SwiftExplicitPrecompiledModules -clang-scanner-module-cache-path /Users/emreerdener/Library/Developer/Xcode/DerivedData/ModuleCache.noindex -sdk-module-cache-path /Users/emreerdener/Library/Developer/Xcode/DerivedData/ModuleCache.noindex -serialize-diagnostics -emit-dependencies -emit-module -emit-module-path /Users/emreerdener/Library/Developer/Xcode/DerivedData/Merian-bsmebnfnhwnbdncricvwvveooidw/Build/Intermediates.noindex/Merian.build/Debug-iphoneos/Merian.build/Objects-normal/arm64/Merian.swiftmodule -validate-clang-modules-once -clang-build-session-file /Users/emreerdener/Library/Developer/Xcode/DerivedData/ModuleCache.noindex/Session.modulevalidation -Xcc -I/Users/emreerdener/Library/Developer/Xcode/DerivedData/Merian-bsmebnfnhwnbdncricvwvveooidw/Build/Intermediates.noindex/Merian.build/Debug-iphoneos/Merian.build/swift-overrides.hmap -emit-const-values -Xfrontend -const-gather-protocols-file -Xfrontend /Users/emreerdener/Library/Developer/Xcode/DerivedData/Merian-bsmebnfnhwnbdncricvwvveooidw/Build/Intermediates.noindex/Merian.build/Debug-iphoneos/Merian.build/Objects-normal/arm64/Merian_const_extract_protocols.json -Xcc -iquote -Xcc /Users/emreerdener/Library/Developer/Xcode/DerivedData/Merian-bsmebnfnhwnbdncricvwvveooidw/Build/Intermediates.noindex/Merian.build/Debug-iphoneos/Merian.build/Merian-generated-files.hmap -Xcc -I/Users/emreerdener/Library/Developer/Xcode/DerivedData/Merian-bsmebnfnhwnbdncricvwvveooidw/Build/Intermediates.noindex/Merian.build/Debug-iphoneos/Merian.build/Merian-own-target-headers.hmap -Xcc -I/Users/emreerdener/Library/Developer/Xcode/DerivedData/Merian-bsmebnfnhwnbdncricvwvveooidw/Build/Intermediates.noindex/Merian.build/Debug-iphoneos/Merian.build/Merian-all-non-framework-target-headers.hmap -Xcc -ivfsoverlay -Xcc /Users/emreerdener/Library/Developer/Xcode/DerivedData/Merian-bsmebnfnhwnbdncricvwvveooidw/Build/Intermediates.noindex/Merian.build/Debug-iphoneos/Merian-dcaa609efe034fc516e3186519f37717-VFS-iphoneos/all-product-headers.yaml -Xcc -iquote -Xcc /Users/emreerdener/Library/Developer/Xcode/DerivedData/Merian-bsmebnfnhwnbdncricvwvveooidw/Build/Intermediates.noindex/Merian.build/Debug-iphoneos/Merian.build/Merian-project-headers.hmap -Xcc -I/Users/emreerdener/Library/Developer/Xcode/DerivedData/Merian-bsmebnfnhwnbdncricvwvveooidw/SourcePackages/checkouts/plcrashreporter/include -Xcc -I/Users/emreerdener/Library/Developer/Xcode/DerivedData/Merian-bsmebnfnhwnbdncricvwvveooidw/SourcePackages/checkouts/posthog-ios/vendor/libwebp -Xcc -I/Users/emreerdener/Library/Developer/Xcode/DerivedData/Merian-bsmebnfnhwnbdncricvwvveooidw/SourcePackages/checkouts/AppAuth-iOS/Sources/AppAuth -Xcc -I/Users/emreerdener/Library/Developer/Xcode/DerivedData/Merian-bsmebnfnhwnbdncricvwvveooidw/SourcePackages/checkouts/AppAuth-iOS/Sources/AppAuthCore -Xcc -I/Users/emreerdener/Library/Developer/Xcode/DerivedData/Merian-bsmebnfnhwnbdncricvwvveooidw/SourcePackages/checkouts/promises/Sources/FBLPromises/include -Xcc -I/Users/emreerdener/Library/Developer/Xcode/DerivedData/Merian-bsmebnfnhwnbdncricvwvveooidw/SourcePackages/checkouts/GoogleUtilities/GoogleUtilities/Logger/Public -Xcc -I/Users/emreerdener/Library/Developer/Xcode/DerivedData/Merian-bsmebnfnhwnbdncricvwvveooidw/SourcePackages/checkouts/GoogleUtilities/GoogleUtilities/Environment/Public -Xcc -I/Users/emreerdener/Library/Developer/Xcode/DerivedData/Merian-bsmebnfnhwnbdncricvwvveooidw/SourcePackages/checkouts/GoogleUtilities/third_party/IsAppEncrypted/Public -Xcc -I/Users/emreerdener/Library/Developer/Xcode/DerivedData/Merian-bsmebnfnhwnbdncricvwvveooidw/SourcePackages/checkouts/GoogleUtilities/GoogleUtilities/UserDefaults/Public -Xcc -I/Users/emreerdener/Library/Developer/Xcode/DerivedData/Merian-bsmebnfnhwnbdncricvwvveooidw/SourcePackages/checkouts/app-check/AppCheckCore/Sources/Public -Xcc -I/Users/emreerdener/Library/Developer/Xcode/DerivedData/Merian-bsmebnfnhwnbdncricvwvveooidw/SourcePackages/checkouts/gtm-session-fetcher/Sources/Core/Public -Xcc -I/Users/emreerdener/Library/Developer/Xcode/DerivedData/Merian-bsmebnfnhwnbdncricvwvveooidw/SourcePackages/checkouts/GoogleSignIn-iOS/GoogleSignIn/Sources/Public -Xcc -I/Users/emreerdener/Library/Developer/Xcode/DerivedData/Merian-bsmebnfnhwnbdncricvwvveooidw/Build/Products/Debug-iphoneos/include -Xcc -I/Users/emreerdener/Library/Developer/Xcode/DerivedData/Merian-bsmebnfnhwnbdncricvwvveooidw/Build/Intermediates.noindex/Merian.build/Debug-iphoneos/Merian.build/DerivedSources-normal/arm64 -Xcc -I/Users/emreerdener/Library/Developer/Xcode/DerivedData/Merian-bsmebnfnhwnbdncricvwvveooidw/Build/Intermediates.noindex/Merian.build/Debug-iphoneos/Merian.build/DerivedSources/arm64 -Xcc -I/Users/emreerdener/Library/Developer/Xcode/DerivedData/Merian-bsmebnfnhwnbdncricvwvveooidw/Build/Intermediates.noindex/Merian.build/Debug-iphoneos/Merian.build/DerivedSources -Xcc -DDEBUG\=1 -emit-objc-header -emit-objc-header-path /Users/emreerdener/Library/Developer/Xcode/DerivedData/Merian-bsmebnfnhwnbdncricvwvveooidw/Build/Intermediates.noindex/Merian.build/Debug-iphoneos/Merian.build/Objects-normal/arm64/Merian-Swift.h -working-directory /Users/emreerdener/Developer/merian -experimental-emit-module-separately -disable-cmo
/Users/emreerdener/Developer/merian/Merian/Core/Analytics/UsageManager.swift:42:18: warning: TEMPORARY OVERRIDE: Daily scan limit bypassed for testing. Remove before launch!
        #warning("TEMPORARY OVERRIDE: Daily scan limit bypassed for testing. Remove before launch!")
                 ^~~~~~~~~~~~~~~~~~~~~~~~~~~~~~~~~~~~~~~~~~~~~~~~~~~~~~~~~~~~~~~~~~~~~~~~~~~~~~~~~~ (in target 'Merian' from project 'Merian')

SwiftCompile normal arm64 Compiling\ EnvironmentContextManager.swift /Users/emreerdener/Developer/merian/Merian/Core/Hardware/EnvironmentContextManager.swift (in target 'Merian' from project 'Merian')

SwiftCompile normal arm64 /Users/emreerdener/Developer/merian/Merian/Core/Hardware/EnvironmentContextManager.swift (in target 'Merian' from project 'Merian')
    cd /Users/emreerdener/Developer/merian
    

SwiftEmitModule normal arm64 Emitting\ module\ for\ Merian (in target 'Merian' from project 'Merian')
EmitSwiftModule normal arm64 (in target 'Merian' from project 'Merian')
    cd /Users/emreerdener/Developer/merian
    
/Users/emreerdener/Developer/merian/Merian/Features/LifeList/LifeListSearchManager.swift:78:39: warning: reference to captured var 'processed' in concurrently-executing code; this is an error in the Swift 6 language mode
                self.searchableData = processed
                                      ^

SwiftDriverJobDiscovery normal arm64 Compiling EnvironmentContextManager.swift (in target 'Merian' from project 'Merian')

SwiftCompile normal arm64 Compiling\ MerianApp.swift /Users/emreerdener/Developer/merian/Merian/App/MerianApp.swift (in target 'Merian' from project 'Merian')

SwiftCompile normal arm64 /Users/emreerdener/Developer/merian/Merian/App/MerianApp.swift (in target 'Merian' from project 'Merian')
    cd /Users/emreerdener/Developer/merian
    

SwiftCompile normal arm64 Compiling\ CameraRootView.swift /Users/emreerdener/Developer/merian/Merian/Features/Camera/CameraRootView.swift (in target 'Merian' from project 'Merian')

SwiftCompile normal arm64 /Users/emreerdener/Developer/merian/Merian/Features/Camera/CameraRootView.swift (in target 'Merian' from project 'Merian')
    cd /Users/emreerdener/Developer/merian
    

SwiftCompile normal arm64 Compiling\ AppDIContainer.swift /Users/emreerdener/Developer/merian/Merian/Core/AppDIContainer.swift (in target 'Merian' from project 'Merian')

SwiftCompile normal arm64 /Users/emreerdener/Developer/merian/Merian/Core/AppDIContainer.swift (in target 'Merian' from project 'Merian')
    cd /Users/emreerdener/Developer/merian
    

SwiftCompile normal arm64 Compiling\ CameraViewModel.swift /Users/emreerdener/Developer/merian/Merian/Features/Camera/CameraViewModel.swift (in target 'Merian' from project 'Merian')

SwiftCompile normal arm64 /Users/emreerdener/Developer/merian/Merian/Features/Camera/CameraViewModel.swift (in target 'Merian' from project 'Merian')
    cd /Users/emreerdener/Developer/merian
    

SwiftDriverJobDiscovery normal arm64 Compiling MerianApp.swift (in target 'Merian' from project 'Merian')

SwiftDriverJobDiscovery normal arm64 Compiling AppDIContainer.swift (in target 'Merian' from project 'Merian')

SwiftDriverJobDiscovery normal arm64 Compiling CameraViewModel.swift (in target 'Merian' from project 'Merian')

SwiftDriverJobDiscovery normal arm64 Compiling CameraRootView.swift (in target 'Merian' from project 'Merian')

SwiftDriver\ Compilation Merian normal arm64 com.apple.xcode.tools.swift.compiler (in target 'Merian' from project 'Merian')
    cd /Users/emreerdener/Developer/merian
    builtin-Swift-Compilation -- /Applications/Xcode.app/Contents/Developer/Toolchains/XcodeDefault.xctoolchain/usr/bin/swiftc -module-name Merian -Onone -enforce-exclusivity\=checked @/Users/emreerdener/Library/Developer/Xcode/DerivedData/Merian-bsmebnfnhwnbdncricvwvveooidw/Build/Intermediates.noindex/Merian.build/Debug-iphoneos/Merian.build/Objects-normal/arm64/Merian.SwiftFileList -DDEBUG -Xcc -fmodule-map-file\=/Users/emreerdener/Library/Developer/Xcode/DerivedData/Merian-bsmebnfnhwnbdncricvwvveooidw/Build/Intermediates.noindex/GeneratedModuleMaps-iphoneos/CrashReporter.modulemap -Xcc -fmodule-map-file\=/Users/emreerdener/Library/Developer/Xcode/DerivedData/Merian-bsmebnfnhwnbdncricvwvveooidw/Build/Intermediates.noindex/GeneratedModuleMaps-iphoneos/phlibwebp.modulemap -Xcc -fmodule-map-file\=/Users/emreerdener/Library/Developer/Xcode/DerivedData/Merian-bsmebnfnhwnbdncricvwvveooidw/Build/Intermediates.noindex/GeneratedModuleMaps-iphoneos/AppAuth.modulemap -Xcc -fmodule-map-file\=/Users/emreerdener/Library/Developer/Xcode/DerivedData/Merian-bsmebnfnhwnbdncricvwvveooidw/Build/Intermediates.noindex/GeneratedModuleMaps-iphoneos/AppAuthCore.modulemap -Xcc -fmodule-map-file\=/Users/emreerdener/Library/Developer/Xcode/DerivedData/Merian-bsmebnfnhwnbdncricvwvveooidw/Build/Intermediates.noindex/GeneratedModuleMaps-iphoneos/GoogleUtilities-Logger.modulemap -Xcc -fmodule-map-file\=/Users/emreerdener/Library/Developer/Xcode/DerivedData/Merian-bsmebnfnhwnbdncricvwvveooidw/Build/Intermediates.noindex/GeneratedModuleMaps-iphoneos/GoogleUtilities-Environment.modulemap -Xcc -fmodule-map-file\=/Users/emreerdener/Library/Developer/Xcode/DerivedData/Merian-bsmebnfnhwnbdncricvwvveooidw/Build/Intermediates.noindex/GeneratedModuleMaps-iphoneos/third-party-IsAppEncrypted.modulemap -Xcc -fmodule-map-file\=/Users/emreerdener/Library/Developer/Xcode/DerivedData/Merian-bsmebnfnhwnbdncricvwvveooidw/Build/Intermediates.noindex/GeneratedModuleMaps-iphoneos/GoogleUtilities-UserDefaults.modulemap -Xcc -fmodule-map-file\=/Users/emreerdener/Library/Developer/Xcode/DerivedData/Merian-bsmebnfnhwnbdncricvwvveooidw/Build/Intermediates.noindex/GeneratedModuleMaps-iphoneos/AppCheckCore.modulemap -Xcc -fmodule-map-file\=/Users/emreerdener/Library/Developer/Xcode/DerivedData/Merian-bsmebnfnhwnbdncricvwvveooidw/Build/Intermediates.noindex/GeneratedModuleMaps-iphoneos/GTMSessionFetcherCore.modulemap -Xcc -fmodule-map-file\=/Users/emreerdener/Library/Developer/Xcode/DerivedData/Merian-bsmebnfnhwnbdncricvwvveooidw/Build/Intermediates.noindex/GeneratedModuleMaps-iphoneos/GoogleSignIn.modulemap -enable-bare-slash-regex -enable-experimental-feature DebugDescriptionMacro -sdk /Applications/Xcode.app/Contents/Developer/Platforms/iPhoneOS.platform/Developer/SDKs/iPhoneOS26.2.sdk -target arm64-apple-ios17.2 -g -module-cache-path /Users/emreerdener/Library/Developer/Xcode/DerivedData/ModuleCache.noindex -Xfrontend -serialize-debugging-options -enable-testing -index-store-path /Users/emreerdener/Library/Developer/Xcode/DerivedData/Merian-bsmebnfnhwnbdncricvwvveooidw/Index.noindex/DataStore -Xcc -D_LIBCPP_HARDENING_MODE\=_LIBCPP_HARDENING_MODE_DEBUG -swift-version 5 -I /Users/emreerdener/Library/Developer/Xcode/DerivedData/Merian-bsmebnfnhwnbdncricvwvveooidw/Build/Products/Debug-iphoneos -F /Users/emreerdener/Library/Developer/Xcode/DerivedData/Merian-bsmebnfnhwnbdncricvwvveooidw/Build/Products/Debug-iphoneos/PackageFrameworks -F /Users/emreerdener/Library/Developer/Xcode/DerivedData/Merian-bsmebnfnhwnbdncricvwvveooidw/Build/Products/Debug-iphoneos/PackageFrameworks -F /Users/emreerdener/Library/Developer/Xcode/DerivedData/Merian-bsmebnfnhwnbdncricvwvveooidw/Build/Products/Debug-iphoneos/PackageFrameworks -F /Users/emreerdener/Library/Developer/Xcode/DerivedData/Merian-bsmebnfnhwnbdncricvwvveooidw/Build/Products/Debug-iphoneos/PackageFrameworks -F /Users/emreerdener/Library/Developer/Xcode/DerivedData/Merian-bsmebnfnhwnbdncricvwvveooidw/Build/Products/Debug-iphoneos/PackageFrameworks -F /Users/emreerdener/Library/Developer/Xcode/DerivedData/Merian-bsmebnfnhwnbdncricvwvveooidw/Build/Products/Debug-iphoneos/PackageFrameworks -F /Users/emreerdener/Library/Developer/Xcode/DerivedData/Merian-bsmebnfnhwnbdncricvwvveooidw/Build/Products/Debug-iphoneos/PackageFrameworks -F /Users/emreerdener/Library/Developer/Xcode/DerivedData/Merian-bsmebnfnhwnbdncricvwvveooidw/Build/Products/Debug-iphoneos/PackageFrameworks -F /Users/emreerdener/Library/Developer/Xcode/DerivedData/Merian-bsmebnfnhwnbdncricvwvveooidw/Build/Products/Debug-iphoneos/PackageFrameworks -F /Users/emreerdener/Library/Developer/Xcode/DerivedData/Merian-bsmebnfnhwnbdncricvwvveooidw/Build/Products/Debug-iphoneos/PackageFrameworks -F /Users/emreerdener/Library/Developer/Xcode/DerivedData/Merian-bsmebnfnhwnbdncricvwvveooidw/Build/Products/Debug-iphoneos/PackageFrameworks -F /Users/emreerdener/Library/Developer/Xcode/DerivedData/Merian-bsmebnfnhwnbdncricvwvveooidw/Build/Products/Debug-iphoneos/PackageFrameworks -F /Users/emreerdener/Library/Developer/Xcode/DerivedData/Merian-bsmebnfnhwnbdncricvwvveooidw/Build/Products/Debug-iphoneos/PackageFrameworks -F /Users/emreerdener/Library/Developer/Xcode/DerivedData/Merian-bsmebnfnhwnbdncricvwvveooidw/Build/Products/Debug-iphoneos/PackageFrameworks -F /Users/emreerdener/Library/Developer/Xcode/DerivedData/Merian-bsmebnfnhwnbdncricvwvveooidw/Build/Products/Debug-iphoneos/PackageFrameworks -F /Users/emreerdener/Library/Developer/Xcode/DerivedData/Merian-bsmebnfnhwnbdncricvwvveooidw/Build/Products/Debug-iphoneos/PackageFrameworks -F /Users/emreerdener/Library/Developer/Xcode/DerivedData/Merian-bsmebnfnhwnbdncricvwvveooidw/Build/Products/Debug-iphoneos/PackageFrameworks -F /Users/emreerdener/Library/Developer/Xcode/DerivedData/Merian-bsmebnfnhwnbdncricvwvveooidw/Build/Products/Debug-iphoneos/PackageFrameworks -F /Users/emreerdener/Library/Developer/Xcode/DerivedData/Merian-bsmebnfnhwnbdncricvwvveooidw/Build/Products/Debug-iphoneos/PackageFrameworks -F /Users/emreerdener/Library/Developer/Xcode/DerivedData/Merian-bsmebnfnhwnbdncricvwvveooidw/Build/Products/Debug-iphoneos/PackageFrameworks -F /Users/emreerdener/Library/Developer/Xcode/DerivedData/Merian-bsmebnfnhwnbdncricvwvveooidw/Build/Products/Debug-iphoneos/PackageFrameworks -F /Users/emreerdener/Library/Developer/Xcode/DerivedData/Merian-bsmebnfnhwnbdncricvwvveooidw/Build/Products/Debug-iphoneos/PackageFrameworks -F /Users/emreerdener/Library/Developer/Xcode/DerivedData/Merian-bsmebnfnhwnbdncricvwvveooidw/Build/Products/Debug-iphoneos/PackageFrameworks -F /Users/emreerdener/Library/Developer/Xcode/DerivedData/Merian-bsmebnfnhwnbdncricvwvveooidw/Build/Products/Debug-iphoneos/PackageFrameworks -F /Users/emreerdener/Library/Developer/Xcode/DerivedData/Merian-bsmebnfnhwnbdncricvwvveooidw/Build/Products/Debug-iphoneos/PackageFrameworks -F /Users/emreerdener/Library/Developer/Xcode/DerivedData/Merian-bsmebnfnhwnbdncricvwvveooidw/Build/Products/Debug-iphoneos/PackageFrameworks -F /Users/emreerdener/Library/Developer/Xcode/DerivedData/Merian-bsmebnfnhwnbdncricvwvveooidw/Build/Products/Debug-iphoneos/PackageFrameworks -F /Users/emreerdener/Library/Developer/Xcode/DerivedData/Merian-bsmebnfnhwnbdncricvwvveooidw/Build/Products/Debug-iphoneos/PackageFrameworks -F /Users/emreerdener/Library/Developer/Xcode/DerivedData/Merian-bsmebnfnhwnbdncricvwvveooidw/Build/Products/Debug-iphoneos/PackageFrameworks -F /Users/emreerdener/Library/Developer/Xcode/DerivedData/Merian-bsmebnfnhwnbdncricvwvveooidw/Build/Products/Debug-iphoneos/PackageFrameworks -F /Users/emreerdener/Library/Developer/Xcode/DerivedData/Merian-bsmebnfnhwnbdncricvwvveooidw/Build/Products/Debug-iphoneos -c -j10 -enable-batch-mode -incremental -Xcc -ivfsstatcache -Xcc /Users/emreerdener/Library/Developer/Xcode/DerivedData/SDKStatCaches.noindex/iphoneos26.2-23C57-3794476bd08197c3e2abd9bb477ef7f7.sdkstatcache -output-file-map /Users/emreerdener/Library/Developer/Xcode/DerivedData/Merian-bsmebnfnhwnbdncricvwvveooidw/Build/Intermediates.noindex/Merian.build/Debug-iphoneos/Merian.build/Objects-normal/arm64/Merian-OutputFileMap.json -use-frontend-parseable-output -save-temps -no-color-diagnostics -explicit-module-build -module-cache-path /Users/emreerdener/Library/Developer/Xcode/DerivedData/Merian-bsmebnfnhwnbdncricvwvveooidw/Build/Intermediates.noindex/SwiftExplicitPrecompiledModules -clang-scanner-module-cache-path /Users/emreerdener/Library/Developer/Xcode/DerivedData/ModuleCache.noindex -sdk-module-cache-path /Users/emreerdener/Library/Developer/Xcode/DerivedData/ModuleCache.noindex -serialize-diagnostics -emit-dependencies -emit-module -emit-module-path /Users/emreerdener/Library/Developer/Xcode/DerivedData/Merian-bsmebnfnhwnbdncricvwvveooidw/Build/Intermediates.noindex/Merian.build/Debug-iphoneos/Merian.build/Objects-normal/arm64/Merian.swiftmodule -validate-clang-modules-once -clang-build-session-file /Users/emreerdener/Library/Developer/Xcode/DerivedData/ModuleCache.noindex/Session.modulevalidation -Xcc -I/Users/emreerdener/Library/Developer/Xcode/DerivedData/Merian-bsmebnfnhwnbdncricvwvveooidw/Build/Intermediates.noindex/Merian.build/Debug-iphoneos/Merian.build/swift-overrides.hmap -emit-const-values -Xfrontend -const-gather-protocols-file -Xfrontend /Users/emreerdener/Library/Developer/Xcode/DerivedData/Merian-bsmebnfnhwnbdncricvwvveooidw/Build/Intermediates.noindex/Merian.build/Debug-iphoneos/Merian.build/Objects-normal/arm64/Merian_const_extract_protocols.json -Xcc -iquote -Xcc /Users/emreerdener/Library/Developer/Xcode/DerivedData/Merian-bsmebnfnhwnbdncricvwvveooidw/Build/Intermediates.noindex/Merian.build/Debug-iphoneos/Merian.build/Merian-generated-files.hmap -Xcc -I/Users/emreerdener/Library/Developer/Xcode/DerivedData/Merian-bsmebnfnhwnbdncricvwvveooidw/Build/Intermediates.noindex/Merian.build/Debug-iphoneos/Merian.build/Merian-own-target-headers.hmap -Xcc -I/Users/emreerdener/Library/Developer/Xcode/DerivedData/Merian-bsmebnfnhwnbdncricvwvveooidw/Build/Intermediates.noindex/Merian.build/Debug-iphoneos/Merian.build/Merian-all-non-framework-target-headers.hmap -Xcc -ivfsoverlay -Xcc /Users/emreerdener/Library/Developer/Xcode/DerivedData/Merian-bsmebnfnhwnbdncricvwvveooidw/Build/Intermediates.noindex/Merian.build/Debug-iphoneos/Merian-dcaa609efe034fc516e3186519f37717-VFS-iphoneos/all-product-headers.yaml -Xcc -iquote -Xcc /Users/emreerdener/Library/Developer/Xcode/DerivedData/Merian-bsmebnfnhwnbdncricvwvveooidw/Build/Intermediates.noindex/Merian.build/Debug-iphoneos/Merian.build/Merian-project-headers.hmap -Xcc -I/Users/emreerdener/Library/Developer/Xcode/DerivedData/Merian-bsmebnfnhwnbdncricvwvveooidw/SourcePackages/checkouts/plcrashreporter/include -Xcc -I/Users/emreerdener/Library/Developer/Xcode/DerivedData/Merian-bsmebnfnhwnbdncricvwvveooidw/SourcePackages/checkouts/posthog-ios/vendor/libwebp -Xcc -I/Users/emreerdener/Library/Developer/Xcode/DerivedData/Merian-bsmebnfnhwnbdncricvwvveooidw/SourcePackages/checkouts/AppAuth-iOS/Sources/AppAuth -Xcc -I/Users/emreerdener/Library/Developer/Xcode/DerivedData/Merian-bsmebnfnhwnbdncricvwvveooidw/SourcePackages/checkouts/AppAuth-iOS/Sources/AppAuthCore -Xcc -I/Users/emreerdener/Library/Developer/Xcode/DerivedData/Merian-bsmebnfnhwnbdncricvwvveooidw/SourcePackages/checkouts/promises/Sources/FBLPromises/include -Xcc -I/Users/emreerdener/Library/Developer/Xcode/DerivedData/Merian-bsmebnfnhwnbdncricvwvveooidw/SourcePackages/checkouts/GoogleUtilities/GoogleUtilities/Logger/Public -Xcc -I/Users/emreerdener/Library/Developer/Xcode/DerivedData/Merian-bsmebnfnhwnbdncricvwvveooidw/SourcePackages/checkouts/GoogleUtilities/GoogleUtilities/Environment/Public -Xcc -I/Users/emreerdener/Library/Developer/Xcode/DerivedData/Merian-bsmebnfnhwnbdncricvwvveooidw/SourcePackages/checkouts/GoogleUtilities/third_party/IsAppEncrypted/Public -Xcc -I/Users/emreerdener/Library/Developer/Xcode/DerivedData/Merian-bsmebnfnhwnbdncricvwvveooidw/SourcePackages/checkouts/GoogleUtilities/GoogleUtilities/UserDefaults/Public -Xcc -I/Users/emreerdener/Library/Developer/Xcode/DerivedData/Merian-bsmebnfnhwnbdncricvwvveooidw/SourcePackages/checkouts/app-check/AppCheckCore/Sources/Public -Xcc -I/Users/emreerdener/Library/Developer/Xcode/DerivedData/Merian-bsmebnfnhwnbdncricvwvveooidw/SourcePackages/checkouts/gtm-session-fetcher/Sources/Core/Public -Xcc -I/Users/emreerdener/Library/Developer/Xcode/DerivedData/Merian-bsmebnfnhwnbdncricvwvveooidw/SourcePackages/checkouts/GoogleSignIn-iOS/GoogleSignIn/Sources/Public -Xcc -I/Users/emreerdener/Library/Developer/Xcode/DerivedData/Merian-bsmebnfnhwnbdncricvwvveooidw/Build/Products/Debug-iphoneos/include -Xcc -I/Users/emreerdener/Library/Developer/Xcode/DerivedData/Merian-bsmebnfnhwnbdncricvwvveooidw/Build/Intermediates.noindex/Merian.build/Debug-iphoneos/Merian.build/DerivedSources-normal/arm64 -Xcc -I/Users/emreerdener/Library/Developer/Xcode/DerivedData/Merian-bsmebnfnhwnbdncricvwvveooidw/Build/Intermediates.noindex/Merian.build/Debug-iphoneos/Merian.build/DerivedSources/arm64 -Xcc -I/Users/emreerdener/Library/Developer/Xcode/DerivedData/Merian-bsmebnfnhwnbdncricvwvveooidw/Build/Intermediates.noindex/Merian.build/Debug-iphoneos/Merian.build/DerivedSources -Xcc -DDEBUG\=1 -emit-objc-header -emit-objc-header-path /Users/emreerdener/Library/Developer/Xcode/DerivedData/Merian-bsmebnfnhwnbdncricvwvveooidw/Build/Intermediates.noindex/Merian.build/Debug-iphoneos/Merian.build/Objects-normal/arm64/Merian-Swift.h -working-directory /Users/emreerdener/Developer/merian -experimental-emit-module-separately -disable-cmo

SwiftDriverJobDiscovery normal arm64 Emitting module for Merian (in target 'Merian' from project 'Merian')

SwiftDriver\ Compilation\ Requirements Merian normal arm64 com.apple.xcode.tools.swift.compiler (in target 'Merian' from project 'Merian')
    cd /Users/emreerdener/Developer/merian
    builtin-Swift-Compilation-Requirements -- /Applications/Xcode.app/Contents/Developer/Toolchains/XcodeDefault.xctoolchain/usr/bin/swiftc -module-name Merian -Onone -enforce-exclusivity\=checked @/Users/emreerdener/Library/Developer/Xcode/DerivedData/Merian-bsmebnfnhwnbdncricvwvveooidw/Build/Intermediates.noindex/Merian.build/Debug-iphoneos/Merian.build/Objects-normal/arm64/Merian.SwiftFileList -DDEBUG -Xcc -fmodule-map-file\=/Users/emreerdener/Library/Developer/Xcode/DerivedData/Merian-bsmebnfnhwnbdncricvwvveooidw/Build/Intermediates.noindex/GeneratedModuleMaps-iphoneos/CrashReporter.modulemap -Xcc -fmodule-map-file\=/Users/emreerdener/Library/Developer/Xcode/DerivedData/Merian-bsmebnfnhwnbdncricvwvveooidw/Build/Intermediates.noindex/GeneratedModuleMaps-iphoneos/phlibwebp.modulemap -Xcc -fmodule-map-file\=/Users/emreerdener/Library/Developer/Xcode/DerivedData/Merian-bsmebnfnhwnbdncricvwvveooidw/Build/Intermediates.noindex/GeneratedModuleMaps-iphoneos/AppAuth.modulemap -Xcc -fmodule-map-file\=/Users/emreerdener/Library/Developer/Xcode/DerivedData/Merian-bsmebnfnhwnbdncricvwvveooidw/Build/Intermediates.noindex/GeneratedModuleMaps-iphoneos/AppAuthCore.modulemap -Xcc -fmodule-map-file\=/Users/emreerdener/Library/Developer/Xcode/DerivedData/Merian-bsmebnfnhwnbdncricvwvveooidw/Build/Intermediates.noindex/GeneratedModuleMaps-iphoneos/GoogleUtilities-Logger.modulemap -Xcc -fmodule-map-file\=/Users/emreerdener/Library/Developer/Xcode/DerivedData/Merian-bsmebnfnhwnbdncricvwvveooidw/Build/Intermediates.noindex/GeneratedModuleMaps-iphoneos/GoogleUtilities-Environment.modulemap -Xcc -fmodule-map-file\=/Users/emreerdener/Library/Developer/Xcode/DerivedData/Merian-bsmebnfnhwnbdncricvwvveooidw/Build/Intermediates.noindex/GeneratedModuleMaps-iphoneos/third-party-IsAppEncrypted.modulemap -Xcc -fmodule-map-file\=/Users/emreerdener/Library/Developer/Xcode/DerivedData/Merian-bsmebnfnhwnbdncricvwvveooidw/Build/Intermediates.noindex/GeneratedModuleMaps-iphoneos/GoogleUtilities-UserDefaults.modulemap -Xcc -fmodule-map-file\=/Users/emreerdener/Library/Developer/Xcode/DerivedData/Merian-bsmebnfnhwnbdncricvwvveooidw/Build/Intermediates.noindex/GeneratedModuleMaps-iphoneos/AppCheckCore.modulemap -Xcc -fmodule-map-file\=/Users/emreerdener/Library/Developer/Xcode/DerivedData/Merian-bsmebnfnhwnbdncricvwvveooidw/Build/Intermediates.noindex/GeneratedModuleMaps-iphoneos/GTMSessionFetcherCore.modulemap -Xcc -fmodule-map-file\=/Users/emreerdener/Library/Developer/Xcode/DerivedData/Merian-bsmebnfnhwnbdncricvwvveooidw/Build/Intermediates.noindex/GeneratedModuleMaps-iphoneos/GoogleSignIn.modulemap -enable-bare-slash-regex -enable-experimental-feature DebugDescriptionMacro -sdk /Applications/Xcode.app/Contents/Developer/Platforms/iPhoneOS.platform/Developer/SDKs/iPhoneOS26.2.sdk -target arm64-apple-ios17.2 -g -module-cache-path /Users/emreerdener/Library/Developer/Xcode/DerivedData/ModuleCache.noindex -Xfrontend -serialize-debugging-options -enable-testing -index-store-path /Users/emreerdener/Library/Developer/Xcode/DerivedData/Merian-bsmebnfnhwnbdncricvwvveooidw/Index.noindex/DataStore -Xcc -D_LIBCPP_HARDENING_MODE\=_LIBCPP_HARDENING_MODE_DEBUG -swift-version 5 -I /Users/emreerdener/Library/Developer/Xcode/DerivedData/Merian-bsmebnfnhwnbdncricvwvveooidw/Build/Products/Debug-iphoneos -F /Users/emreerdener/Library/Developer/Xcode/DerivedData/Merian-bsmebnfnhwnbdncricvwvveooidw/Build/Products/Debug-iphoneos/PackageFrameworks -F /Users/emreerdener/Library/Developer/Xcode/DerivedData/Merian-bsmebnfnhwnbdncricvwvveooidw/Build/Products/Debug-iphoneos/PackageFrameworks -F /Users/emreerdener/Library/Developer/Xcode/DerivedData/Merian-bsmebnfnhwnbdncricvwvveooidw/Build/Products/Debug-iphoneos/PackageFrameworks -F /Users/emreerdener/Library/Developer/Xcode/DerivedData/Merian-bsmebnfnhwnbdncricvwvveooidw/Build/Products/Debug-iphoneos/PackageFrameworks -F /Users/emreerdener/Library/Developer/Xcode/DerivedData/Merian-bsmebnfnhwnbdncricvwvveooidw/Build/Products/Debug-iphoneos/PackageFrameworks -F /Users/emreerdener/Library/Developer/Xcode/DerivedData/Merian-bsmebnfnhwnbdncricvwvveooidw/Build/Products/Debug-iphoneos/PackageFrameworks -F /Users/emreerdener/Library/Developer/Xcode/DerivedData/Merian-bsmebnfnhwnbdncricvwvveooidw/Build/Products/Debug-iphoneos/PackageFrameworks -F /Users/emreerdener/Library/Developer/Xcode/DerivedData/Merian-bsmebnfnhwnbdncricvwvveooidw/Build/Products/Debug-iphoneos/PackageFrameworks -F /Users/emreerdener/Library/Developer/Xcode/DerivedData/Merian-bsmebnfnhwnbdncricvwvveooidw/Build/Products/Debug-iphoneos/PackageFrameworks -F /Users/emreerdener/Library/Developer/Xcode/DerivedData/Merian-bsmebnfnhwnbdncricvwvveooidw/Build/Products/Debug-iphoneos/PackageFrameworks -F /Users/emreerdener/Library/Developer/Xcode/DerivedData/Merian-bsmebnfnhwnbdncricvwvveooidw/Build/Products/Debug-iphoneos/PackageFrameworks -F /Users/emreerdener/Library/Developer/Xcode/DerivedData/Merian-bsmebnfnhwnbdncricvwvveooidw/Build/Products/Debug-iphoneos/PackageFrameworks -F /Users/emreerdener/Library/Developer/Xcode/DerivedData/Merian-bsmebnfnhwnbdncricvwvveooidw/Build/Products/Debug-iphoneos/PackageFrameworks -F /Users/emreerdener/Library/Developer/Xcode/DerivedData/Merian-bsmebnfnhwnbdncricvwvveooidw/Build/Products/Debug-iphoneos/PackageFrameworks -F /Users/emreerdener/Library/Developer/Xcode/DerivedData/Merian-bsmebnfnhwnbdncricvwvveooidw/Build/Products/Debug-iphoneos/PackageFrameworks -F /Users/emreerdener/Library/Developer/Xcode/DerivedData/Merian-bsmebnfnhwnbdncricvwvveooidw/Build/Products/Debug-iphoneos/PackageFrameworks -F /Users/emreerdener/Library/Developer/Xcode/DerivedData/Merian-bsmebnfnhwnbdncricvwvveooidw/Build/Products/Debug-iphoneos/PackageFrameworks -F /Users/emreerdener/Library/Developer/Xcode/DerivedData/Merian-bsmebnfnhwnbdncricvwvveooidw/Build/Products/Debug-iphoneos/PackageFrameworks -F /Users/emreerdener/Library/Developer/Xcode/DerivedData/Merian-bsmebnfnhwnbdncricvwvveooidw/Build/Products/Debug-iphoneos/PackageFrameworks -F /Users/emreerdener/Library/Developer/Xcode/DerivedData/Merian-bsmebnfnhwnbdncricvwvveooidw/Build/Products/Debug-iphoneos/PackageFrameworks -F /Users/emreerdener/Library/Developer/Xcode/DerivedData/Merian-bsmebnfnhwnbdncricvwvveooidw/Build/Products/Debug-iphoneos/PackageFrameworks -F /Users/emreerdener/Library/Developer/Xcode/DerivedData/Merian-bsmebnfnhwnbdncricvwvveooidw/Build/Products/Debug-iphoneos/PackageFrameworks -F /Users/emreerdener/Library/Developer/Xcode/DerivedData/Merian-bsmebnfnhwnbdncricvwvveooidw/Build/Products/Debug-iphoneos/PackageFrameworks -F /Users/emreerdener/Library/Developer/Xcode/DerivedData/Merian-bsmebnfnhwnbdncricvwvveooidw/Build/Products/Debug-iphoneos/PackageFrameworks -F /Users/emreerdener/Library/Developer/Xcode/DerivedData/Merian-bsmebnfnhwnbdncricvwvveooidw/Build/Products/Debug-iphoneos/PackageFrameworks -F /Users/emreerdener/Library/Developer/Xcode/DerivedData/Merian-bsmebnfnhwnbdncricvwvveooidw/Build/Products/Debug-iphoneos/PackageFrameworks -F /Users/emreerdener/Library/Developer/Xcode/DerivedData/Merian-bsmebnfnhwnbdncricvwvveooidw/Build/Products/Debug-iphoneos/PackageFrameworks -F /Users/emreerdener/Library/Developer/Xcode/DerivedData/Merian-bsmebnfnhwnbdncricvwvveooidw/Build/Products/Debug-iphoneos/PackageFrameworks -F /Users/emreerdener/Library/Developer/Xcode/DerivedData/Merian-bsmebnfnhwnbdncricvwvveooidw/Build/Products/Debug-iphoneos/PackageFrameworks -F /Users/emreerdener/Library/Developer/Xcode/DerivedData/Merian-bsmebnfnhwnbdncricvwvveooidw/Build/Products/Debug-iphoneos/PackageFrameworks -F /Users/emreerdener/Library/Developer/Xcode/DerivedData/Merian-bsmebnfnhwnbdncricvwvveooidw/Build/Products/Debug-iphoneos -c -j10 -enable-batch-mode -incremental -Xcc -ivfsstatcache -Xcc /Users/emreerdener/Library/Developer/Xcode/DerivedData/SDKStatCaches.noindex/iphoneos26.2-23C57-3794476bd08197c3e2abd9bb477ef7f7.sdkstatcache -output-file-map /Users/emreerdener/Library/Developer/Xcode/DerivedData/Merian-bsmebnfnhwnbdncricvwvveooidw/Build/Intermediates.noindex/Merian.build/Debug-iphoneos/Merian.build/Objects-normal/arm64/Merian-OutputFileMap.json -use-frontend-parseable-output -save-temps -no-color-diagnostics -explicit-module-build -module-cache-path /Users/emreerdener/Library/Developer/Xcode/DerivedData/Merian-bsmebnfnhwnbdncricvwvveooidw/Build/Intermediates.noindex/SwiftExplicitPrecompiledModules -clang-scanner-module-cache-path /Users/emreerdener/Library/Developer/Xcode/DerivedData/ModuleCache.noindex -sdk-module-cache-path /Users/emreerdener/Library/Developer/Xcode/DerivedData/ModuleCache.noindex -serialize-diagnostics -emit-dependencies -emit-module -emit-module-path /Users/emreerdener/Library/Developer/Xcode/DerivedData/Merian-bsmebnfnhwnbdncricvwvveooidw/Build/Intermediates.noindex/Merian.build/Debug-iphoneos/Merian.build/Objects-normal/arm64/Merian.swiftmodule -validate-clang-modules-once -clang-build-session-file /Users/emreerdener/Library/Developer/Xcode/DerivedData/ModuleCache.noindex/Session.modulevalidation -Xcc -I/Users/emreerdener/Library/Developer/Xcode/DerivedData/Merian-bsmebnfnhwnbdncricvwvveooidw/Build/Intermediates.noindex/Merian.build/Debug-iphoneos/Merian.build/swift-overrides.hmap -emit-const-values -Xfrontend -const-gather-protocols-file -Xfrontend /Users/emreerdener/Library/Developer/Xcode/DerivedData/Merian-bsmebnfnhwnbdncricvwvveooidw/Build/Intermediates.noindex/Merian.build/Debug-iphoneos/Merian.build/Objects-normal/arm64/Merian_const_extract_protocols.json -Xcc -iquote -Xcc /Users/emreerdener/Library/Developer/Xcode/DerivedData/Merian-bsmebnfnhwnbdncricvwvveooidw/Build/Intermediates.noindex/Merian.build/Debug-iphoneos/Merian.build/Merian-generated-files.hmap -Xcc -I/Users/emreerdener/Library/Developer/Xcode/DerivedData/Merian-bsmebnfnhwnbdncricvwvveooidw/Build/Intermediates.noindex/Merian.build/Debug-iphoneos/Merian.build/Merian-own-target-headers.hmap -Xcc -I/Users/emreerdener/Library/Developer/Xcode/DerivedData/Merian-bsmebnfnhwnbdncricvwvveooidw/Build/Intermediates.noindex/Merian.build/Debug-iphoneos/Merian.build/Merian-all-non-framework-target-headers.hmap -Xcc -ivfsoverlay -Xcc /Users/emreerdener/Library/Developer/Xcode/DerivedData/Merian-bsmebnfnhwnbdncricvwvveooidw/Build/Intermediates.noindex/Merian.build/Debug-iphoneos/Merian-dcaa609efe034fc516e3186519f37717-VFS-iphoneos/all-product-headers.yaml -Xcc -iquote -Xcc /Users/emreerdener/Library/Developer/Xcode/DerivedData/Merian-bsmebnfnhwnbdncricvwvveooidw/Build/Intermediates.noindex/Merian.build/Debug-iphoneos/Merian.build/Merian-project-headers.hmap -Xcc -I/Users/emreerdener/Library/Developer/Xcode/DerivedData/Merian-bsmebnfnhwnbdncricvwvveooidw/SourcePackages/checkouts/plcrashreporter/include -Xcc -I/Users/emreerdener/Library/Developer/Xcode/DerivedData/Merian-bsmebnfnhwnbdncricvwvveooidw/SourcePackages/checkouts/posthog-ios/vendor/libwebp -Xcc -I/Users/emreerdener/Library/Developer/Xcode/DerivedData/Merian-bsmebnfnhwnbdncricvwvveooidw/SourcePackages/checkouts/AppAuth-iOS/Sources/AppAuth -Xcc -I/Users/emreerdener/Library/Developer/Xcode/DerivedData/Merian-bsmebnfnhwnbdncricvwvveooidw/SourcePackages/checkouts/AppAuth-iOS/Sources/AppAuthCore -Xcc -I/Users/emreerdener/Library/Developer/Xcode/DerivedData/Merian-bsmebnfnhwnbdncricvwvveooidw/SourcePackages/checkouts/promises/Sources/FBLPromises/include -Xcc -I/Users/emreerdener/Library/Developer/Xcode/DerivedData/Merian-bsmebnfnhwnbdncricvwvveooidw/SourcePackages/checkouts/GoogleUtilities/GoogleUtilities/Logger/Public -Xcc -I/Users/emreerdener/Library/Developer/Xcode/DerivedData/Merian-bsmebnfnhwnbdncricvwvveooidw/SourcePackages/checkouts/GoogleUtilities/GoogleUtilities/Environment/Public -Xcc -I/Users/emreerdener/Library/Developer/Xcode/DerivedData/Merian-bsmebnfnhwnbdncricvwvveooidw/SourcePackages/checkouts/GoogleUtilities/third_party/IsAppEncrypted/Public -Xcc -I/Users/emreerdener/Library/Developer/Xcode/DerivedData/Merian-bsmebnfnhwnbdncricvwvveooidw/SourcePackages/checkouts/GoogleUtilities/GoogleUtilities/UserDefaults/Public -Xcc -I/Users/emreerdener/Library/Developer/Xcode/DerivedData/Merian-bsmebnfnhwnbdncricvwvveooidw/SourcePackages/checkouts/app-check/AppCheckCore/Sources/Public -Xcc -I/Users/emreerdener/Library/Developer/Xcode/DerivedData/Merian-bsmebnfnhwnbdncricvwvveooidw/SourcePackages/checkouts/gtm-session-fetcher/Sources/Core/Public -Xcc -I/Users/emreerdener/Library/Developer/Xcode/DerivedData/Merian-bsmebnfnhwnbdncricvwvveooidw/SourcePackages/checkouts/GoogleSignIn-iOS/GoogleSignIn/Sources/Public -Xcc -I/Users/emreerdener/Library/Developer/Xcode/DerivedData/Merian-bsmebnfnhwnbdncricvwvveooidw/Build/Products/Debug-iphoneos/include -Xcc -I/Users/emreerdener/Library/Developer/Xcode/DerivedData/Merian-bsmebnfnhwnbdncricvwvveooidw/Build/Intermediates.noindex/Merian.build/Debug-iphoneos/Merian.build/DerivedSources-normal/arm64 -Xcc -I/Users/emreerdener/Library/Developer/Xcode/DerivedData/Merian-bsmebnfnhwnbdncricvwvveooidw/Build/Intermediates.noindex/Merian.build/Debug-iphoneos/Merian.build/DerivedSources/arm64 -Xcc -I/Users/emreerdener/Library/Developer/Xcode/DerivedData/Merian-bsmebnfnhwnbdncricvwvveooidw/Build/Intermediates.noindex/Merian.build/Debug-iphoneos/Merian.build/DerivedSources -Xcc -DDEBUG\=1 -emit-objc-header -emit-objc-header-path /Users/emreerdener/Library/Developer/Xcode/DerivedData/Merian-bsmebnfnhwnbdncricvwvveooidw/Build/Intermediates.noindex/Merian.build/Debug-iphoneos/Merian.build/Objects-normal/arm64/Merian-Swift.h -working-directory /Users/emreerdener/Developer/merian -experimental-emit-module-separately -disable-cmo

Copy /Users/emreerdener/Library/Developer/Xcode/DerivedData/Merian-bsmebnfnhwnbdncricvwvveooidw/Build/Products/Debug-iphoneos/Merian.swiftmodule/arm64-apple-ios.swiftmodule /Users/emreerdener/Library/Developer/Xcode/DerivedData/Merian-bsmebnfnhwnbdncricvwvveooidw/Build/Intermediates.noindex/Merian.build/Debug-iphoneos/Merian.build/Objects-normal/arm64/Merian.swiftmodule (in target 'Merian' from project 'Merian')
    cd /Users/emreerdener/Developer/merian
    builtin-copy -exclude .DS_Store -exclude CVS -exclude .svn -exclude .git -exclude .hg -resolve-src-symlinks -rename /Users/emreerdener/Library/Developer/Xcode/DerivedData/Merian-bsmebnfnhwnbdncricvwvveooidw/Build/Intermediates.noindex/Merian.build/Debug-iphoneos/Merian.build/Objects-normal/arm64/Merian.swiftmodule /Users/emreerdener/Library/Developer/Xcode/DerivedData/Merian-bsmebnfnhwnbdncricvwvveooidw/Build/Products/Debug-iphoneos/Merian.swiftmodule/arm64-apple-ios.swiftmodule

Copy /Users/emreerdener/Library/Developer/Xcode/DerivedData/Merian-bsmebnfnhwnbdncricvwvveooidw/Build/Products/Debug-iphoneos/Merian.swiftmodule/arm64-apple-ios.abi.json /Users/emreerdener/Library/Developer/Xcode/DerivedData/Merian-bsmebnfnhwnbdncricvwvveooidw/Build/Intermediates.noindex/Merian.build/Debug-iphoneos/Merian.build/Objects-normal/arm64/Merian.abi.json (in target 'Merian' from project 'Merian')
    cd /Users/emreerdener/Developer/merian
    builtin-copy -exclude .DS_Store -exclude CVS -exclude .svn -exclude .git -exclude .hg -resolve-src-symlinks -rename /Users/emreerdener/Library/Developer/Xcode/DerivedData/Merian-bsmebnfnhwnbdncricvwvveooidw/Build/Intermediates.noindex/Merian.build/Debug-iphoneos/Merian.build/Objects-normal/arm64/Merian.abi.json /Users/emreerdener/Library/Developer/Xcode/DerivedData/Merian-bsmebnfnhwnbdncricvwvveooidw/Build/Products/Debug-iphoneos/Merian.swiftmodule/arm64-apple-ios.abi.json

Copy /Users/emreerdener/Library/Developer/Xcode/DerivedData/Merian-bsmebnfnhwnbdncricvwvveooidw/Build/Products/Debug-iphoneos/Merian.swiftmodule/Project/arm64-apple-ios.swiftsourceinfo /Users/emreerdener/Library/Developer/Xcode/DerivedData/Merian-bsmebnfnhwnbdncricvwvveooidw/Build/Intermediates.noindex/Merian.build/Debug-iphoneos/Merian.build/Objects-normal/arm64/Merian.swiftsourceinfo (in target 'Merian' from project 'Merian')
    cd /Users/emreerdener/Developer/merian
    builtin-copy -exclude .DS_Store -exclude CVS -exclude .svn -exclude .git -exclude .hg -resolve-src-symlinks -rename /Users/emreerdener/Library/Developer/Xcode/DerivedData/Merian-bsmebnfnhwnbdncricvwvveooidw/Build/Intermediates.noindex/Merian.build/Debug-iphoneos/Merian.build/Objects-normal/arm64/Merian.swiftsourceinfo /Users/emreerdener/Library/Developer/Xcode/DerivedData/Merian-bsmebnfnhwnbdncricvwvveooidw/Build/Products/Debug-iphoneos/Merian.swiftmodule/Project/arm64-apple-ios.swiftsourceinfo

Ld /Users/emreerdener/Library/Developer/Xcode/DerivedData/Merian-bsmebnfnhwnbdncricvwvveooidw/Build/Products/Debug-iphoneos/Merian.app/Merian.debug.dylib normal (in target 'Merian' from project 'Merian')
    cd /Users/emreerdener/Developer/merian
    /Applications/Xcode.app/Contents/Developer/Toolchains/XcodeDefault.xctoolchain/usr/bin/clang -Xlinker -reproducible -target arm64-apple-ios17.2 -dynamiclib -isysroot /Applications/Xcode.app/Contents/Developer/Platforms/iPhoneOS.platform/Developer/SDKs/iPhoneOS26.2.sdk -O0 -L/Users/emreerdener/Library/Developer/Xcode/DerivedData/Merian-bsmebnfnhwnbdncricvwvveooidw/Build/Intermediates.noindex/EagerLinkingTBDs/Debug-iphoneos -L/Users/emreerdener/Library/Developer/Xcode/DerivedData/Merian-bsmebnfnhwnbdncricvwvveooidw/Build/Products/Debug-iphoneos -F/Users/emreerdener/Library/Developer/Xcode/DerivedData/Merian-bsmebnfnhwnbdncricvwvveooidw/Build/Intermediates.noindex/EagerLinkingTBDs/Debug-iphoneos -F/Users/emreerdener/Library/Developer/Xcode/DerivedData/Merian-bsmebnfnhwnbdncricvwvveooidw/Build/Products/Debug-iphoneos/PackageFrameworks -F/Users/emreerdener/Library/Developer/Xcode/DerivedData/Merian-bsmebnfnhwnbdncricvwvveooidw/Build/Products/Debug-iphoneos/PackageFrameworks -F/Users/emreerdener/Library/Developer/Xcode/DerivedData/Merian-bsmebnfnhwnbdncricvwvveooidw/Build/Products/Debug-iphoneos/PackageFrameworks -F/Users/emreerdener/Library/Developer/Xcode/DerivedData/Merian-bsmebnfnhwnbdncricvwvveooidw/Build/Products/Debug-iphoneos/PackageFrameworks -F/Users/emreerdener/Library/Developer/Xcode/DerivedData/Merian-bsmebnfnhwnbdncricvwvveooidw/Build/Products/Debug-iphoneos/PackageFrameworks -F/Users/emreerdener/Library/Developer/Xcode/DerivedData/Merian-bsmebnfnhwnbdncricvwvveooidw/Build/Products/Debug-iphoneos/PackageFrameworks -F/Users/emreerdener/Library/Developer/Xcode/DerivedData/Merian-bsmebnfnhwnbdncricvwvveooidw/Build/Products/Debug-iphoneos/PackageFrameworks -F/Users/emreerdener/Library/Developer/Xcode/DerivedData/Merian-bsmebnfnhwnbdncricvwvveooidw/Build/Products/Debug-iphoneos/PackageFrameworks -F/Users/emreerdener/Library/Developer/Xcode/DerivedData/Merian-bsmebnfnhwnbdncricvwvveooidw/Build/Products/Debug-iphoneos/PackageFrameworks -F/Users/emreerdener/Library/Developer/Xcode/DerivedData/Merian-bsmebnfnhwnbdncricvwvveooidw/Build/Products/Debug-iphoneos/PackageFrameworks -F/Users/emreerdener/Library/Developer/Xcode/DerivedData/Merian-bsmebnfnhwnbdncricvwvveooidw/Build/Products/Debug-iphoneos/PackageFrameworks -F/Users/emreerdener/Library/Developer/Xcode/DerivedData/Merian-bsmebnfnhwnbdncricvwvveooidw/Build/Products/Debug-iphoneos/PackageFrameworks -F/Users/emreerdener/Library/Developer/Xcode/DerivedData/Merian-bsmebnfnhwnbdncricvwvveooidw/Build/Products/Debug-iphoneos/PackageFrameworks -F/Users/emreerdener/Library/Developer/Xcode/DerivedData/Merian-bsmebnfnhwnbdncricvwvveooidw/Build/Products/Debug-iphoneos/PackageFrameworks -F/Users/emreerdener/Library/Developer/Xcode/DerivedData/Merian-bsmebnfnhwnbdncricvwvveooidw/Build/Products/Debug-iphoneos/PackageFrameworks -F/Users/emreerdener/Library/Developer/Xcode/DerivedData/Merian-bsmebnfnhwnbdncricvwvveooidw/Build/Products/Debug-iphoneos/PackageFrameworks -F/Users/emreerdener/Library/Developer/Xcode/DerivedData/Merian-bsmebnfnhwnbdncricvwvveooidw/Build/Products/Debug-iphoneos/PackageFrameworks -F/Users/emreerdener/Library/Developer/Xcode/DerivedData/Merian-bsmebnfnhwnbdncricvwvveooidw/Build/Products/Debug-iphoneos/PackageFrameworks -F/Users/emreerdener/Library/Developer/Xcode/DerivedData/Merian-bsmebnfnhwnbdncricvwvveooidw/Build/Products/Debug-iphoneos/PackageFrameworks -F/Users/emreerdener/Library/Developer/Xcode/DerivedData/Merian-bsmebnfnhwnbdncricvwvveooidw/Build/Products/Debug-iphoneos/PackageFrameworks -F/Users/emreerdener/Library/Developer/Xcode/DerivedData/Merian-bsmebnfnhwnbdncricvwvveooidw/Build/Products/Debug-iphoneos/PackageFrameworks -F/Users/emreerdener/Library/Developer/Xcode/DerivedData/Merian-bsmebnfnhwnbdncricvwvveooidw/Build/Products/Debug-iphoneos/PackageFrameworks -F/Users/emreerdener/Library/Developer/Xcode/DerivedData/Merian-bsmebnfnhwnbdncricvwvveooidw/Build/Products/Debug-iphoneos/PackageFrameworks -F/Users/emreerdener/Library/Developer/Xcode/DerivedData/Merian-bsmebnfnhwnbdncricvwvveooidw/Build/Products/Debug-iphoneos/PackageFrameworks -F/Users/emreerdener/Library/Developer/Xcode/DerivedData/Merian-bsmebnfnhwnbdncricvwvveooidw/Build/Products/Debug-iphoneos/PackageFrameworks -F/Users/emreerdener/Library/Developer/Xcode/DerivedData/Merian-bsmebnfnhwnbdncricvwvveooidw/Build/Products/Debug-iphoneos/PackageFrameworks -F/Users/emreerdener/Library/Developer/Xcode/DerivedData/Merian-bsmebnfnhwnbdncricvwvveooidw/Build/Products/Debug-iphoneos/PackageFrameworks -F/Users/emreerdener/Library/Developer/Xcode/DerivedData/Merian-bsmebnfnhwnbdncricvwvveooidw/Build/Products/Debug-iphoneos/PackageFrameworks -F/Users/emreerdener/Library/Developer/Xcode/DerivedData/Merian-bsmebnfnhwnbdncricvwvveooidw/Build/Products/Debug-iphoneos/PackageFrameworks -F/Users/emreerdener/Library/Developer/Xcode/DerivedData/Merian-bsmebnfnhwnbdncricvwvveooidw/Build/Products/Debug-iphoneos/PackageFrameworks -F/Users/emreerdener/Library/Developer/Xcode/DerivedData/Merian-bsmebnfnhwnbdncricvwvveooidw/Build/Products/Debug-iphoneos -filelist /Users/emreerdener/Library/Developer/Xcode/DerivedData/Merian-bsmebnfnhwnbdncricvwvveooidw/Build/Intermediates.noindex/Merian.build/Debug-iphoneos/Merian.build/Objects-normal/arm64/Merian.LinkFileList -install_name @rpath/Merian.debug.dylib -Xlinker -rpath -Xlinker /usr/lib/swift -Xlinker -rpath -Xlinker /Users/emreerdener/Library/Developer/Xcode/DerivedData/Merian-bsmebnfnhwnbdncricvwvveooidw/Build/Products/Debug-iphoneos/PackageFrameworks -Xlinker -rpath -Xlinker @executable_path/Frameworks -dead_strip -Xlinker -object_path_lto -Xlinker /Users/emreerdener/Library/Developer/Xcode/DerivedData/Merian-bsmebnfnhwnbdncricvwvveooidw/Build/Intermediates.noindex/Merian.build/Debug-iphoneos/Merian.build/Objects-normal/arm64/Merian_lto.o -rdynamic -Xlinker -no_deduplicate -Xlinker -dependency_info -Xlinker /Users/emreerdener/Library/Developer/Xcode/DerivedData/Merian-bsmebnfnhwnbdncricvwvveooidw/Build/Intermediates.noindex/Merian.build/Debug-iphoneos/Merian.build/Objects-normal/arm64/Merian_dependency_info.dat -fobjc-link-runtime -L/Applications/Xcode.app/Contents/Developer/Toolchains/XcodeDefault.xctoolchain/usr/lib/swift/iphoneos -L/usr/lib/swift -Xlinker -add_ast_path -Xlinker /Users/emreerdener/Library/Developer/Xcode/DerivedData/Merian-bsmebnfnhwnbdncricvwvveooidw/Build/Intermediates.noindex/Merian.build/Debug-iphoneos/Merian.build/Objects-normal/arm64/Merian.swiftmodule @/Users/emreerdener/Library/Developer/Xcode/DerivedData/Merian-bsmebnfnhwnbdncricvwvveooidw/Build/Intermediates.noindex/Merian.build/Debug-iphoneos/Merian.build/Objects-normal/arm64/Merian-linker-args.resp -Wl,-no_warn_duplicate_libraries -lc++ -Wl,-no_warn_duplicate_libraries -Wl,-no_warn_duplicate_libraries -Wl,-no_warn_duplicate_libraries -Wl,-no_warn_duplicate_libraries -Wl,-no_warn_duplicate_libraries -Wl,-no_warn_duplicate_libraries -Wl,-no_warn_duplicate_libraries -Wl,-no_warn_duplicate_libraries -Wl,-no_warn_duplicate_libraries -Wl,-no_warn_duplicate_libraries -Wl,-no_warn_duplicate_libraries -Wl,-no_warn_duplicate_libraries -Wl,-no_warn_duplicate_libraries -Wl,-no_warn_duplicate_libraries -Wl,-no_warn_duplicate_libraries -Wl,-no_warn_duplicate_libraries -Wl,-no_warn_duplicate_libraries -Wl,-no_warn_duplicate_libraries -Wl,-no_warn_duplicate_libraries -Wl,-no_warn_duplicate_libraries -Wl,-no_warn_duplicate_libraries -Wl,-no_warn_duplicate_libraries -Wl,-no_warn_duplicate_libraries -Wl,-no_warn_duplicate_libraries -Wl,-no_warn_duplicate_libraries -Wl,-no_warn_duplicate_libraries -Wl,-no_warn_duplicate_libraries -Wl,-no_warn_duplicate_libraries -Wl,-no_warn_duplicate_libraries -framework CoreGraphics -framework CoreText -framework Foundation -framework LocalAuthentication -framework Security -framework UIKit -framework Security -framework DeviceCheck -framework Foundation -Xlinker -alias -Xlinker _main -Xlinker ___debug_main_executable_dylib_entry_point -framework RiveRuntime -Xlinker -no_adhoc_codesign -o /Users/emreerdener/Library/Developer/Xcode/DerivedData/Merian-bsmebnfnhwnbdncricvwvveooidw/Build/Products/Debug-iphoneos/Merian.app/Merian.debug.dylib -Xlinker -add_ast_path -Xlinker /Users/emreerdener/Library/Developer/Xcode/DerivedData/Merian-bsmebnfnhwnbdncricvwvveooidw/Build/Intermediates.noindex/RevenueCat.build/Debug-iphoneos/RevenueCat.build/Objects-normal/arm64/RevenueCat.swiftmodule @/Users/emreerdener/Library/Developer/Xcode/DerivedData/Merian-bsmebnfnhwnbdncricvwvveooidw/Build/Intermediates.noindex/RevenueCat.build/Debug-iphoneos/RevenueCat.build/Objects-normal/arm64/RevenueCat-linker-args.resp -Xlinker -add_ast_path -Xlinker /Users/emreerdener/Library/Developer/Xcode/DerivedData/Merian-bsmebnfnhwnbdncricvwvveooidw/Build/Intermediates.noindex/PostHog.build/Debug-iphoneos/PostHog.build/Objects-normal/arm64/PostHog.swiftmodule @/Users/emreerdener/Library/Developer/Xcode/DerivedData/Merian-bsmebnfnhwnbdncricvwvveooidw/Build/Intermediates.noindex/PostHog.build/Debug-iphoneos/PostHog.build/Objects-normal/arm64/PostHog-linker-args.resp -Xlinker -add_ast_path -Xlinker /Users/emreerdener/Library/Developer/Xcode/DerivedData/Merian-bsmebnfnhwnbdncricvwvveooidw/Build/Intermediates.noindex/Supabase.build/Debug-iphoneos/Supabase.build/Objects-normal/arm64/Supabase.swiftmodule @/Users/emreerdener/Library/Developer/Xcode/DerivedData/Merian-bsmebnfnhwnbdncricvwvveooidw/Build/Intermediates.noindex/Supabase.build/Debug-iphoneos/Supabase.build/Objects-normal/arm64/Supabase-linker-args.resp -Xlinker -add_ast_path -Xlinker /Users/emreerdener/Library/Developer/Xcode/DerivedData/Merian-bsmebnfnhwnbdncricvwvveooidw/Build/Intermediates.noindex/Supabase.build/Debug-iphoneos/Functions.build/Objects-normal/arm64/Functions.swiftmodule @/Users/emreerdener/Library/Developer/Xcode/DerivedData/Merian-bsmebnfnhwnbdncricvwvveooidw/Build/Intermediates.noindex/Supabase.build/Debug-iphoneos/Functions.build/Objects-normal/arm64/Functions-linker-args.resp -Xlinker -add_ast_path -Xlinker /Users/emreerdener/Library/Developer/Xcode/DerivedData/Merian-bsmebnfnhwnbdncricvwvveooidw/Build/Intermediates.noindex/Supabase.build/Debug-iphoneos/PostgREST.build/Objects-normal/arm64/PostgREST.swiftmodule @/Users/emreerdener/Library/Developer/Xcode/DerivedData/Merian-bsmebnfnhwnbdncricvwvveooidw/Build/Intermediates.noindex/Supabase.build/Debug-iphoneos/PostgREST.build/Objects-normal/arm64/PostgREST-linker-args.resp -Xlinker -add_ast_path -Xlinker /Users/emreerdener/Library/Developer/Xcode/DerivedData/Merian-bsmebnfnhwnbdncricvwvveooidw/Build/Intermediates.noindex/Supabase.build/Debug-iphoneos/Auth.build/Objects-normal/arm64/Auth.swiftmodule @/Users/emreerdener/Library/Developer/Xcode/DerivedData/Merian-bsmebnfnhwnbdncricvwvveooidw/Build/Intermediates.noindex/Supabase.build/Debug-iphoneos/Auth.build/Objects-normal/arm64/Auth-linker-args.resp -Xlinker -add_ast_path -Xlinker /Users/emreerdener/Library/Developer/Xcode/DerivedData/Merian-bsmebnfnhwnbdncricvwvveooidw/Build/Intermediates.noindex/Supabase.build/Debug-iphoneos/Realtime.build/Objects-normal/arm64/Realtime.swiftmodule @/Users/emreerdener/Library/Developer/Xcode/DerivedData/Merian-bsmebnfnhwnbdncricvwvveooidw/Build/Intermediates.noindex/Supabase.build/Debug-iphoneos/Realtime.build/Objects-normal/arm64/Realtime-linker-args.resp -Xlinker -add_ast_path -Xlinker /Users/emreerdener/Library/Developer/Xcode/DerivedData/Merian-bsmebnfnhwnbdncricvwvveooidw/Build/Intermediates.noindex/Supabase.build/Debug-iphoneos/Storage.build/Objects-normal/arm64/Storage.swiftmodule @/Users/emreerdener/Library/Developer/Xcode/DerivedData/Merian-bsmebnfnhwnbdncricvwvveooidw/Build/Intermediates.noindex/Supabase.build/Debug-iphoneos/Storage.build/Objects-normal/arm64/Storage-linker-args.resp -Xlinker -add_ast_path -Xlinker /Users/emreerdener/Library/Developer/Xcode/DerivedData/Merian-bsmebnfnhwnbdncricvwvveooidw/Build/Intermediates.noindex/swift-concurrency-extras.build/Debug-iphoneos/ConcurrencyExtras.build/Objects-normal/arm64/ConcurrencyExtras.swiftmodule @/Users/emreerdener/Library/Developer/Xcode/DerivedData/Merian-bsmebnfnhwnbdncricvwvveooidw/Build/Intermediates.noindex/swift-concurrency-extras.build/Debug-iphoneos/ConcurrencyExtras.build/Objects-normal/arm64/ConcurrencyExtras-linker-args.resp -Xlinker -add_ast_path -Xlinker /Users/emreerdener/Library/Developer/Xcode/DerivedData/Merian-bsmebnfnhwnbdncricvwvveooidw/Build/Intermediates.noindex/swift-http-types.build/Debug-iphoneos/HTTPTypes.build/Objects-normal/arm64/HTTPTypes.swiftmodule @/Users/emreerdener/Library/Developer/Xcode/DerivedData/Merian-bsmebnfnhwnbdncricvwvveooidw/Build/Intermediates.noindex/swift-http-types.build/Debug-iphoneos/HTTPTypes.build/Objects-normal/arm64/HTTPTypes-linker-args.resp -Xlinker -add_ast_path -Xlinker /Users/emreerdener/Library/Developer/Xcode/DerivedData/Merian-bsmebnfnhwnbdncricvwvveooidw/Build/Intermediates.noindex/swift-clocks.build/Debug-iphoneos/Clocks.build/Objects-normal/arm64/Clocks.swiftmodule @/Users/emreerdener/Library/Developer/Xcode/DerivedData/Merian-bsmebnfnhwnbdncricvwvveooidw/Build/Intermediates.noindex/swift-clocks.build/Debug-iphoneos/Clocks.build/Objects-normal/arm64/Clocks-linker-args.resp -Xlinker -add_ast_path -Xlinker /Users/emreerdener/Library/Developer/Xcode/DerivedData/Merian-bsmebnfnhwnbdncricvwvveooidw/Build/Intermediates.noindex/xctest-dynamic-overlay.build/Debug-iphoneos/IssueReporting.build/Objects-normal/arm64/IssueReporting.swiftmodule @/Users/emreerdener/Library/Developer/Xcode/DerivedData/Merian-bsmebnfnhwnbdncricvwvveooidw/Build/Intermediates.noindex/xctest-dynamic-overlay.build/Debug-iphoneos/IssueReporting.build/Objects-normal/arm64/IssueReporting-linker-args.resp -Xlinker -add_ast_path -Xlinker /Users/emreerdener/Library/Developer/Xcode/DerivedData/Merian-bsmebnfnhwnbdncricvwvveooidw/Build/Intermediates.noindex/xctest-dynamic-overlay.build/Debug-iphoneos/IssueReportingPackageSupport.build/Objects-normal/arm64/IssueReportingPackageSupport.swiftmodule @/Users/emreerdener/Library/Developer/Xcode/DerivedData/Merian-bsmebnfnhwnbdncricvwvveooidw/Build/Intermediates.noindex/xctest-dynamic-overlay.build/Debug-iphoneos/IssueReportingPackageSupport.build/Objects-normal/arm64/IssueReportingPackageSupport-linker-args.resp -Xlinker -add_ast_path -Xlinker /Users/emreerdener/Library/Developer/Xcode/DerivedData/Merian-bsmebnfnhwnbdncricvwvveooidw/Build/Intermediates.noindex/xctest-dynamic-overlay.build/Debug-iphoneos/XCTestDynamicOverlay.build/Objects-normal/arm64/XCTestDynamicOverlay.swiftmodule @/Users/emreerdener/Library/Developer/Xcode/DerivedData/Merian-bsmebnfnhwnbdncricvwvveooidw/Build/Intermediates.noindex/xctest-dynamic-overlay.build/Debug-iphoneos/XCTestDynamicOverlay.build/Objects-normal/arm64/XCTestDynamicOverlay-linker-args.resp -Xlinker -add_ast_path -Xlinker /Users/emreerdener/Library/Developer/Xcode/DerivedData/Merian-bsmebnfnhwnbdncricvwvveooidw/Build/Intermediates.noindex/Supabase.build/Debug-iphoneos/Helpers.build/Objects-normal/arm64/Helpers.swiftmodule @/Users/emreerdener/Library/Developer/Xcode/DerivedData/Merian-bsmebnfnhwnbdncricvwvveooidw/Build/Intermediates.noindex/Supabase.build/Debug-iphoneos/Helpers.build/Objects-normal/arm64/Helpers-linker-args.resp -Xlinker -add_ast_path -Xlinker /Users/emreerdener/Library/Developer/Xcode/DerivedData/Merian-bsmebnfnhwnbdncricvwvveooidw/Build/Intermediates.noindex/swift-crypto.build/Debug-iphoneos/Crypto.build/Objects-normal/arm64/Crypto.swiftmodule @/Users/emreerdener/Library/Developer/Xcode/DerivedData/Merian-bsmebnfnhwnbdncricvwvveooidw/Build/Intermediates.noindex/swift-crypto.build/Debug-iphoneos/Crypto.build/Objects-normal/arm64/Crypto-linker-args.resp -Xlinker -add_ast_path -Xlinker /Users/emreerdener/Library/Developer/Xcode/DerivedData/Merian-bsmebnfnhwnbdncricvwvveooidw/Build/Intermediates.noindex/TelemetryClient.build/Debug-iphoneos/TelemetryClient.build/Objects-normal/arm64/TelemetryClient.swiftmodule @/Users/emreerdener/Library/Developer/Xcode/DerivedData/Merian-bsmebnfnhwnbdncricvwvveooidw/Build/Intermediates.noindex/TelemetryClient.build/Debug-iphoneos/TelemetryClient.build/Objects-normal/arm64/TelemetryClient-linker-args.resp -Xlinker -add_ast_path -Xlinker /Users/emreerdener/Library/Developer/Xcode/DerivedData/Merian-bsmebnfnhwnbdncricvwvveooidw/Build/Intermediates.noindex/GTMAppAuth.build/Debug-iphoneos/GTMAppAuth.build/Objects-normal/arm64/GTMAppAuth.swiftmodule @/Users/emreerdener/Library/Developer/Xcode/DerivedData/Merian-bsmebnfnhwnbdncricvwvveooidw/Build/Intermediates.noindex/GTMAppAuth.build/Debug-iphoneos/GTMAppAuth.build/Objects-normal/arm64/GTMAppAuth-linker-args.resp

ConstructStubExecutorLinkFileList /Users/emreerdener/Library/Developer/Xcode/DerivedData/Merian-bsmebnfnhwnbdncricvwvveooidw/Build/Intermediates.noindex/Merian.build/Debug-iphoneos/Merian.build/Merian-ExecutorLinkFileList-normal-arm64.txt (in target 'Merian' from project 'Merian')
    cd /Users/emreerdener/Developer/merian
    construct-stub-executor-link-file-list /Users/emreerdener/Library/Developer/Xcode/DerivedData/Merian-bsmebnfnhwnbdncricvwvveooidw/Build/Products/Debug-iphoneos/Merian.app/Merian.debug.dylib /Applications/Xcode.app/Contents/Developer/Platforms/iPhoneOS.platform/Developer/usr/lib/libPreviewsJITStubExecutor_no_swift_entry_point.a /Applications/Xcode.app/Contents/Developer/Platforms/iPhoneOS.platform/Developer/usr/lib/libPreviewsJITStubExecutor.a --output /Users/emreerdener/Library/Developer/Xcode/DerivedData/Merian-bsmebnfnhwnbdncricvwvveooidw/Build/Intermediates.noindex/Merian.build/Debug-iphoneos/Merian.build/Merian-ExecutorLinkFileList-normal-arm64.txt
note: Using stub executor library with Swift entry point. (in target 'Merian' from project 'Merian')

Ld /Users/emreerdener/Library/Developer/Xcode/DerivedData/Merian-bsmebnfnhwnbdncricvwvveooidw/Build/Products/Debug-iphoneos/Merian.app/Merian normal (in target 'Merian' from project 'Merian')
    cd /Users/emreerdener/Developer/merian
    /Applications/Xcode.app/Contents/Developer/Toolchains/XcodeDefault.xctoolchain/usr/bin/clang -Xlinker -reproducible -target arm64-apple-ios17.2 -isysroot /Applications/Xcode.app/Contents/Developer/Platforms/iPhoneOS.platform/Developer/SDKs/iPhoneOS26.2.sdk -O0 -L/Users/emreerdener/Library/Developer/Xcode/DerivedData/Merian-bsmebnfnhwnbdncricvwvveooidw/Build/Products/Debug-iphoneos -F/Users/emreerdener/Library/Developer/Xcode/DerivedData/Merian-bsmebnfnhwnbdncricvwvveooidw/Build/Products/Debug-iphoneos/PackageFrameworks -F/Users/emreerdener/Library/Developer/Xcode/DerivedData/Merian-bsmebnfnhwnbdncricvwvveooidw/Build/Products/Debug-iphoneos/PackageFrameworks -F/Users/emreerdener/Library/Developer/Xcode/DerivedData/Merian-bsmebnfnhwnbdncricvwvveooidw/Build/Products/Debug-iphoneos/PackageFrameworks -F/Users/emreerdener/Library/Developer/Xcode/DerivedData/Merian-bsmebnfnhwnbdncricvwvveooidw/Build/Products/Debug-iphoneos/PackageFrameworks -F/Users/emreerdener/Library/Developer/Xcode/DerivedData/Merian-bsmebnfnhwnbdncricvwvveooidw/Build/Products/Debug-iphoneos/PackageFrameworks -F/Users/emreerdener/Library/Developer/Xcode/DerivedData/Merian-bsmebnfnhwnbdncricvwvveooidw/Build/Products/Debug-iphoneos/PackageFrameworks -F/Users/emreerdener/Library/Developer/Xcode/DerivedData/Merian-bsmebnfnhwnbdncricvwvveooidw/Build/Products/Debug-iphoneos/PackageFrameworks -F/Users/emreerdener/Library/Developer/Xcode/DerivedData/Merian-bsmebnfnhwnbdncricvwvveooidw/Build/Products/Debug-iphoneos/PackageFrameworks -F/Users/emreerdener/Library/Developer/Xcode/DerivedData/Merian-bsmebnfnhwnbdncricvwvveooidw/Build/Products/Debug-iphoneos/PackageFrameworks -F/Users/emreerdener/Library/Developer/Xcode/DerivedData/Merian-bsmebnfnhwnbdncricvwvveooidw/Build/Products/Debug-iphoneos/PackageFrameworks -F/Users/emreerdener/Library/Developer/Xcode/DerivedData/Merian-bsmebnfnhwnbdncricvwvveooidw/Build/Products/Debug-iphoneos/PackageFrameworks -F/Users/emreerdener/Library/Developer/Xcode/DerivedData/Merian-bsmebnfnhwnbdncricvwvveooidw/Build/Products/Debug-iphoneos/PackageFrameworks -F/Users/emreerdener/Library/Developer/Xcode/DerivedData/Merian-bsmebnfnhwnbdncricvwvveooidw/Build/Products/Debug-iphoneos/PackageFrameworks -F/Users/emreerdener/Library/Developer/Xcode/DerivedData/Merian-bsmebnfnhwnbdncricvwvveooidw/Build/Products/Debug-iphoneos/PackageFrameworks -F/Users/emreerdener/Library/Developer/Xcode/DerivedData/Merian-bsmebnfnhwnbdncricvwvveooidw/Build/Products/Debug-iphoneos/PackageFrameworks -F/Users/emreerdener/Library/Developer/Xcode/DerivedData/Merian-bsmebnfnhwnbdncricvwvveooidw/Build/Products/Debug-iphoneos/PackageFrameworks -F/Users/emreerdener/Library/Developer/Xcode/DerivedData/Merian-bsmebnfnhwnbdncricvwvveooidw/Build/Products/Debug-iphoneos/PackageFrameworks -F/Users/emreerdener/Library/Developer/Xcode/DerivedData/Merian-bsmebnfnhwnbdncricvwvveooidw/Build/Products/Debug-iphoneos/PackageFrameworks -F/Users/emreerdener/Library/Developer/Xcode/DerivedData/Merian-bsmebnfnhwnbdncricvwvveooidw/Build/Products/Debug-iphoneos/PackageFrameworks -F/Users/emreerdener/Library/Developer/Xcode/DerivedData/Merian-bsmebnfnhwnbdncricvwvveooidw/Build/Products/Debug-iphoneos/PackageFrameworks -F/Users/emreerdener/Library/Developer/Xcode/DerivedData/Merian-bsmebnfnhwnbdncricvwvveooidw/Build/Products/Debug-iphoneos/PackageFrameworks -F/Users/emreerdener/Library/Developer/Xcode/DerivedData/Merian-bsmebnfnhwnbdncricvwvveooidw/Build/Products/Debug-iphoneos/PackageFrameworks -F/Users/emreerdener/Library/Developer/Xcode/DerivedData/Merian-bsmebnfnhwnbdncricvwvveooidw/Build/Products/Debug-iphoneos/PackageFrameworks -F/Users/emreerdener/Library/Developer/Xcode/DerivedData/Merian-bsmebnfnhwnbdncricvwvveooidw/Build/Products/Debug-iphoneos/PackageFrameworks -F/Users/emreerdener/Library/Developer/Xcode/DerivedData/Merian-bsmebnfnhwnbdncricvwvveooidw/Build/Products/Debug-iphoneos/PackageFrameworks -F/Users/emreerdener/Library/Developer/Xcode/DerivedData/Merian-bsmebnfnhwnbdncricvwvveooidw/Build/Products/Debug-iphoneos/PackageFrameworks -F/Users/emreerdener/Library/Developer/Xcode/DerivedData/Merian-bsmebnfnhwnbdncricvwvveooidw/Build/Products/Debug-iphoneos/PackageFrameworks -F/Users/emreerdener/Library/Developer/Xcode/DerivedData/Merian-bsmebnfnhwnbdncricvwvveooidw/Build/Products/Debug-iphoneos/PackageFrameworks -F/Users/emreerdener/Library/Developer/Xcode/DerivedData/Merian-bsmebnfnhwnbdncricvwvveooidw/Build/Products/Debug-iphoneos/PackageFrameworks -F/Users/emreerdener/Library/Developer/Xcode/DerivedData/Merian-bsmebnfnhwnbdncricvwvveooidw/Build/Products/Debug-iphoneos/PackageFrameworks -F/Users/emreerdener/Library/Developer/Xcode/DerivedData/Merian-bsmebnfnhwnbdncricvwvveooidw/Build/Products/Debug-iphoneos -Xlinker -rpath -Xlinker @executable_path -Xlinker -rpath -Xlinker /Users/emreerdener/Library/Developer/Xcode/DerivedData/Merian-bsmebnfnhwnbdncricvwvveooidw/Build/Products/Debug-iphoneos/PackageFrameworks -Xlinker -rpath -Xlinker @executable_path/Frameworks -rdynamic -Xlinker -no_deduplicate -e ___debug_blank_executor_main -Xlinker -sectcreate -Xlinker __TEXT -Xlinker __debug_dylib -Xlinker /Users/emreerdener/Library/Developer/Xcode/DerivedData/Merian-bsmebnfnhwnbdncricvwvveooidw/Build/Intermediates.noindex/Merian.build/Debug-iphoneos/Merian.build/Merian-DebugDylibPath-normal-arm64.txt -Xlinker -sectcreate -Xlinker __TEXT -Xlinker __debug_instlnm -Xlinker /Users/emreerdener/Library/Developer/Xcode/DerivedData/Merian-bsmebnfnhwnbdncricvwvveooidw/Build/Intermediates.noindex/Merian.build/Debug-iphoneos/Merian.build/Merian-DebugDylibInstallName-normal-arm64.txt -Xlinker -filelist -Xlinker /Users/emreerdener/Library/Developer/Xcode/DerivedData/Merian-bsmebnfnhwnbdncricvwvveooidw/Build/Intermediates.noindex/Merian.build/Debug-iphoneos/Merian.build/Merian-ExecutorLinkFileList-normal-arm64.txt /Users/emreerdener/Library/Developer/Xcode/DerivedData/Merian-bsmebnfnhwnbdncricvwvveooidw/Build/Products/Debug-iphoneos/Merian.app/Merian.debug.dylib -Xlinker -no_adhoc_codesign -o /Users/emreerdener/Library/Developer/Xcode/DerivedData/Merian-bsmebnfnhwnbdncricvwvveooidw/Build/Products/Debug-iphoneos/Merian.app/Merian

ExtractAppIntentsMetadata (in target 'Merian' from project 'Merian')
    cd /Users/emreerdener/Developer/merian
    /Applications/Xcode.app/Contents/Developer/Toolchains/XcodeDefault.xctoolchain/usr/bin/appintentsmetadataprocessor --toolchain-dir /Applications/Xcode.app/Contents/Developer/Toolchains/XcodeDefault.xctoolchain --module-name Merian --sdk-root /Applications/Xcode.app/Contents/Developer/Platforms/iPhoneOS.platform/Developer/SDKs/iPhoneOS26.2.sdk --xcode-version 17C529 --platform-family iOS --deployment-target 17.2 --bundle-identifier app.merian.Merian --output /Users/emreerdener/Library/Developer/Xcode/DerivedData/Merian-bsmebnfnhwnbdncricvwvveooidw/Build/Products/Debug-iphoneos/Merian.app --target-triple arm64-apple-ios17.2 --binary-file /Users/emreerdener/Library/Developer/Xcode/DerivedData/Merian-bsmebnfnhwnbdncricvwvveooidw/Build/Products/Debug-iphoneos/Merian.app/Merian --dependency-file /Users/emreerdener/Library/Developer/Xcode/DerivedData/Merian-bsmebnfnhwnbdncricvwvveooidw/Build/Intermediates.noindex/Merian.build/Debug-iphoneos/Merian.build/Objects-normal/arm64/Merian_dependency_info.dat --stringsdata-file /Users/emreerdener/Library/Developer/Xcode/DerivedData/Merian-bsmebnfnhwnbdncricvwvveooidw/Build/Intermediates.noindex/Merian.build/Debug-iphoneos/Merian.build/Objects-normal/arm64/ExtractedAppShortcutsMetadata.stringsdata --source-file-list /Users/emreerdener/Library/Developer/Xcode/DerivedData/Merian-bsmebnfnhwnbdncricvwvveooidw/Build/Intermediates.noindex/Merian.build/Debug-iphoneos/Merian.build/Objects-normal/arm64/Merian.SwiftFileList --metadata-file-list /Users/emreerdener/Library/Developer/Xcode/DerivedData/Merian-bsmebnfnhwnbdncricvwvveooidw/Build/Intermediates.noindex/Merian.build/Debug-iphoneos/Merian.build/Merian.DependencyMetadataFileList --static-metadata-file-list /Users/emreerdener/Library/Developer/Xcode/DerivedData/Merian-bsmebnfnhwnbdncricvwvveooidw/Build/Intermediates.noindex/Merian.build/Debug-iphoneos/Merian.build/Merian.DependencyStaticMetadataFileList --swift-const-vals-list /Users/emreerdener/Library/Developer/Xcode/DerivedData/Merian-bsmebnfnhwnbdncricvwvveooidw/Build/Intermediates.noindex/Merian.build/Debug-iphoneos/Merian.build/Objects-normal/arm64/Merian.SwiftConstValuesFileList --compile-time-extraction --deployment-aware-processing --validate-assistant-intents --no-app-shortcuts-localization
2026-03-15 23:30:18.328 appintentsmetadataprocessor[67211:24177274] Starting appintentsmetadataprocessor export
2026-03-15 23:30:18.460 appintentsmetadataprocessor[67211:24177274] Writing Metadata.appintents
2026-03-15 23:30:18.460 appintentsmetadataprocessor[67211:24177274] Metadata root: /Users/emreerdener/Library/Developer/Xcode/DerivedData/Merian-bsmebnfnhwnbdncricvwvveooidw/Build/Products/Debug-iphoneos/Merian.app/Metadata.appintents

CopySwiftLibs /Users/emreerdener/Library/Developer/Xcode/DerivedData/Merian-bsmebnfnhwnbdncricvwvveooidw/Build/Products/Debug-iphoneos/Merian.app (in target 'Merian' from project 'Merian')
    cd /Users/emreerdener/Developer/merian
    builtin-swiftStdLibTool --copy --verbose --sign 4631E24CDB32C73A868ADF1C108549410ADA7201 --scan-executable /Users/emreerdener/Library/Developer/Xcode/DerivedData/Merian-bsmebnfnhwnbdncricvwvveooidw/Build/Products/Debug-iphoneos/Merian.app/Merian.debug.dylib --scan-folder /Users/emreerdener/Library/Developer/Xcode/DerivedData/Merian-bsmebnfnhwnbdncricvwvveooidw/Build/Products/Debug-iphoneos/Merian.app/Frameworks --scan-folder /Users/emreerdener/Library/Developer/Xcode/DerivedData/Merian-bsmebnfnhwnbdncricvwvveooidw/Build/Products/Debug-iphoneos/Merian.app/PlugIns --scan-folder /Users/emreerdener/Library/Developer/Xcode/DerivedData/Merian-bsmebnfnhwnbdncricvwvveooidw/Build/Products/Debug-iphoneos/Merian.app/SystemExtensions --scan-folder /Users/emreerdener/Library/Developer/Xcode/DerivedData/Merian-bsmebnfnhwnbdncricvwvveooidw/Build/Products/Debug-iphoneos/Merian.app/Extensions --platform iphoneos --toolchain /Applications/Xcode.app/Contents/Developer/Toolchains/XcodeDefault.xctoolchain --destination /Users/emreerdener/Library/Developer/Xcode/DerivedData/Merian-bsmebnfnhwnbdncricvwvveooidw/Build/Products/Debug-iphoneos/Merian.app/Frameworks --strip-bitcode --strip-bitcode-tool /Applications/Xcode.app/Contents/Developer/Toolchains/XcodeDefault.xctoolchain/usr/bin/bitcode_strip --emit-dependency-info /Users/emreerdener/Library/Developer/Xcode/DerivedData/Merian-bsmebnfnhwnbdncricvwvveooidw/Build/Intermediates.noindex/Merian.build/Debug-iphoneos/Merian.build/SwiftStdLibToolInputDependencies.dep --filter-for-swift-os --back-deploy-swift-span

CodeSign /Users/emreerdener/Library/Developer/Xcode/DerivedData/Merian-bsmebnfnhwnbdncricvwvveooidw/Build/Products/Debug-iphoneos/Merian.app/Merian.debug.dylib (in target 'Merian' from project 'Merian')
    cd /Users/emreerdener/Developer/merian
    
    Signing Identity:     "Apple Development: EMRE WILLIAM ERDENER (LDL96V2WT5)"
    Provisioning Profile: "iOS Team Provisioning Profile: app.merian.Merian"
                          (b3d442f5-3852-488a-bec1-f098309c9188)
    
    /usr/bin/codesign --force --sign 4631E24CDB32C73A868ADF1C108549410ADA7201 --timestamp\=none --generate-entitlement-der /Users/emreerdener/Library/Developer/Xcode/DerivedData/Merian-bsmebnfnhwnbdncricvwvveooidw/Build/Products/Debug-iphoneos/Merian.app/Merian.debug.dylib

CodeSign /Users/emreerdener/Library/Developer/Xcode/DerivedData/Merian-bsmebnfnhwnbdncricvwvveooidw/Build/Products/Debug-iphoneos/Merian.app/__preview.dylib (in target 'Merian' from project 'Merian')
    cd /Users/emreerdener/Developer/merian
    
    Signing Identity:     "Apple Development: EMRE WILLIAM ERDENER (LDL96V2WT5)"
    Provisioning Profile: "iOS Team Provisioning Profile: app.merian.Merian"
                          (b3d442f5-3852-488a-bec1-f098309c9188)
    
    /usr/bin/codesign --force --sign 4631E24CDB32C73A868ADF1C108549410ADA7201 --timestamp\=none --generate-entitlement-der /Users/emreerdener/Library/Developer/Xcode/DerivedData/Merian-bsmebnfnhwnbdncricvwvveooidw/Build/Products/Debug-iphoneos/Merian.app/__preview.dylib
/Users/emreerdener/Library/Developer/Xcode/DerivedData/Merian-bsmebnfnhwnbdncricvwvveooidw/Build/Products/Debug-iphoneos/Merian.app/__preview.dylib: replacing existing signature

CodeSign /Users/emreerdener/Library/Developer/Xcode/DerivedData/Merian-bsmebnfnhwnbdncricvwvveooidw/Build/Products/Debug-iphoneos/Merian.app (in target 'Merian' from project 'Merian')
    cd /Users/emreerdener/Developer/merian
    
    Signing Identity:     "Apple Development: EMRE WILLIAM ERDENER (LDL96V2WT5)"
    Provisioning Profile: "iOS Team Provisioning Profile: app.merian.Merian"
                          (b3d442f5-3852-488a-bec1-f098309c9188)
    
    /usr/bin/codesign --force --sign 4631E24CDB32C73A868ADF1C108549410ADA7201 --entitlements /Users/emreerdener/Library/Developer/Xcode/DerivedData/Merian-bsmebnfnhwnbdncricvwvveooidw/Build/Intermediates.noindex/Merian.build/Debug-iphoneos/Merian.build/Merian.app.xcent --timestamp\=none --generate-entitlement-der /Users/emreerdener/Library/Developer/Xcode/DerivedData/Merian-bsmebnfnhwnbdncricvwvveooidw/Build/Products/Debug-iphoneos/Merian.app

Validate /Users/emreerdener/Library/Developer/Xcode/DerivedData/Merian-bsmebnfnhwnbdncricvwvveooidw/Build/Products/Debug-iphoneos/Merian.app (in target 'Merian' from project 'Merian')
    cd /Users/emreerdener/Developer/merian
    builtin-validationUtility /Users/emreerdener/Library/Developer/Xcode/DerivedData/Merian-bsmebnfnhwnbdncricvwvveooidw/Build/Products/Debug-iphoneos/Merian.app -shallow-bundle -infoplist-subpath Info.plist

** BUILD SUCCEEDED **

